id,engine,path,extension,bytes,sha256,kind,category,description,risk,has_header,parameters,secret_flags,target
oracle/admin:README.md,oracle/admin,README.md,.md,2588,aee75c74545498db7abd31268e10f92f76cdd0ee5316138fd0b4991dbbc76a61,documentation,utilities,oracle/admin utilities helper: README.,DESTRUCTIVE,True,[],False,README.md
oracle/admin:archive/bundles/cscripts-master.zip,oracle/admin,archive/bundles/cscripts-master.zip,.zip,524168,e60e6f8b40fac5dacf20eee60ab048e655d6a81391344dd72988de78bd9c8213,archive_bundle,bundles,oracle/admin bundles helper: cscripts master.,REVIEW,False,"['A', 'BJ', 'C15HT', 'CB', 'D', 'D41LmUP_', 'E', 'Ex', 'F', 'FCR', 'FEXhz', 'FKob', 'Fu', 'GP', 'H', 'HlH', 'Hm', 'I_', 'J', 'Jd', 'JxS', 'K', 'Km', 'Ku', 'M3', 'MY', 'Mwt', 'N', 'NNr', 'O', 'OO', 'P', 'PD', 'PYSs', 'QT', 'R', 'S', 'T', 'U', 'UD', 'Uan', 'V_', 'W', 'WB', 'WXVt', 'Y', 'Y3', 'Yf1', 'Ymd', '_']",False,archive/bundles/cscripts-master.zip
oracle/admin:archive/bundles/legacy_rman/scriptsRMANCopy.rar,oracle/admin,archive/bundles/legacy_rman/scriptsRMANCopy.rar,.rar,12891,1fb47afdedbec0fd2100d01a0b2f7f6a99dcb6afd9b1d01d663b31e1fa0f5ae1,archive_bundle,bundles,oracle/admin bundles helper: scriptsRMANCopy.,CHANGES,False,"['C', 'CMy', 'IM', 'JUP', 'LkM', 'ORACLE_SID', 'QGj', 'R', 'UofQ', 'YXVS', 'ZM1UE', '_8', '_O', '_PILRc', 'dB', 'kOF', 'mnt', 'pcu', 'r', 's', 'uY', 'x', 'y']",False,archive/bundles/legacy_rman/scriptsRMANCopy.rar
oracle/admin:archive/bundles/performance_report_online_html22.html.gz,oracle/admin,archive/bundles/performance_report_online_html22.html.gz,.gz,26407,f491c8b476fb15298a62190c25eed9e3653e47cb612c0626e8d7b245021c3f81,archive_bundle,bundles,oracle/admin bundles helper: performance report online html22 html.,REVIEW,False,"['B', 'Dz', 'G3C', 'GGu_', 'GSC', 'HGek', 'K', 'K7', 'O', 'R', 'YP', '_', 'bClxbX6', 'b_', 'f', 'g', 'gW', 'gu', 'hBO', 'hBQ', 'hBo', 'hBqB', 'hVV', 'iB', 'iBO', 'iBqB', 'jB', 'jBQ', 'jBo', 'jBqB', 'kB', 'kBO', 'kBQ', 'kC', 'l', 'l7', 'lkBO', 'lkBo', 'lkBqB', 'tv_', 'w', 'xgg']",False,archive/bundles/performance_report_online_html22.html.gz
oracle/admin:archive/bundles/sqldb360-19.4.zip,oracle/admin,archive/bundles/sqldb360-19.4.zip,.zip,861216,9ab85cc1d75805a9e53ed3bd83e469b6c46ab211556e609293111041f93e047c,archive_bundle,bundles,oracle/admin bundles helper: sqldb360 19 4.,REVIEW,False,"['A', 'As', 'BD', 'BE', 'BI', 'Bg1u', 'Bh', 'C', 'D', 'DPn', 'FI', 'Fy', 'G3', 'H', 'H9', 'Ib', 'Ix', 'K', 'KYn', 'L', 'LG', 'LW', 'Li', 'Mi', 'Mk', 'N9CZSl', 'NT_A', 'NV', 'Ng5', 'O', 'OS', 'OZ1', 'Ogn', 'P', 'P8Q', 'Q0XW', 'R', 'S', 'SBx', 'ST', 'T', 'TSzWAA', 'Tr', 'Um', 'Uv', 'V', 'VS', 'W', 'WQ', 'WTXx']",False,archive/bundles/sqldb360-19.4.zip
oracle/admin:archive/bundles/sqlt_10g_11g_12c_18c_19c_5th_June_2020.zip,oracle/admin,archive/bundles/sqlt_10g_11g_12c_18c_19c_5th_June_2020.zip,.zip,948892,89a1c5d4da723551c521532fdc9abacc1b595f47270b17c7ba065ca316ba9d00,archive_bundle,bundles,oracle/admin bundles helper: sqlt 10g 11g 12c 18c 19c 5th June 2020.,REVIEW,False,"['A', 'A2', 'AV', 'Ad', 'Ay', 'Bj', 'Bp', 'C', 'C0', 'C5b', 'CdBpx', 'DUJ', 'Dcn', 'E', 'ER', 'F', 'F1', 'FNwVU', 'FXi5U4', 'Fu', 'G', 'GQ', 'Gx', 'HKa', 'HZ', 'H_', 'HuD', 'I', 'I1Q1Q', 'I8L', 'IJm5N', 'J', 'J0O', 'JP', 'JZ_', 'Jt', 'KVZ', 'Ke', 'L', 'LKRp4', 'LWG', 'LqMG', 'Lt', 'M0', 'NgWs', 'O', 'PGv4', 'Ph', 'Pv', 'Q']",False,archive/bundles/sqlt_10g_11g_12c_18c_19c_5th_June_2020.zip
oracle/admin:archive/review/legacy_rman/scripts/scriptsrmancopy/scripts/scripts/CONTROLFSTB.CTL,oracle/admin,archive/review/legacy_rman/scripts/scriptsrmancopy/scripts/scripts/CONTROLFSTB.CTL,.ctl,1010,abd053c185bcb93a84b576f795913b0c4b1ebad1740228f55ba5f46ebf08bf26,unknown,review,oracle/admin review helper: CONTROLFSTB.,CHANGES,False,['PFILE'],False,archive/review/legacy_rman/scripts/scriptsrmancopy/scripts/scripts/CONTROLFSTB.CTL
oracle/admin:config/init.ora,oracle/admin,config/init.ora,.ora,2472,631e1523ebf7e694d6a1c941795f289c041001d958b057a6b84a214d9bf7bf18,unknown,init.ora,oracle/admin init.ora helper: init.,REVIEW,False,"['PROTOCOL', 'SERVICE']",False,config/init.ora
oracle/admin:config/initdb01Temp.ora,oracle/admin,config/initdb01Temp.ora,.ora,2485,c2660ce620d647aa394b692b447fa6a9beb1100ba22a33ccca9c887a9edf758a,unknown,initdb01temp.ora,oracle/admin initdb01temp.ora helper: initdb01Temp.,REVIEW,False,"['PROTOCOL', 'SERVICE']",False,config/initdb01Temp.ora
oracle/admin:config/legacy_rman/creacbasedba/init.ora,oracle/admin,config/legacy_rman/creacbasedba/init.ora,.ora,2713,6e3b6898e80b8a08e4602c9bb047aa0fb261eac68144a54b5c15fad11451bb08,unknown,legacy_rman,oracle/admin legacy_rman helper: init.,REVIEW,False,"['PROTOCOL', 'SERVICE']",False,config/legacy_rman/creacbasedba/init.ora
oracle/admin:config/legacy_rman/creacbasedba/initdbaTemp.ora,oracle/admin,config/legacy_rman/creacbasedba/initdbaTemp.ora,.ora,2726,5111ef7cfa91fd8f93970b9a17a4bf8c4504ea410de74918f2398ff897027c59,unknown,legacy_rman,oracle/admin legacy_rman helper: initdbaTemp.,REVIEW,False,"['PROTOCOL', 'SERVICE']",False,config/legacy_rman/creacbasedba/initdbaTemp.ora
oracle/admin:config/legacy_rman/scripts/scriptsrmancopy/scripts/scripts/INITcm.ORA,oracle/admin,config/legacy_rman/scripts/scriptsrmancopy/scripts/scripts/INITcm.ORA,.ora,1480,1faee4fb9fbf1f5bde26122b48334e89eb64251a85d31a9c8955524f77811668,unknown,legacy_rman,oracle/admin legacy_rman helper: INITcm.,REVIEW,False,"['LOCATION', 'PROTOCOL', 'SERVICE']",False,config/legacy_rman/scripts/scriptsrmancopy/scripts/scripts/INITcm.ORA
oracle/admin:config/legacy_rman/scripts/scriptsrmancopy/scripts/scripts/INITcmSwitch.ORA,oracle/admin,config/legacy_rman/scripts/scriptsrmancopy/scripts/scripts/INITcmSwitch.ORA,.ora,1477,63259e9e6fae3bd1f5365cd9ae566a7e01e199e4498456413d9ddef24801508d,unknown,legacy_rman,oracle/admin legacy_rman helper: INITcmSwitch.,REVIEW,False,"['LOCATION', 'PROTOCOL', 'SERVICE']",False,config/legacy_rman/scripts/scriptsrmancopy/scripts/scripts/INITcmSwitch.ORA
oracle/admin:config/prod.pfile,oracle/admin,config/prod.pfile,.pfile,941,bb999d0d89d7c977becc6c8c5bfb67acf4995cba5980aa2b0030d99c58b31efc,unknown,prod.pfile,oracle/admin prod.pfile helper: prod.,REVIEW,False,"['PROTOCOL', 'SERVICE']",False,config/prod.pfile
oracle/admin:config/prod_11gR2.pfile,oracle/admin,config/prod_11gR2.pfile,.pfile,1093,9db970779c7c16392fbe7e3e20083ecce8a7ea2a9bbb5e1aa0e12a6ba565aa00,unknown,prod_11gr2.pfile,oracle/admin prod_11gr2.pfile helper: prod 11gR2.,REVIEW,False,"['PROTOCOL', 'SERVICE']",False,config/prod_11gR2.pfile
oracle/admin:config/shell/acs_exp_oci/cfg/oracle.acs.oci.expdp.cfg,oracle/admin,config/shell/acs_exp_oci/cfg/oracle.acs.oci.expdp.cfg,.cfg,1865,4932e393464310a5e56f3111da3bb6325268a0f348d5968e3c98928681327c1e,config,shell,oracle/admin shell helper: oracle acs oci expdp.,REVIEW,False,"['APPL_DIR_HIST', 'APPL_DIR_LOG', 'APPL_DIR_STG', 'APPL_DIR_TMP', 'APPL_DP_EXP_LOG', 'APPL_FILE_MAIN_LOG', 'APPL_FILE_TMP_LOG', 'APPL_PURGE_ENABLED', 'APPL_PURGE_OLD_DMP_HIST', 'APPL_PURGE_OLD_LOGS', 'EXPDP_BIN', 'LD_LIBRARY_PATH', 'OCI_BUCKET_NAME', 'OCI_CLI_PATH', 'OCI_OBJECT_OVER_WRITE', 'OCI_OBJECT_STORAGE_NAMESPACE', 'ORACLE_HOME', 'PATH', 'SEND_EMAIL_NOTIF_ENABLED', 'UPLOAD_DMP_2OCI_ENABLED', 'XV_EMAILSUPPORT']",False,config/shell/acs_exp_oci/cfg/oracle.acs.oci.expdp.cfg
oracle/admin:config/shell/acs_exp_oci/par/dev/exp.par,oracle/admin,config/shell/acs_exp_oci/par/dev/exp.par,.par,144,cce345969a635faba3a9cc04a4a5ce4c5924c3463b3d85118944c1eb712c0d79,config,shell,oracle/admin shell helper: exp.,CONFIG,False,[],False,config/shell/acs_exp_oci/par/dev/exp.par
oracle/admin:config/shell/acs_exp_oci/par/exp_full.par,oracle/admin,config/shell/acs_exp_oci/par/exp_full.par,.par,144,cce345969a635faba3a9cc04a4a5ce4c5924c3463b3d85118944c1eb712c0d79,config,shell,oracle/admin shell helper: exp full.,CONFIG,False,[],False,config/shell/acs_exp_oci/par/exp_full.par
oracle/admin:config/shell/acs_exp_oci/par/exp_full_metadata.par,oracle/admin,config/shell/acs_exp_oci/par/exp_full_metadata.par,.par,183,54290b76dc6cccdd2346a2a3af475d58984cd79102419e2b14a472dd504f0505,config,shell,oracle/admin shell helper: exp full metadata.,CONFIG,False,['REUSE_DUMPFILES'],False,config/shell/acs_exp_oci/par/exp_full_metadata.par
oracle/admin:config/shell/acs_exp_oci/par/exp_schema_metadata.par,oracle/admin,config/shell/acs_exp_oci/par/exp_schema_metadata.par,.par,189,bd9193b6a1cee935a6aaa2876f6b72a14718252172077617926a79653c6c74aa,config,shell,oracle/admin shell helper: exp schema metadata.,CONFIG,False,['REUSE_DUMPFILES'],False,config/shell/acs_exp_oci/par/exp_schema_metadata.par
oracle/admin:config/shell/acs_exp_oci/par/exp_tables.par,oracle/admin,config/shell/acs_exp_oci/par/exp_tables.par,.par,424,6bb70d3d33c470a20bddfac9ee67c84c4e74a71fc4f889480ca00e483f430410,config,shell,oracle/admin shell helper: exp tables.,CONFIG,False,"['PARTITION_20120330', 'QUERY', 'TABLES']",False,config/shell/acs_exp_oci/par/exp_tables.par
oracle/admin:config/shell/acs_exp_oci/par/prod/exp.par,oracle/admin,config/shell/acs_exp_oci/par/prod/exp.par,.par,144,cce345969a635faba3a9cc04a4a5ce4c5924c3463b3d85118944c1eb712c0d79,config,shell,oracle/admin shell helper: exp.,CONFIG,False,[],False,config/shell/acs_exp_oci/par/prod/exp.par
oracle/admin:config/shell/acs_exp_oci/par/qa/exp.par,oracle/admin,config/shell/acs_exp_oci/par/qa/exp.par,.par,144,cce345969a635faba3a9cc04a4a5ce4c5924c3463b3d85118944c1eb712c0d79,config,shell,oracle/admin shell helper: exp.,CONFIG,False,[],False,config/shell/acs_exp_oci/par/qa/exp.par
oracle/admin:config/shell/deploy_management/oracle.db.deploy.cfg,oracle/admin,config/shell/deploy_management/oracle.db.deploy.cfg,.cfg,1350,ad41f640b801c756fc6216dfaf35505076e72af6f74f251f7da5575db1169837,config,shell,oracle/admin shell helper: oracle db deploy.,REVIEW,True,"['BACKUP_COMMAND', 'BKP_DIR', 'CURRENT_USER', 'DB_NAME', 'EXPDP_DIR', 'FROM_EMAIL', 'LD_LIBRARY_PATH', 'LOGFILE', 'LOG_DIR', 'NLS_LANG', 'ORACLE_HOME', 'ORACLE_PATH', 'ORAUSER', 'ORA_NLS10', 'PATH', 'SCHEMAS', 'SEND_EMAIL_NOTIF', 'SQL_DPLY', 'TNS_ADMIN', 'TO_EMAIL', 'VERSIONID_PATTERN']",False,config/shell/deploy_management/oracle.db.deploy.cfg
oracle/admin:config/task_backup.json,oracle/admin,config/task_backup.json,.json,5087,ad7fc2b5a896359b345092521e33f60da195b84f85788ddfca3aa9bd452d6c07,config,task_backup.json,oracle/admin task_backup.json helper: task backup.,CONFIG,False,"['O6LISVPHQITGGC7CHFEAWGSDRE7A345PA73DW3Y', 'V1', 'YLGRJKLYCI25TXTXUSFU5TE6IMUGD6EBSODC5LI', 'ZNV3QH4XM5Z4HU6VPKV4CQF2KWLHTMK3OEXXLQI', 'aws', 'dms', 'endpoint', 'false', 'null', 'rep', 'true', 'us']",False,config/task_backup.json
oracle/admin:config/tnsnames.ora,oracle/admin,config/tnsnames.ora,.ora,68604,f179cad36464eabd7990d8f09ef543b04670b1bce16e99883eb5985ffe9f1b35,unknown,tnsnames.ora,oracle/admin tnsnames.ora helper: tnsnames.,REVIEW,False,[],False,config/tnsnames.ora
oracle/admin:docs/backup_recovery/dataguard/DataGuard.txt,oracle/admin,docs/backup_recovery/dataguard/DataGuard.txt,.txt,8899,05c310acd20c228c9a6baa0a0d904acfa998852a25239369498e05b754fec3d8,documentation,backup_recovery/dataguard,oracle/admin backup_recovery/dataguard helper: DataGuard.,DESTRUCTIVE,False,"['ASYNC', 'DB_UNIQUE_NAME', 'DG_CONFIG', 'FAL_CLIENT', 'FAL_SERVER', 'HOST', 'LOCATION', 'LOG_ARCHIVE_CONFIG', 'LOG_ARCHIVE_DEST_1', 'LOG_ARCHIVE_DEST_2', 'MI', 'ORACLE_SID', 'PORT', 'PROTOCOL', 'REMOTE_LOGIN_PASSWORDFILE', 'SERVICE', 'SS', 'VALID_FOR']",False,docs/backup_recovery/dataguard/DataGuard.txt
oracle/admin:docs/backup_recovery/dataguard/Step by step cambio de puerto scan_listener ambiente dataguard con broker.txt,oracle/admin,docs/backup_recovery/dataguard/Step by step cambio de puerto scan_listener ambiente dataguard con broker.txt,.txt,3849,141c65a6c3f22db4f115ef14f315eb16a9fe4d0d40557226fe08b4d0238cf35d,documentation,backup_recovery/dataguard,oracle/admin backup_recovery/dataguard helper: Step by step cambio de puerto scan listener ambiente dataguard con broker.,CHANGES,False,['STATE'],False,docs/backup_recovery/dataguard/Step by step cambio de puerto scan_listener ambiente dataguard con broker.txt
oracle/admin:docs/backup_recovery/rman/legacy_rman/10gR2_PhysicalStandByWithReal-Time.doc,oracle/admin,docs/backup_recovery/rman/legacy_rman/10gR2_PhysicalStandByWithReal-Time.doc,.doc,58368,85f60d4e331c12fc1a38aec075e1badc69017b68b114a7206a02218ae9a3d89c,documentation,backup_recovery/rman,oracle/admin backup_recovery/rman helper: 10gR2 PhysicalStandByWithReal Time.,DESTRUCTIVE,True,"['B', 'D', 'DB_UNIQUE_NAME', 'DG_CONFIG', 'FAL_CLIENT', 'FAL_SERVER', 'It', 'LOCATION', 'LOG_ARCHIVE_CONFIG', 'LOG_ARCHIVE_DEST_1', 'LOG_ARCHIVE_DEST_2', 'LOG_ARCHIVE_DEST_STATE_1', 'LOG_ARCHIVE_DEST_STATE_2', 'LOG_ARCHIVE_MAX_PROCESSES', 'Linux', 'ORACLE_SID', 'SERVICE', 'STANDBY_ARCHIVE_DEST', 'STANDBY_FILE_MANAGEMENT', 'VALID_FOR', 'X', 'arg1', 'blackframe', 'id', 'type']",False,docs/backup_recovery/rman/legacy_rman/10gR2_PhysicalStandByWithReal-Time.doc
oracle/admin:docs/backup_recovery/rman/legacy_rman/ClonarBaseconRMAN.doc,oracle/admin,docs/backup_recovery/rman/legacy_rman/ClonarBaseconRMAN.doc,.doc,43008,6b57fc3217b2278dcce95a778091216c02577649f5b6fbc9c5b2432d43cfa40a,documentation,backup_recovery/rman,oracle/admin backup_recovery/rman helper: ClonarBaseconRMAN.,DESTRUCTIVE,False,"['DBID', 'ENV', 'OB2BARLIST', 'PFILE', 'PROTOCOL', 'SERVICE']",False,docs/backup_recovery/rman/legacy_rman/ClonarBaseconRMAN.doc
oracle/admin:docs/backup_recovery/rman/legacy_rman/Clonar_Database.pdf,oracle/admin,docs/backup_recovery/rman/legacy_rman/Clonar_Database.pdf,.pdf,84215,cdbab128ae52edfbba69339a6a52685512d91e5df1666a96a4721ccdf997bb1e,documentation,backup_recovery/rman,oracle/admin backup_recovery/rman helper: Clonar Database.,REVIEW,False,"['A', 'CLu', 'CQ_', 'CQo', 'De', 'Description', 'E', 'EAiQ', 'Eb', 'FNz', 'G', 'GH', 'Gz', 'H', 'HoL', 'IE', 'IF', 'J', 'K_X', 'LeUi', 'N', 'Q', 'R', 'RDF', 'S', 'Su', 'TQ', 'V', 'VxAx', 'XG12B', 'XO', 'XiYxzp', 'Y', 'YE', 'Z', 'arg2', 'arg5', 'arg6', 'arg7', 'arg8', 'b', 'e', 'eUpag', 'fs76', 'gV', 'hB', 'j', 'l9w', 'lP1', 'mNDp']",False,docs/backup_recovery/rman/legacy_rman/Clonar_Database.pdf
oracle/admin:docs/backup_recovery/rman/legacy_rman/Comandos.txt,oracle/admin,docs/backup_recovery/rman/legacy_rman/Comandos.txt,.txt,65,810e5ccc06d9c2175f80f87ae90b990bb8897122af5a9a24158aad2f59905bdf,documentation,backup_recovery/rman,oracle/admin backup_recovery/rman helper: Comandos.,CHANGES,False,[],False,docs/backup_recovery/rman/legacy_rman/Comandos.txt
oracle/admin:docs/backup_recovery/rman/legacy_rman/Como configurar una arquitectura de alta disponibilidad con Oracle Standard Edition.doc,oracle/admin,docs/backup_recovery/rman/legacy_rman/Como configurar una arquitectura de alta disponibilidad con Oracle Standard Edition.doc,.doc,33280,95c2e5949ca27673809984e4d493385bca1048aeac4e2275e67a428e00e8dcc7,documentation,backup_recovery/rman,oracle/admin backup_recovery/rman helper: Como configurar una arquitectura de alta disponibilidad con Oracle Standard Edition.,DESTRUCTIVE,False,"['B', 'D', 'DB_FILE_NAME_CONVERT', 'It', 'ORACLE_HOME', 'ORACLE_SID', 'X']",False,docs/backup_recovery/rman/legacy_rman/Como configurar una arquitectura de alta disponibilidad con Oracle Standard Edition.doc
oracle/admin:docs/backup_recovery/rman/legacy_rman/Como montar un Oracle DataGuard con Phisical Standby en Oracle 10g.doc,oracle/admin,docs/backup_recovery/rman/legacy_rman/Como montar un Oracle DataGuard con Phisical Standby en Oracle 10g.doc,.doc,47104,5938a4ed74b4e299c28ee276276ed007a31ec3f796e0904c15e77e5e7f16d709,documentation,backup_recovery/rman,oracle/admin backup_recovery/rman helper: Como montar un Oracle DataGuard con Phisical Standby en Oracle 10g.,DESTRUCTIVE,False,"['B', 'D', 'DB_FILE_NAME_CONVERT', 'DB_UNIQUE_NAME', 'DG_CONFIG', 'FAL_CLIENT', 'FAL_SERVER', 'It', 'LOCATION', 'LOG_ARCHIVE_CONFIG', 'LOG_ARCHIVE_DEST_1', 'LOG_ARCHIVE_DEST_2', 'LOG_ARCHIVE_DEST_STATE_1', 'LOG_ARCHIVE_DEST_STATE_2', 'LOG_ARCHIVE_FORMAT', 'LOG_ARCHIVE_MAX_PROCESSES', 'LOG_FILE_NAME_CONVERT', 'PROTOCOL', 'SCOPE', 'SERVICE', 'STANDBY_ARCHIVE_DEST', 'STANDBY_FILE_MANAGEMENT', 'VALID_FOR', 'X', 'arg1', 'office', 'schemas', 'smarttags']",False,docs/backup_recovery/rman/legacy_rman/Como montar un Oracle DataGuard con Phisical Standby en Oracle 10g.doc
oracle/admin:docs/backup_recovery/rman/legacy_rman/ConsultasSQL.txt,oracle/admin,docs/backup_recovery/rman/legacy_rman/ConsultasSQL.txt,.txt,3138,299aa04637a7ec64f037e626d1903e2b76385a544e09f9ea4cc8f6d19f90b373,documentation,backup_recovery/rman,oracle/admin backup_recovery/rman helper: ConsultasSQL.,READ_ONLY,False,['MI'],False,docs/backup_recovery/rman/legacy_rman/ConsultasSQL.txt
oracle/admin:docs/backup_recovery/rman/legacy_rman/Crear y Configurar un Catálogo RMAN.doc,oracle/admin,docs/backup_recovery/rman/legacy_rman/Crear y Configurar un Catálogo RMAN.doc,.doc,29184,558c61aa4b28f0eb79e12b2ae1666704a01fe276de10acb73d7181a396d19c0a,documentation,backup_recovery/rman,oracle/admin backup_recovery/rman helper: Crear y Configurar un Catálogo RMAN.,DESTRUCTIVE,False,"['ENV', 'TDPO_OPTFILE']",False,docs/backup_recovery/rman/legacy_rman/Crear y Configurar un Catálogo RMAN.doc
oracle/admin:docs/backup_recovery/rman/legacy_rman/Creating Physical Standby using RMAN Duplicate Without Shutting down The Primary.pdf,oracle/admin,docs/backup_recovery/rman/legacy_rman/Creating Physical Standby using RMAN Duplicate Without Shutting down The Primary.pdf,.pdf,143933,88e26952181286d2121a4aff06adb07a87c6acc000f131f02b0c5ef19ec04deb,documentation,backup_recovery/rman,oracle/admin backup_recovery/rman helper: Creating Physical Standby using RMAN Duplicate Without Shutting down The Primary.,REVIEW,False,"['A', 'AQ', 'C6', 'CD', 'C_', 'D', 'DUYC', 'Df', 'Dr', 'E', 'EGtfhfU', 'Es', 'F', 'Fx6d', 'G', 'Gr', 'Ha', 'I', 'IBNN', 'J', 'J9', 'K', 'Kcc', 'L', 'L7uAa', 'M', 'MithH_C', 'N', 'N9', 'O', 'OC1', 'OtW', 'PSV', 'Pe', 'QNl', 'R', 'Rz', 'S', 'SI', 'SJi', 'Sfzi', 'St', 'U', 'UN', 'Uix', 'V', 'V1E', 'V3qkzJ', 'VW', 'VYQ']",False,docs/backup_recovery/rman/legacy_rman/Creating Physical Standby using RMAN Duplicate Without Shutting down The Primary.pdf
oracle/admin:docs/backup_recovery/rman/legacy_rman/Habilitar Archivado de Logs.doc,oracle/admin,docs/backup_recovery/rman/legacy_rman/Habilitar Archivado de Logs.doc,.doc,26112,448c9d7d9555cf5e047df1cf366459b62e96bc79cf88113baf554dc373218280,documentation,backup_recovery/rman,oracle/admin backup_recovery/rman helper: Habilitar Archivado de Logs.,DESTRUCTIVE,False,['LOCATION'],False,docs/backup_recovery/rman/legacy_rman/Habilitar Archivado de Logs.doc
oracle/admin:docs/backup_recovery/rman/legacy_rman/NombreArchivoyTamanChangeTraking.txt,oracle/admin,docs/backup_recovery/rman/legacy_rman/NombreArchivoyTamanChangeTraking.txt,.txt,70,122d22b400b5a4bac31c1a65be403099c1165b3c3f024d8c85ec63c46c53e669,documentation,backup_recovery/rman,oracle/admin backup_recovery/rman helper: NombreArchivoyTamanChangeTraking.,READ_ONLY,False,[],False,docs/backup_recovery/rman/legacy_rman/NombreArchivoyTamanChangeTraking.txt
oracle/admin:docs/backup_recovery/rman/legacy_rman/PasosParaRestaurarBasedesdeRMANenOtroServer.txt,oracle/admin,docs/backup_recovery/rman/legacy_rman/PasosParaRestaurarBasedesdeRMANenOtroServer.txt,.txt,424,4e4dd5afce595b3c450c221aca5838de1aa3b6d81f7a6ed1d7241b6b829ec410,documentation,backup_recovery/rman,oracle/admin backup_recovery/rman helper: PasosParaRestaurarBasedesdeRMANenOtroServer.,DESTRUCTIVE,False,['DBID'],False,docs/backup_recovery/rman/legacy_rman/PasosParaRestaurarBasedesdeRMANenOtroServer.txt
oracle/admin:docs/backup_recovery/rman/legacy_rman/RMAN Incremental Backups.doc,oracle/admin,docs/backup_recovery/rman/legacy_rman/RMAN Incremental Backups.doc,.doc,59904,cf13f6b3f33e17eede682111b2cc1669f25db04d9826b268b349b6697c9e71b1,documentation,backup_recovery/rman,oracle/admin backup_recovery/rman helper: RMAN Incremental Backups.,DESTRUCTIVE,False,"['DY', 'G', 'Hi_', 'J', 'K', 'M', 'NMF', 'Sg', 'VX', 'X', 'XU', 'arg4', 'b9T', 'bzNY', 'h', 'oiC', 'vq8ER']",False,docs/backup_recovery/rman/legacy_rman/RMAN Incremental Backups.doc
oracle/admin:docs/backup_recovery/rman/legacy_rman/RMAN-BlockChangeTracking.doc,oracle/admin,docs/backup_recovery/rman/legacy_rman/RMAN-BlockChangeTracking.doc,.doc,568832,c42fe14a21910a3e58d8d430cd99c595b46f17247da07a8a587455a7ab3130d9,documentation,backup_recovery/rman,oracle/admin backup_recovery/rman helper: RMAN BlockChangeTracking.,REVIEW,False,"['CDEFGHIJSTUVWXYZcdefghijstuvwxyz', 'DE', 'F', 'H', 'HW71Z5gUc', 'HZ', 'Hn5Rilo', 'IQ1', 'K5xm', 'KIK', 'MRo', 'P', 'PA', 'T', 'U', 'USn', 'VUp', 'Vo', 'WS', 'X', '_x2uj', 'a', 'adT', 'adU', 'arg1', 'arg3', 'arg4', 'arg6', 'arg7', 'arg9', 'b', 'bQ6cJ9', 'cXV', 'client', 'done', 'dre', 'egn', 'f2', 'f4Zi7', 'fu', 'hl', 'i', 'iLq', 'lZ', 'lfWFF8', 'ljk', 'n', 'nmYA', 'o', 'u']",False,docs/backup_recovery/rman/legacy_rman/RMAN-BlockChangeTracking.doc
oracle/admin:docs/backup_recovery/rman/legacy_rman/RMAN.PolBackup.pdf,oracle/admin,docs/backup_recovery/rman/legacy_rman/RMAN.PolBackup.pdf,.pdf,12467,5079abe2a86e28b76eb0aee281aea4937859a4da494c094346e21eebf7340237,documentation,backup_recovery/rman,oracle/admin backup_recovery/rman helper: RMAN PolBackup.,REVIEW,False,"['Alt', 'CreateDate', 'CreatorTool', 'Description', 'DocumentID', 'EE', 'I', 'InstanceID', 'J', 'L1', 'ModifyDate', 'Producer', 'RDF', 'S', 'Seq', '_E1', 'about', 'creator', 'dc', 'eefc1229', 'f79d1c82', 'fY', 'format', 'gk', 'k', 'lang', 'li', 'meta', 'ns', 'pdf', 'rdf', 'title', 'xap', 'xapMM', 'xd', 'xmpmeta', 'xmptk', 'zC', 'zf']",False,docs/backup_recovery/rman/legacy_rman/RMAN.PolBackup.pdf
oracle/admin:docs/backup_recovery/rman/legacy_rman/RManIncrementalMerge(forRecover).doc,oracle/admin,docs/backup_recovery/rman/legacy_rman/RManIncrementalMerge(forRecover).doc,.doc,90112,53da07b002d6c3a70b6b7b1933a12e1048a70eb0f71985dd9dc9885c275cea6f,documentation,backup_recovery/rman,oracle/admin backup_recovery/rman helper: RManIncrementalMerge(forRecover).,DESTRUCTIVE,False,"['arg2', 'arg6', 'blackframe', 'id']",False,docs/backup_recovery/rman/legacy_rman/RManIncrementalMerge(forRecover).doc
oracle/admin:docs/backup_recovery/rman/legacy_rman/ReplicarRMAN.doc,oracle/admin,docs/backup_recovery/rman/legacy_rman/ReplicarRMAN.doc,.doc,156672,993d3a7f81bd66e341cbe9c30f721eb414373cbfadd6cd2cf66c8e328284a2df,documentation,backup_recovery/rman,oracle/admin backup_recovery/rman helper: ReplicarRMAN.,DESTRUCTIVE,False,"['ARRAY_1', 'E', 'H', 'H1g', 'Hidden', 'LBL', 'LD_LIBRARY_PATH', 'Mf', 'ORACLE_HOME', 'ORACLE_OWNER', 'ORACLE_SID', 'PATH', 'PDAy', 'Password', 'Select', 'TP3T', 'Text', 'VUp', 'X', 'Y', 'YYS', 'YerHVH', 'Yvs', '_', '_G', '_n', 'apb5', 'arg4', 'arg5', 'arg6', 'bA', 'd', 'd0', 'gB9R', 'icntoggle', 'j', 'jK', 'kL', 'l4Im', 'liV', 'm00', 'mR', 'mkBT', 'n3', 'ox', 'q', 'sMe', 'w', 'x', 'yA']",False,docs/backup_recovery/rman/legacy_rman/ReplicarRMAN.doc
oracle/admin:docs/backup_recovery/rman/legacy_rman/Restaurar un Backup de RMAN en otro Servidor.doc,oracle/admin,docs/backup_recovery/rman/legacy_rman/Restaurar un Backup de RMAN en otro Servidor.doc,.doc,76800,a84a85662b1c5ea5fbdbc4abdbda67c81b3ea89798f799310e504934a864c8f3,documentation,backup_recovery/rman,oracle/admin backup_recovery/rman helper: Restaurar un Backup de RMAN en otro Servidor.,DESTRUCTIVE,False,"['CMG', 'DPB', 'H00000000', 'H00000001', 'H00000002', 'Hidden', 'L7', 'Submitbutton', 'arg53', 'd']",False,docs/backup_recovery/rman/legacy_rman/Restaurar un Backup de RMAN en otro Servidor.doc
oracle/admin:docs/backup_recovery/rman/legacy_rman/RestaurarRMANSinBase!!!.txt,oracle/admin,docs/backup_recovery/rman/legacy_rman/RestaurarRMANSinBase!!!.txt,.txt,3232,0e4b05be8fcb31896b73f89554f69ab5736cd3c80d57087ca756d09384d4aefc,documentation,backup_recovery/rman,oracle/admin backup_recovery/rman helper: RestaurarRMANSinBase!!!.,DESTRUCTIVE,False,"['DBID', 'ORACLE_SID']",False,docs/backup_recovery/rman/legacy_rman/RestaurarRMANSinBase!!!.txt
oracle/admin:docs/backup_recovery/rman/legacy_rman/RestaurarRMANSinBase!!!Windows.txt,oracle/admin,docs/backup_recovery/rman/legacy_rman/RestaurarRMANSinBase!!!Windows.txt,.txt,3222,6d86e24a44c760381d8d0b55bfd7b2ef53022bff9d1e93f7853c2a2fd05d973d,documentation,backup_recovery/rman,oracle/admin backup_recovery/rman helper: RestaurarRMANSinBase!!!Windows.,DESTRUCTIVE,False,"['DBID', 'ORACLE_SID']",False,docs/backup_recovery/rman/legacy_rman/RestaurarRMANSinBase!!!Windows.txt
oracle/admin:docs/backup_recovery/rman/legacy_rman/Rman y cómo catalogar Backups.doc,oracle/admin,docs/backup_recovery/rman/legacy_rman/Rman y cómo catalogar Backups.doc,.doc,33280,817bbfa756607f769f85275f3c24b5e5f518615402267e1486147e4e64bad4d5,documentation,backup_recovery/rman,oracle/admin backup_recovery/rman helper: Rman y cómo catalogar Backups.,DESTRUCTIVE,False,"['fG', 'office', 'schemas', 'smarttags']",False,docs/backup_recovery/rman/legacy_rman/Rman y cómo catalogar Backups.doc
oracle/admin:docs/backup_recovery/rman/legacy_rman/UltimoSCNRMAN.txt,oracle/admin,docs/backup_recovery/rman/legacy_rman/UltimoSCNRMAN.txt,.txt,133,d8bdb6466e267f22fcfb195a579cf564daca6d0dcc908a0b702536707cbe5d08,documentation,backup_recovery/rman,oracle/admin backup_recovery/rman helper: UltimoSCNRMAN.,REVIEW,False,[],False,docs/backup_recovery/rman/legacy_rman/UltimoSCNRMAN.txt
oracle/admin:docs/backup_recovery/rman/legacy_rman/VariablesdeRMAN.doc,oracle/admin,docs/backup_recovery/rman/legacy_rman/VariablesdeRMAN.doc,.doc,20992,140a995b4ba0a9a00b64a1edd461b878e65a1ce9709d3a6e0ff41e0ab51f155a,documentation,backup_recovery/rman,oracle/admin backup_recovery/rman helper: VariablesdeRMAN.,READ_ONLY,False,"['d', 'p']",False,docs/backup_recovery/rman/legacy_rman/VariablesdeRMAN.doc
oracle/admin:docs/backup_recovery/rman/legacy_rman/recover_standby_from_incrementalbkp.docx,oracle/admin,docs/backup_recovery/rman/legacy_rman/recover_standby_from_incrementalbkp.docx,.docx,31288,c3131a160d1ee04519c5b66b84d58ec9381640bd6820c0b7bcf3cd0d44b590fe,documentation,backup_recovery/rman,oracle/admin backup_recovery/rman helper: recover standby from incrementalbkp.,REVIEW,False,"['A', 'AS', 'BV9', 'CCq', 'E', 'F', 'Ga', 'HheM', 'L', 'LI', 'M4l', 'N', 'PJ2lHO8sR', 'Q', 'QDu', 'QN', 'R', 'Sd', 'TEb', 'U', 'U8', 'Ub', 'X', 'Xg2M', 'Xgj7fz', 'Ym3', '_', '_O0', '_x', '_xvH', 'aef_', 'arg3', 'arg4', 'arg5', 'arg8', 'c', 'el', 'evhn', 'f', 'g', 'h', 'irrTH', 'jecV', 'kGl6', 'ka', 'm', 'n_xD', 'nmK7zm', 'o', 'ov']",False,docs/backup_recovery/rman/legacy_rman/recover_standby_from_incrementalbkp.docx
oracle/admin:docs/backup_recovery/rman/legacy_rman/standby_ RMAN.doc,oracle/admin,docs/backup_recovery/rman/legacy_rman/standby_ RMAN.doc,.doc,39936,adf3430b92054616d26663d13d01e48942572e3bfee61289451370cfc574e91f,documentation,backup_recovery/rman,oracle/admin backup_recovery/rman helper: standby RMAN.,DESTRUCTIVE,False,"['ASYNC', 'Ah', 'FAL_CLIENT', 'FAL_SERVER', 'LI', 'MAXPIECESIZE', 'SERVICE', 'TAG', 'arg8', 'arg9', 'clrMap', 'd', 'g', 'mi', 'office', 'qm', 'schemas', 'smarttags', 'ss']",False,docs/backup_recovery/rman/legacy_rman/standby_ RMAN.doc
oracle/admin:docs/backup_recovery/rman/performance_update_bind_variables_example.txt,oracle/admin,docs/backup_recovery/rman/performance_update_bind_variables_example.txt,.txt,2620,f92bf6885c7c19af845b349854ed66873d0e843a76052b4f6944f853996ecafe,documentation,backup_recovery/rman,oracle/admin backup_recovery/rman helper: performance update bind variables example.,CHANGES,False,['new'],False,docs/backup_recovery/rman/performance_update_bind_variables_example.txt
oracle/admin:docs/backup_recovery/rman/rman.catalogdatafilecopy.txt,oracle/admin,docs/backup_recovery/rman/rman.catalogdatafilecopy.txt,.txt,37,0bfb39a73123503f35162e0b812c1d52249a1d31ed034158928293130b33ce85,documentation,backup_recovery/rman,oracle/admin backup_recovery/rman helper: rman catalogdatafilecopy.,REVIEW,False,[],False,docs/backup_recovery/rman/rman.catalogdatafilecopy.txt
oracle/admin:docs/backup_recovery/rman/rman_politica_backup.xls,oracle/admin,docs/backup_recovery/rman/rman_politica_backup.xls,.xls,59904,e940b7ded79ab68d15c576f80abc975cebafd3b93acecd97285d2e705525dbaa,unknown,backup_recovery/rman,oracle/admin backup_recovery/rman helper: rman politica backup.,DESTRUCTIVE,False,"['CMG', 'DPB', 'H00000000', 'H00000001', 'lF', 'le']",False,docs/backup_recovery/rman/rman_politica_backup.xls
oracle/admin:docs/backup_recovery/rman/rman_politicas.txt,oracle/admin,docs/backup_recovery/rman/rman_politicas.txt,.txt,851,5d24a0881fc1f5bd424f0643b4802a4e46b4b38005c9baf5116b506633886a2a,documentation,backup_recovery/rman,oracle/admin backup_recovery/rman helper: rman politicas.,DESTRUCTIVE,False,[],False,docs/backup_recovery/rman/rman_politicas.txt
oracle/admin:docs/backup_recovery/rman/rman_restore_archivelog.txt,oracle/admin,docs/backup_recovery/rman/rman_restore_archivelog.txt,.txt,23196,e3c250f78c4e082e46f812ae1e255193cb4d120669495155bb3e7f64f28307f9,documentation,backup_recovery/rman,oracle/admin backup_recovery/rman helper: rman restore archivelog.,DESTRUCTIVE,False,[],False,docs/backup_recovery/rman/rman_restore_archivelog.txt
oracle/admin:docs/backup_recovery/rman/trace_event_performance_10046.txt,oracle/admin,docs/backup_recovery/rman/trace_event_performance_10046.txt,.txt,426,9d4416ef604c36a6442f0518854c163e4aeef80b5aad013e25c6d508407db723,documentation,backup_recovery/rman,oracle/admin backup_recovery/rman helper: trace event performance 10046.,CHANGES,False,[],False,docs/backup_recovery/rman/trace_event_performance_10046.txt
oracle/admin:docs/cloud/oci/shell/acs_exp_oci/readme.txt,oracle/admin,docs/cloud/oci/shell/acs_exp_oci/readme.txt,.txt,6387,39e3e3e2351eba0f41bfe5eb94bc29329f6d30d173a507f11461c32ed3e1ae31,documentation,cloud/oci,oracle/admin cloud/oci helper: readme.,CHANGES,False,[],False,docs/cloud/oci/shell/acs_exp_oci/readme.txt
oracle/admin:docs/maintenance/scheduler/dbms_ijob.txt,oracle/admin,docs/maintenance/scheduler/dbms_ijob.txt,.txt,558,4e3e297ba40c0ffa0a9fbe5c19876bbfe85a773c0cc249614f91c05f02575287,documentation,maintenance/scheduler,oracle/admin maintenance/scheduler helper: dbms ijob.,DESTRUCTIVE,False,[],False,docs/maintenance/scheduler/dbms_ijob.txt
oracle/admin:docs/maintenance/stats/runstats_README.txt,oracle/admin,docs/maintenance/stats/runstats_README.txt,.txt,2080,5a4f1fe5f3560244a8c139f550c5335e63444627b4b8c44c5f208408d101663d,documentation,maintenance/stats,oracle/admin maintenance/stats helper: runstats README.,READ_ONLY,True,[],False,docs/maintenance/stats/runstats_README.txt
oracle/admin:docs/performance/sql_tuning/dbms_sqltune_tareas.txt,oracle/admin,docs/performance/sql_tuning/dbms_sqltune_tareas.txt,.txt,642,c5f36ddd382ba5302989e670efd1e93ce4d71bccd096b8a703c97026fb00e4e2,documentation,performance/sql_tuning,oracle/admin performance/sql_tuning helper: dbms sqltune tareas.,REVIEW,False,[],False,docs/performance/sql_tuning/dbms_sqltune_tareas.txt
oracle/admin:docs/performance/sql_tuning/managing_sql_profiles.txt,oracle/admin,docs/performance/sql_tuning/managing_sql_profiles.txt,.txt,1488,f5e6454638ea3a1489f3bf524831ce04d2bff8aed8b44da6b23db3592d5710da,documentation,performance/sql_tuning,oracle/admin performance/sql_tuning helper: managing sql profiles.,DESTRUCTIVE,False,['it'],False,docs/performance/sql_tuning/managing_sql_profiles.txt
oracle/admin:docs/platform/exadata/alter_griddisks_example.txt,oracle/admin,docs/platform/exadata/alter_griddisks_example.txt,.txt,5764,00b7bec790351387ff3c28f31a58d3f4ce249d3584350b910e2682e233ed3352,documentation,platform/exadata,oracle/admin platform/exadata helper: alter griddisks example.,CHANGES,False,[],False,docs/platform/exadata/alter_griddisks_example.txt
oracle/admin:docs/platform/exadata/altergriddisks_note1.txt,oracle/admin,docs/platform/exadata/altergriddisks_note1.txt,.txt,112405,2ff274061e3e994088b3a90dae5a086f557042418685d0c47a37cb15a6c47f96,documentation,platform/exadata,oracle/admin platform/exadata helper: altergriddisks note1.,CHANGES,False,"['Gm', 'PREFIX']",False,docs/platform/exadata/altergriddisks_note1.txt
oracle/admin:docs/platform/exadata/altergriddisks_note2.txt,oracle/admin,docs/platform/exadata/altergriddisks_note2.txt,.txt,19802,f741980cf4c7675b06821d8389cd297a40e7f2c9f2aad3604391794f8d08dc33,documentation,platform/exadata,oracle/admin platform/exadata helper: altergriddisks note2.,DESTRUCTIVE,False,['arg2'],False,docs/platform/exadata/altergriddisks_note2.txt
oracle/admin:docs/platform/exadata/cellcli_listdisk.txt,oracle/admin,docs/platform/exadata/cellcli_listdisk.txt,.txt,954,2e55b138a77ce412d990ad511cd695f4979a6c91cfa24b9abfe5b18b9a4ccc66,documentation,platform/exadata,oracle/admin platform/exadata helper: cellcli listdisk.,CHANGES,False,[],False,docs/platform/exadata/cellcli_listdisk.txt
oracle/admin:docs/platform/exadata/cellcli_listgriddisks.txt,oracle/admin,docs/platform/exadata/cellcli_listgriddisks.txt,.txt,816,24b755f5da2e7bedcc4889176438c1e65b89b81a551d95f25b7882706eeae393,documentation,platform/exadata,oracle/admin platform/exadata helper: cellcli listgriddisks.,REVIEW,False,[],False,docs/platform/exadata/cellcli_listgriddisks.txt
oracle/admin:docs/platform/exadata/cellsrvstat_metrics.txt,oracle/admin,docs/platform/exadata/cellsrvstat_metrics.txt,.txt,7739,5ee6dc9872f6c50023a8d63c3c23ba172d4507fdbc6c64d9ee5aca5d2a4e8aac,documentation,platform/exadata,oracle/admin platform/exadata helper: cellsrvstat metrics.,CHANGES,False,[],False,docs/platform/exadata/cellsrvstat_metrics.txt
oracle/admin:docs/platform/exadata/demos/calibrate_cell.txt,oracle/admin,docs/platform/exadata/demos/calibrate_cell.txt,.txt,3522,79d0df2b260a47a9c6fe0c1c211dd83502bf0ba7ff810dac6f9d863dad4a4e58,documentation,platform/exadata,oracle/admin platform/exadata helper: calibrate cell.,DESTRUCTIVE,False,[],False,docs/platform/exadata/demos/calibrate_cell.txt
oracle/admin:docs/platform/exadata/demos/enkcel02_disk_io_issue.txt,oracle/admin,docs/platform/exadata/demos/enkcel02_disk_io_issue.txt,.txt,1596,eface5057149bce30eb943728e1ed0f11973e8902b34a255d03e7619373379ef,documentation,platform/exadata,oracle/admin platform/exadata helper: enkcel02 disk io issue.,REVIEW,False,[],False,docs/platform/exadata/demos/enkcel02_disk_io_issue.txt
oracle/admin:docs/platform/exadata/patching_notes.txt,oracle/admin,docs/platform/exadata/patching_notes.txt,.txt,158,0b3ad4855857660a8944e96114cb3da3b92acc396bee3e5dda14d3d000537cf8,documentation,platform/exadata,oracle/admin platform/exadata helper: patching notes.,REVIEW,False,[],False,docs/platform/exadata/patching_notes.txt
oracle/admin:docs/platform/exadata/vmservers/command-line-tools.txt,oracle/admin,docs/platform/exadata/vmservers/command-line-tools.txt,.txt,5680,65ee81a053de60a4727c8b40023195c69ec9a60d569d8fbf011d4bd8b1ebe13d,documentation,platform/exadata,oracle/admin platform/exadata helper: command line tools.,DESTRUCTIVE,True,[],False,docs/platform/exadata/vmservers/command-line-tools.txt
oracle/admin:docs/platform/exadata/vmservers/create_fs.txt,oracle/admin,docs/platform/exadata/vmservers/create_fs.txt,.txt,6864,bbc3fb2bcd2df7a0c892bd10c0790070b28598dcc4f9bcdb0a5648c6e123c9e9,documentation,platform/exadata,oracle/admin platform/exadata helper: create fs.,CHANGES,False,['MIN'],False,docs/platform/exadata/vmservers/create_fs.txt
oracle/admin:docs/platform/rac/Ej_Identificar_Trace.txt,oracle/admin,docs/platform/rac/Ej_Identificar_Trace.txt,.txt,339,11fb62cb8190f376f04d6f8005c73c2921a0a9a1c448790a687624a83e21023c,documentation,platform/rac,oracle/admin platform/rac helper: Ej Identificar Trace.,CHANGES,False,[],False,docs/platform/rac/Ej_Identificar_Trace.txt
oracle/admin:docs/platform/rac/Oracle and RAID Levels.txt,oracle/admin,docs/platform/rac/Oracle and RAID Levels.txt,.txt,5840,f1fb4211a6e66ddbfa086b54ad2ed7c23a1378e34ad17408246be8b3f87647c6,documentation,platform/rac,oracle/admin platform/rac helper: Oracle and RAID Levels.,READ_ONLY,False,[],False,docs/platform/rac/Oracle and RAID Levels.txt
oracle/admin:docs/platform/rac/deinstall_oracle_home.txt,oracle/admin,docs/platform/rac/deinstall_oracle_home.txt,.txt,1290,258bbce7ee4706c8484fa2f757f9d17d883bc6a43b7031da93d87352dc2bf328,documentation,platform/rac,oracle/admin platform/rac helper: deinstall oracle home.,REVIEW,False,['REMOVE_HOMES'],False,docs/platform/rac/deinstall_oracle_home.txt
oracle/admin:docs/platform/rac/docker_oracle_start.txt,oracle/admin,docs/platform/rac/docker_oracle_start.txt,.txt,794,25164e74595558520445bf40692be16d5f9f6ff473c626a23bbf9172fc2fc530,documentation,platform/rac,oracle/admin platform/rac helper: docker oracle start.,CHANGES,False,[],False,docs/platform/rac/docker_oracle_start.txt
oracle/admin:docs/platform/rac/goldengate/TechnicalMemory-Extract_Replicat_Unified.pdf,oracle/admin,docs/platform/rac/goldengate/TechnicalMemory-Extract_Replicat_Unified.pdf,.pdf,878832,955adcb9036978a7cb42f4240eb5f2b12ac4121c788f14ed54f7ac35d5fab580,documentation,platform/rac,oracle/admin platform/rac helper: TechnicalMemory Extract Replicat Unified.,REVIEW,False,"['AV', 'B', 'CDEFGHIJSTUVWXYZcdefghijstuvwxyz', 'CmcE', 'Csn', 'E', 'E5', 'FE', 'FLa', 'FWL', 'Ff4vj', 'I', 'IY', 'J', 'Je', 'KF', 'KUC', 'L', 'L2U', 'LBaY', 'M', 'N', 'OBFB1', 'OFY', 'OL', 'Ql', 'Qz', 'R', 'R4', 'Sw', 'T2PGvLS', 'Tq', 'U', 'UMS', 'VUO', 'W', 'WDB', 'X', 'Y', 'Y5', 'Z', 'ZD', 'ZLf', '_', '_H', 'afye', 'arg1', 'arg2', 'arg3', 'arg4']",False,docs/platform/rac/goldengate/TechnicalMemory-Extract_Replicat_Unified.pdf
oracle/admin:docs/platform/rac/goldengate/configure_gg_rac.txt,oracle/admin,docs/platform/rac/goldengate/configure_gg_rac.txt,.txt,13627,0afeb2eb8723ed6864bcfd6a2266c9506a81922d36712d6d5101853923743012,documentation,platform/rac,oracle/admin platform/rac helper: configure gg rac.,CHANGES,False,"['ADDRESS', 'ARGS', 'ARGV0', 'CONNECT_DATA', 'DESCRIPTION', 'ENVS', 'LOCAL', 'MI', 'ORACLE_HOME', 'ORACLE_SID', 'PROGRAM', 'PROTOCOL', 'SDU', 'SID', 'SS', 'arg124']",False,docs/platform/rac/goldengate/configure_gg_rac.txt
oracle/admin:docs/platform/rac/goldengate/gg_relocate_rac.txt,oracle/admin,docs/platform/rac/goldengate/gg_relocate_rac.txt,.txt,49,5aacf8a1d1b9cb7b9fe8c707f38715533f181037fd3651123d12e13c254ee0e7,documentation,platform/rac,oracle/admin platform/rac helper: gg relocate rac.,REVIEW,False,[],False,docs/platform/rac/goldengate/gg_relocate_rac.txt
oracle/admin:docs/platform/rac/goldengate/reconstruccion_extract.txt,oracle/admin,docs/platform/rac/goldengate/reconstruccion_extract.txt,.txt,5658,c01a60b5c591a23f92660ba51f06526777c8daed2585781e90da64ae4e76e53f,documentation,platform/rac,oracle/admin platform/rac helper: reconstruccion extract.,DESTRUCTIVE,True,[],False,docs/platform/rac/goldengate/reconstruccion_extract.txt
oracle/admin:docs/platform/rac/move_to_rac.txt,oracle/admin,docs/platform/rac/move_to_rac.txt,.txt,1246,8453cb39bad197eb14a2f2e35b16f5fd9bdcc252ce40f4a2dee26e2f25efd7b3,documentation,platform/rac,oracle/admin platform/rac helper: move to rac.,DESTRUCTIVE,False,[],False,docs/platform/rac/move_to_rac.txt
oracle/admin:docs/platform/rac/oracle_options_features_ee.txt,oracle/admin,docs/platform/rac/oracle_options_features_ee.txt,.txt,562,7ef878bca39be159a996e1cdefbe230698d6d420fe5114abf900a801f5e230c3,documentation,platform/rac,oracle/admin platform/rac helper: oracle options features ee.,REVIEW,False,[],False,docs/platform/rac/oracle_options_features_ee.txt
oracle/admin:docs/platform/rac/pasos_migrac_upgrade_10g.txt,oracle/admin,docs/platform/rac/pasos_migrac_upgrade_10g.txt,.txt,307,40ef5cae94419b020e43fa1b283734eaed95703f19704f7ef6e2ce0fbf8f72f0,documentation,platform/rac,oracle/admin platform/rac helper: pasos migrac upgrade 10g.,DESTRUCTIVE,False,[],False,docs/platform/rac/pasos_migrac_upgrade_10g.txt
oracle/admin:docs/platform/rac/sqlnet_trace_client.txt,oracle/admin,docs/platform/rac/sqlnet_trace_client.txt,.txt,497,e56b76832173a9e5b4b6b9b7e5ebd03878a1ae940554792e7d47ecb6e2e958e1,documentation,platform/rac,oracle/admin platform/rac helper: sqlnet trace client.,REVIEW,False,['DIAG_ADR_ENABLED'],False,docs/platform/rac/sqlnet_trace_client.txt
oracle/admin:docs/platform/rac/trace/EncontrarTracedeSesion.doc,oracle/admin,docs/platform/rac/trace/EncontrarTracedeSesion.doc,.doc,101888,2c3293bea5c6c9ed13bac7d5c194ce52dcc90ef2af4adf0cd421ee025063f495,documentation,platform/rac,oracle/admin platform/rac helper: EncontrarTracedeSesion.,CHANGES,False,"['A', 'A_', 'AgLxdAUx5CsP', 'B', 'B01', 'BS7JM', 'BW', 'Bc', 'Bmm', 'CDn', 'Cpf', 'D', 'DU', 'E5', 'EH6N', 'ESWpQ', 'EZ', 'Ej', 'F2', 'F2K', 'FZQm', 'GAo', 'Gz', 'HG', 'I', 'IS', 'JA', 'K', 'L', 'N', 'NK', 'NhJ', 'O', 'O6', 'P', 'P5', 'QLcu', 'Qd', 'R', 'S', 'T0AC', 'U7cm', 'UAC', 'Vw', 'W', 'WM', 'WZ', 'Wu', 'X', 'X9']",False,docs/platform/rac/trace/EncontrarTracedeSesion.doc
oracle/admin:docs/platform/rac/trace/Oracle SQL_trace-tkprof.doc,oracle/admin,docs/platform/rac/trace/Oracle SQL_trace-tkprof.doc,.doc,26624,0c4cb8195b118b5563c8b3dc9c97a86bc2c465c12190868c0c66e1b9fdd47f9f,documentation,platform/rac,oracle/admin platform/rac helper: Oracle SQL trace tkprof.,DESTRUCTIVE,False,[],False,docs/platform/rac/trace/Oracle SQL_trace-tkprof.doc
oracle/admin:docs/platform/rac/trace/a.txt,oracle/admin,docs/platform/rac/trace/a.txt,.txt,468182,775e8f75e4814c290f27800eaeb46d74682dc372c364c23124b58730ff875702,documentation,platform/rac,oracle/admin platform/rac helper: a.,CHANGES,True,"['CUSTOMERS', 'DEPARTMENTS', 'EMPLOYEES', 'ORDERS', 'PRODUCT_INFORMATION', 'arg1', 'arg2', 'arg31', 'arg4']",False,docs/platform/rac/trace/a.txt
oracle/admin:docs/platform/rac/trace.doc,oracle/admin,docs/platform/rac/trace.doc,.doc,43520,0a0fb4a9185af278ec0200ccff840212df1d599f4ee3ee372b4a49208ab78353,documentation,platform/rac,oracle/admin platform/rac helper: trace.,CHANGES,True,"['office', 'schemas', 'smarttags']",False,docs/platform/rac/trace.doc
oracle/admin:docs/security/UnixstorageXuser.txt,oracle/admin,docs/security/UnixstorageXuser.txt,.txt,769,6cf9778ebfaece9f279bca64ca36faaa14c5c7c6a0821d5807e1b30ea216d915,documentation,security,oracle/admin security helper: UnixstorageXuser.,CHANGES,False,['arg1'],False,docs/security/UnixstorageXuser.txt
oracle/admin:docs/storage/ASMM_RESIZE.TXT,oracle/admin,docs/storage/ASMM_RESIZE.TXT,.txt,12406,de530b23264911d43c1459b6cc741aa2233154c9bfb182e2f7af4b4aa1f34261,documentation,storage,oracle/admin storage helper: ASMM RESIZE.,READ_ONLY,False,[],False,docs/storage/ASMM_RESIZE.TXT
oracle/admin:docs/storage/Default_Tmp_Tablespace_Database.sql,oracle/admin,docs/storage/Default_Tmp_Tablespace_Database.sql,.sql,1333,3ab3af7590eba49491a6cbf6e0119a676ac829fc0fdf18c457d854797d265864,script,storage,oracle/admin storage helper: Default Tmp Tablespace Database.,READ_ONLY,True,[],False,docs/storage/Default_Tmp_Tablespace_Database.sql
oracle/admin:docs/storage/multiplexing_controlfiles_asm.txt,oracle/admin,docs/storage/multiplexing_controlfiles_asm.txt,.txt,439,fc42c4420e5197c8197a448c2a3eedf38a93962d4b03bd7ccfa50ad691daf59c,documentation,storage,oracle/admin storage helper: multiplexing controlfiles asm.,DESTRUCTIVE,False,[],False,docs/storage/multiplexing_controlfiles_asm.txt
oracle/admin:docs/storage/switchRedoLogs_FS_aASM.prc.txt,oracle/admin,docs/storage/switchRedoLogs_FS_aASM.prc.txt,.txt,1318,c1c19a0fad250f1fb92bbd625f7788172449266cbaad1894e24fd238827cb68a,documentation,storage,oracle/admin storage helper: switchRedoLogs FS aASM prc.,DESTRUCTIVE,False,[],False,docs/storage/switchRedoLogs_FS_aASM.prc.txt
oracle/admin:docs/utilities/Ejemplo_informe_1.doc,oracle/admin,docs/utilities/Ejemplo_informe_1.doc,.doc,44544,4407023c1bea5b6e0a8dbebd7d977523780b407196c47da0f30ae87d0f24ad3d,documentation,utilities,oracle/admin utilities helper: Ejemplo informe 1.,CHANGES,False,"['SQLID', 'uy', 'z']",False,docs/utilities/Ejemplo_informe_1.doc
oracle/admin:docs/utilities/GARDWOP_Alternativa_Backup_DCabrera.doc,oracle/admin,docs/utilities/GARDWOP_Alternativa_Backup_DCabrera.doc,.doc,32256,5536b24b84f0efb31e6ad1f1a10c9a8caa484ccd7f779b34c25b1bb78621bc13,documentation,utilities,oracle/admin utilities helper: GARDWOP Alternativa Backup DCabrera.,READ_ONLY,False,['arg7'],False,docs/utilities/GARDWOP_Alternativa_Backup_DCabrera.doc
oracle/admin:docs/utilities/GENUS_ODS_ALTER.txt,oracle/admin,docs/utilities/GENUS_ODS_ALTER.txt,.txt,146,897b13c72697446a307881803fbcd9c1cec50c4c435ceb7cd71528a6b203d5a5,documentation,utilities,oracle/admin utilities helper: GENUS ODS ALTER.,REVIEW,False,[],False,docs/utilities/GENUS_ODS_ALTER.txt
oracle/admin:docs/utilities/LP_analysis.txt,oracle/admin,docs/utilities/LP_analysis.txt,.txt,2029,0d67a98a544a97a820c2a69615e64725131c0c2ff3350bba1895364622541309,documentation,utilities,oracle/admin utilities helper: LP analysis.,READ_ONLY,False,['session_id'],False,docs/utilities/LP_analysis.txt
oracle/admin:docs/utilities/OpatchAttachhome.txt,oracle/admin,docs/utilities/OpatchAttachhome.txt,.txt,34,98dc7488d69eb59281da68e522c79610b3a0f50e49028f20218d7e06ff353d7b,documentation,utilities,oracle/admin utilities helper: OpatchAttachhome.,REVIEW,False,[],False,docs/utilities/OpatchAttachhome.txt
oracle/admin:docs/utilities/Protection Modes.doc,oracle/admin,docs/utilities/Protection Modes.doc,.doc,31232,6779eefe4da0e9604cb75b595df736b36bf2c156a2c71cef16638e4b0494d3ea,documentation,utilities,oracle/admin utilities helper: Protection Modes.,REVIEW,False,[],False,docs/utilities/Protection Modes.doc
oracle/admin:docs/utilities/aix_cmd.txt,oracle/admin,docs/utilities/aix_cmd.txt,.txt,34,86d675c4b7d3c925cad1bfcaf347c5388f8486dcf518f0bd68df225d7878e5eb,documentation,utilities,oracle/admin utilities helper: aix cmd.,REVIEW,False,[],False,docs/utilities/aix_cmd.txt
oracle/admin:docs/utilities/bajaftp.txt,oracle/admin,docs/utilities/bajaftp.txt,.txt,282,599fc203612753e9cc45eecfc654e344a31674dff9886a6c9036c4bdb1a4057b,documentation,utilities,oracle/admin utilities helper: bajaftp.,REVIEW,False,[],False,docs/utilities/bajaftp.txt
oracle/admin:docs/utilities/bomcheck.txt,oracle/admin,docs/utilities/bomcheck.txt,.txt,398311,1cd4d79380dc798fc2bf8e2d93acd62f4d56a5fe854f4bc9a1500a6b39b4707e,documentation,utilities,oracle/admin utilities helper: bomcheck.,DESTRUCTIVE,False,"['MI', 'SSXFF', 'mi', 'ss']",False,docs/utilities/bomcheck.txt
oracle/admin:docs/utilities/cambio_de_CHARSET.txt,oracle/admin,docs/utilities/cambio_de_CHARSET.txt,.txt,1740,a764d29b57d129bbdfccca189f7edaf34cc9bdd66968701344bbe0cf35efb03d,documentation,utilities,oracle/admin utilities helper: cambio de CHARSET.,DESTRUCTIVE,False,[],False,docs/utilities/cambio_de_CHARSET.txt
oracle/admin:docs/utilities/cpp4aix.ps1.txt,oracle/admin,docs/utilities/cpp4aix.ps1.txt,.txt,21878,a9fbc85b2435bad184427ebc59b304962984a6bcb7d3e94d7a1a39dab959c45f,documentation,utilities,oracle/admin utilities helper: cpp4aix ps1.,READ_ONLY,True,"['Combine', 'GetDirectoryName', 'GetFileName', 'INDEXX', 'INTTYPE', 'INTVL', 'ORACLE_PASSWORD', 'ORACLE_USER', 'PHYSS', 'POOLS', 'endDate', 'endTime', 'getfolderpath', 'now', 'startDate', 'startTime']",False,docs/utilities/cpp4aix.ps1.txt
oracle/admin:docs/utilities/create_pk_local_parallel.txt,oracle/admin,docs/utilities/create_pk_local_parallel.txt,.txt,788,e4fb73baf9207f0013781a0380668013964ceaa60236d33a5d29db7294c9998e,documentation,utilities,oracle/admin utilities helper: create pk local parallel.,CHANGES,False,[],False,docs/utilities/create_pk_local_parallel.txt
oracle/admin:docs/utilities/database_clone.txt,oracle/admin,docs/utilities/database_clone.txt,.txt,267,8456021eba2c250cad8b20ac40edbcc38ad24ac998526a53d8e7152373719b3c,documentation,utilities,oracle/admin utilities helper: database clone.,CHANGES,False,[],False,docs/utilities/database_clone.txt
oracle/admin:docs/utilities/dba_feature_usage_statistics.sql.txt,oracle/admin,docs/utilities/dba_feature_usage_statistics.sql.txt,.txt,529,166edbca000054843f9c18bf150bfdbffa78c3f880a1becbd60026ac1d940818,documentation,utilities,oracle/admin utilities helper: dba feature usage statistics sql.,READ_ONLY,True,[],False,docs/utilities/dba_feature_usage_statistics.sql.txt
oracle/admin:docs/utilities/dbms_advisor_ejemplo_tabla.txt,oracle/admin,docs/utilities/dbms_advisor_ejemplo_tabla.txt,.txt,1068,2c61550ba5c93310706172f141f1c531a1474f4691c8ca5d5cc9c57bfb7d552f,documentation,utilities,oracle/admin utilities helper: dbms advisor ejemplo tabla.,CHANGES,False,[],False,docs/utilities/dbms_advisor_ejemplo_tabla.txt
oracle/admin:docs/utilities/dbs.txt,oracle/admin,docs/utilities/dbs.txt,.txt,65068,e371b9daae9755d772e4b3105fb2c82cb8b5514e7191dc4a476c9f33719aec55,documentation,utilities,oracle/admin utilities helper: dbs.,CHANGES,False,"['Connect', 'could', 'listener', 'no']",False,docs/utilities/dbs.txt
oracle/admin:docs/utilities/em.txt,oracle/admin,docs/utilities/em.txt,.txt,281947,abeb76242ab78a4d4444caae871c3f56270b30d4539bb96f9133616a597af858,documentation,utilities,oracle/admin utilities helper: em.,REVIEW,False,"['ABLI', 'ACOM00', 'ADDIBI', 'ADSEC', 'AMASSE', 'APITRF', 'APUODS', 'ASMGMT', 'ATENEA', 'BBHCHQ', 'BDC', 'BLLTRV', 'BMMESAMF', 'BU', 'BUPHSMIPFSEGINFSLCLPR', 'BUR', 'CHAT', 'CHKLST', 'COMEXT', 'CRLDAT', 'CRM', 'CUPIER', 'DWCITI', 'EBOOK', 'FIDEL', 'GALA', 'GDCOMEX', 'GETNET', 'GSA', 'IBMSFG', 'IDG', 'INTELLINX', 'ISSUER', 'JIRABN', 'KOFAXGDCHLS', 'MAILER', 'MH', 'MIS', 'MISCORP', 'MISSTPROD', 'MLOG', 'NAME', 'NORKOM', 'NOSIS', 'PROPERTIES', 'RADAR', 'RECUP', 'RSA', 'SAFIRO', 'SBD01']",False,docs/utilities/em.txt
oracle/admin:docs/utilities/emctl_blackout.txt,oracle/admin,docs/utilities/emctl_blackout.txt,.txt,1263,263cf526b9b8edcbac35619f88e6e1caf50409dc00529de1dff65f4cd8026f97,documentation,utilities,oracle/admin utilities helper: emctl blackout.,CHANGES,False,"['RIOTCH1', 'oracle_pdb']",False,docs/utilities/emctl_blackout.txt
oracle/admin:docs/utilities/exawatcher_path.txt,oracle/admin,docs/utilities/exawatcher_path.txt,.txt,49,7ac4c458e1aa450f6e8fffb89dad13c4216020b47e529bea44c1ee2f0f55aa8e,documentation,utilities,oracle/admin utilities helper: exawatcher path.,REVIEW,False,[],False,docs/utilities/exawatcher_path.txt
oracle/admin:docs/utilities/execution_plan.txt,oracle/admin,docs/utilities/execution_plan.txt,.txt,34720,76ffc031f18b5e5710a7cbf389f761e9221e24f6cfe219e5e054d2964489d00c,documentation,utilities,oracle/admin utilities helper: execution plan.,READ_ONLY,False,[],False,docs/utilities/execution_plan.txt
oracle/admin:docs/utilities/expdp_par_examples.txt,oracle/admin,docs/utilities/expdp_par_examples.txt,.txt,880,f932b1150c1b4b15768af0dec4d2bdba9799d686baef8c5b5b0715a9f4cc3886,documentation,utilities,oracle/admin utilities helper: expdp par examples.,REVIEW,False,"['DUMPFILE', 'INCLUDE', 'LOGFILE', 'PARTITION_20120330', 'QUERY', 'SCHEMAS', 'TABLES', 'exp_custom_BSBC_DW']",False,docs/utilities/expdp_par_examples.txt
oracle/admin:docs/utilities/flush_cursor_0w05fqk6fb1v7.txt,oracle/admin,docs/utilities/flush_cursor_0w05fqk6fb1v7.txt,.txt,668,4d1eaa348647dac6c9278273f6f204d37c2f3b00c0563ab8e3135274958ba700,documentation,utilities,oracle/admin utilities helper: flush cursor 0w05fqk6fb1v7.,REVIEW,False,[],False,docs/utilities/flush_cursor_0w05fqk6fb1v7.txt
oracle/admin:docs/utilities/flush_cursor_cur1qzxuyz7hc.txt,oracle/admin,docs/utilities/flush_cursor_cur1qzxuyz7hc.txt,.txt,4373,5e94b1fe3d70f9e4352893f653e18511b8a800ad4098620a72851c5b596d890c,documentation,utilities,oracle/admin utilities helper: flush cursor cur1qzxuyz7hc.,DESTRUCTIVE,False,[],False,docs/utilities/flush_cursor_cur1qzxuyz7hc.txt
oracle/admin:docs/utilities/goldengate/Procedimiento de re apuntado de Replicats K2V versión 6.docx,oracle/admin,docs/utilities/goldengate/Procedimiento de re apuntado de Replicats K2V versión 6.docx,.docx,284994,c20e66e3dae87c59ebf379ea70fc6020dd34679f011a84457deb56c964587f6a,documentation,utilities,oracle/admin utilities helper: Procedimiento de re apuntado de Replicats K2V versión 6.,REVIEW,False,"['AC', 'AE', 'APC', 'An', 'Aw', 'BYH', 'CMSO', 'D', 'D7T', 'DMm', 'Dfs', 'Di', 'DwO', 'E', 'F', 'FUwxph', 'Fygn_aGcIdAC', 'G', 'GFMcrYZ', 'GbSW', 'Gts', 'H', 'HhF', 'I', 'Ib', 'Ij47u', 'J', 'JH', 'JX', 'K3ibxMk', 'KI', 'L', 'L0k', 'L5', 'LH', 'LP', 'M4', 'MA', 'Mp', 'NMn_', 'NTP6', 'Nnoa', 'Nyt', 'ODx', 'OMIY', 'OP', 'P', 'PG', 'R_V', 'Rpd2']",False,docs/utilities/goldengate/Procedimiento de re apuntado de Replicats K2V versión 6.docx
oracle/admin:docs/utilities/goldengate/Procedimiento update OGGforBD version 19.txt,oracle/admin,docs/utilities/goldengate/Procedimiento update OGGforBD version 19.txt,.txt,7925,17160f3d3221d0f2d3701b77695166ca2eb4550fc68ce9dd5f4d57998ec6e43e,documentation,utilities,oracle/admin utilities helper: Procedimiento update OGGforBD version 19.,CHANGES,False,[],False,docs/utilities/goldengate/Procedimiento update OGGforBD version 19.txt
oracle/admin:docs/utilities/goldengate/gg_notes.txt,oracle/admin,docs/utilities/goldengate/gg_notes.txt,.txt,308,e3789b3ffdea28613bf9639dfd0033a61991d90842786cf2a1a64f74d8eaa76b,documentation,utilities,oracle/admin utilities helper: gg notes.,REVIEW,False,[],False,docs/utilities/goldengate/gg_notes.txt
oracle/admin:docs/utilities/goldengate/recrear_replicats.txt,oracle/admin,docs/utilities/goldengate/recrear_replicats.txt,.txt,1717,74cb5123999083cf20cbfe3f05b9de9992f19e3d8ed540481c88639162d74995,documentation,utilities,oracle/admin utilities helper: recrear replicats.,CHANGES,False,[],False,docs/utilities/goldengate/recrear_replicats.txt
oracle/admin:docs/utilities/grid_infra_restart_srvctl.txt,oracle/admin,docs/utilities/grid_infra_restart_srvctl.txt,.txt,2130,05e4d1829d392524e2028de5dd4352acac6392fda96347912ff481a576c4f296,documentation,utilities,oracle/admin utilities helper: grid infra restart srvctl.,DESTRUCTIVE,False,[],False,docs/utilities/grid_infra_restart_srvctl.txt
oracle/admin:docs/utilities/hints/2015-k-db-jonathan_lewis-five_hints_for_optimising_sql-manuskript.pdf,oracle/admin,docs/utilities/hints/2015-k-db-jonathan_lewis-five_hints_for_optimising_sql-manuskript.pdf,.pdf,71556,ea6616f62313ea68b991b6ee22d049f76d3d2cd86d8ba7c9bdd1cdf11782f54c,documentation,utilities,oracle/admin utilities helper: 2015 k db jonathan lewis five hints for optimising sql manuskript.,REVIEW,False,"['A', 'A5Y', 'Af', 'B', 'B6', 'BA6e', 'BS', 'C', 'CEE', 'Cn', 'Cq', 'DG', 'Dn', 'F', 'F7q', 'FW', 'FbX', 'Ft', 'G', 'HUq', 'Hs', 'Iv', 'J', 'J5', 'K', 'L4r', 'LSg', 'M', 'MUeu', 'MW', 'Mg', 'N6', 'OQ', 'Oe', 'Oid', 'P', 'Pj', 'QN', 'Qt', 'R', 'RLE', 'RYF', 'Re', 'S', 'SWP', 'TZ', 'Tf', 'Tj', 'Ty', 'UD']",False,docs/utilities/hints/2015-k-db-jonathan_lewis-five_hints_for_optimising_sql-manuskript.pdf
oracle/admin:docs/utilities/imp.txt,oracle/admin,docs/utilities/imp.txt,.txt,23,47dc699e1bc88cc032199cd5a8895f26a3b8a277dd17f0987d5e2083c4f230ce,documentation,utilities,oracle/admin utilities helper: imp.,REVIEW,False,[],False,docs/utilities/imp.txt
oracle/admin:docs/utilities/indicesFaltantes_fk.txt,oracle/admin,docs/utilities/indicesFaltantes_fk.txt,.txt,705,7c1dee5db052e52f0d379dd344096850845853b34ec8ac1fdf39f8a68ad69ad7,documentation,utilities,oracle/admin utilities helper: indicesFaltantes fk.,READ_ONLY,False,[],False,docs/utilities/indicesFaltantes_fk.txt
oracle/admin:docs/utilities/linux_unix_du_sumbytes.txt,oracle/admin,docs/utilities/linux_unix_du_sumbytes.txt,.txt,277,bdc134fa59160177ad489b10a752b7472f2f8fe296ca8c6cb1429aef5fea999a,documentation,utilities,oracle/admin utilities helper: linux unix du sumbytes.,REVIEW,False,"['arg1', 'arg5']",False,docs/utilities/linux_unix_du_sumbytes.txt
oracle/admin:docs/utilities/macro_excel_datos.txt,oracle/admin,docs/utilities/macro_excel_datos.txt,.txt,30468,2537b213413ad3da81515b4ec18bced4d2877d4a4f8698e50bb4e6e29268dc95,documentation,utilities,oracle/admin utilities helper: macro excel datos.,READ_ONLY,False,"['A3', 'A6', 'FILE_NAME', 'H400', 'I1000']",False,docs/utilities/macro_excel_datos.txt
oracle/admin:docs/utilities/netbackup_citi.txt,oracle/admin,docs/utilities/netbackup_citi.txt,.txt,312,2cfdf32d4f7e0a4bfa2953440a353001a12527cc7cb55a232e630ecdb6e87806,documentation,utilities,oracle/admin utilities helper: netbackup citi.,REVIEW,False,[],False,docs/utilities/netbackup_citi.txt
oracle/admin:docs/utilities/oda_oakcli.txt,oracle/admin,docs/utilities/oda_oakcli.txt,.txt,195,7967048f28c78a8ad9fd7cac019ce094dfb0f5f1f7c824d140e7202c0a3f0f83,documentation,utilities,oracle/admin utilities helper: oda oakcli.,READ_ONLY,False,[],False,docs/utilities/oda_oakcli.txt
oracle/admin:docs/utilities/onet_planned_maitenance_tns.txt,oracle/admin,docs/utilities/onet_planned_maitenance_tns.txt,.txt,856,29a79a76863836942b9fa0348a193719cadeff09cb55f0676bf294a30f73ae30,documentation,utilities,oracle/admin utilities helper: onet planned maitenance tns.,REVIEW,False,"['CONNECT_DATA', 'CONNECT_TIMEOUT', 'HOST', 'LOAD_BALANCE', 'PORT', 'RETRY_COUNT', 'RETRY_DELAY', 'TRANSPORT_CONNECT_TIMEOUT']",False,docs/utilities/onet_planned_maitenance_tns.txt
oracle/admin:docs/utilities/oo4o_excel_source.txt,oracle/admin,docs/utilities/oo4o_excel_source.txt,.txt,31187,6cd4cf578f34d25772ec8370de7ec7d6ab702eaa9e84ee9788c916d873956b58,documentation,utilities,oracle/admin utilities helper: oo4o excel source.,READ_ONLY,False,"['A6', 'J1000', 'J400']",False,docs/utilities/oo4o_excel_source.txt
oracle/admin:docs/utilities/oswatcher.txt,oracle/admin,docs/utilities/oswatcher.txt,.txt,788,72c739fefcfe1305a386e43019287298fe97d9e5f8172b1fead7d43a0089394d,documentation,utilities,oracle/admin utilities helper: oswatcher.,REVIEW,True,['LANG'],False,docs/utilities/oswatcher.txt
oracle/admin:docs/utilities/pasos_segments_to_keep.txt,oracle/admin,docs/utilities/pasos_segments_to_keep.txt,.txt,3064,b7dd30e25d7a9b04b3c798a5e23a1773f6ffed5814fdcd73184b10b221c8c178,documentation,utilities,oracle/admin utilities helper: pasos segments to keep.,CHANGES,False,"['NEW', 'mi', 'ss']",False,docs/utilities/pasos_segments_to_keep.txt
oracle/admin:docs/utilities/pendientes.txt,oracle/admin,docs/utilities/pendientes.txt,.txt,4591,c518d60788e8af870148f5ddd40db253283dd0bbdc7faf12322e56f3e7a45d47,documentation,utilities,oracle/admin utilities helper: pendientes.,DESTRUCTIVE,False,[],False,docs/utilities/pendientes.txt
oracle/admin:docs/utilities/pendientesd.txt,oracle/admin,docs/utilities/pendientesd.txt,.txt,1767,86df4fa38b25f62bb052fbf8dca798d925c88bedb67ea1bcb1262eeb1604b568,documentation,utilities,oracle/admin utilities helper: pendientesd.,REVIEW,False,[],False,docs/utilities/pendientesd.txt
oracle/admin:docs/utilities/pepe.txt,oracle/admin,docs/utilities/pepe.txt,.txt,7289,6a13618eb4c19b8cf7118c494c0c31afec3b1336fcee2f74effcfc074ca26576,documentation,utilities,oracle/admin utilities helper: pepe.,READ_ONLY,False,[],False,docs/utilities/pepe.txt
oracle/admin:docs/utilities/profile.txt,oracle/admin,docs/utilities/profile.txt,.txt,696,f65cf7c38b130b4bdcca77bfdf3b5e8d6de95c1de9ea858157c6f96c112ff5e8,documentation,utilities,oracle/admin utilities helper: profile.,REVIEW,False,"['CLASSPATH', 'DISABLE_HUGETLBFS', 'LD_LIBRARY_PATH', 'NLS_LANG', 'ORACLE_BASE', 'ORACLE_HOME', 'ORACLE_OWNER', 'ORACLE_SID', 'ORACLE_TERM', 'ORA_NLS10', 'PATH', 'TEMP', 'TMPDIR', 'TNS_ADMIN']",False,docs/utilities/profile.txt
oracle/admin:docs/utilities/prueba_flashback.txt,oracle/admin,docs/utilities/prueba_flashback.txt,.txt,32,a321931c1494de272c62a2d7ecf771c04c05a84e6ee73ea1b157f5e7fe79636b,documentation,utilities,oracle/admin utilities helper: prueba flashback.,DESTRUCTIVE,False,[],False,docs/utilities/prueba_flashback.txt
oracle/admin:docs/utilities/reacomodamiento_redo.txt,oracle/admin,docs/utilities/reacomodamiento_redo.txt,.txt,2698,c46471cc3d34d8c3515cf9a3ba6662e25409280be0df447af2d1308f2b71af56,documentation,utilities,oracle/admin utilities helper: reacomodamiento redo.,DESTRUCTIVE,False,['SCOPE'],False,docs/utilities/reacomodamiento_redo.txt
oracle/admin:docs/utilities/registry_components.xls,oracle/admin,docs/utilities/registry_components.xls,.xls,20992,31ffb44a5ca9055cffdeac9e3028d4aa6025db7968cafa2c5ef215dedf0cc6b6,unknown,utilities,oracle/admin utilities helper: registry components.,REVIEW,False,[],False,docs/utilities/registry_components.xls
oracle/admin:docs/utilities/runInstaller_EE_Database_silent.txt,oracle/admin,docs/utilities/runInstaller_EE_Database_silent.txt,.txt,2009,a725bd4c1b89f3e85e1b2fffd56c8fe6384f0d4ff92e0c1314d95ebe42e8a918,documentation,utilities,oracle/admin utilities helper: runInstaller EE Database silent.,REVIEW,False,"['BACKUPDBA_GROUP', 'DBA_GROUP', 'DECLINE_SECURITY_UPDATES', 'DGDBA_GROUP', 'DSRVM_TRACE_LEVEL', 'ENABLED', 'FROM_LOCATION', 'INVENTORY_LOCATION', 'KMDBA_GROUP', 'LEVEL', 'OPER_GROUP', 'ORACLE_BASE', 'ORACLE_HOME', 'UNIX_GROUP_NAME']",False,docs/utilities/runInstaller_EE_Database_silent.txt
oracle/admin:docs/utilities/salida_recrea_snap_punto.txt,oracle/admin,docs/utilities/salida_recrea_snap_punto.txt,.txt,110308,520eecac50f4e147df8f9e45c37f500c6623fbbb0a11edca91ce7827897d0f4a,documentation,utilities,oracle/admin utilities helper: salida recrea snap punto.,DESTRUCTIVE,False,[],False,docs/utilities/salida_recrea_snap_punto.txt
oracle/admin:docs/utilities/shell/ssl_commands.txt,oracle/admin,docs/utilities/shell/ssl_commands.txt,.txt,289,752706bbff57d41429abb8a23ccab5b4ed10cbe0ddb361eb51a10fddb9f5e90e,documentation,utilities,oracle/admin utilities helper: ssl commands.,REVIEW,False,[],False,docs/utilities/shell/ssl_commands.txt
oracle/admin:docs/utilities/solaris_zones.txt,oracle/admin,docs/utilities/solaris_zones.txt,.txt,200,b28527bc9b4dcfb74acf59f8b15367bef2f9d3649dd10d8d59133b09bf6611a5,documentation,utilities,oracle/admin utilities helper: solaris zones.,REVIEW,False,[],False,docs/utilities/solaris_zones.txt
oracle/admin:docs/utilities/stat_parse.txt,oracle/admin,docs/utilities/stat_parse.txt,.txt,735,cbfc70632b7c91898321deea46cdcc6d6d99c66e34c558e4f6b7b5a671bdfa0a,documentation,utilities,oracle/admin utilities helper: stat parse.,READ_ONLY,False,[],False,docs/utilities/stat_parse.txt
oracle/admin:docs/utilities/sysmetric_views_notes.txt,oracle/admin,docs/utilities/sysmetric_views_notes.txt,.txt,264,c7b9f378ef643d207012e589a07502084500feebd44ba61be618339149db5a10,documentation,utilities,oracle/admin utilities helper: sysmetric views notes.,REVIEW,False,[],False,docs/utilities/sysmetric_views_notes.txt
oracle/admin:docs/utilities/test_plan.txt,oracle/admin,docs/utilities/test_plan.txt,.txt,19551,2f5b090b43ed9cf6015cbf92385c08932c0625602e109680d213f543eb480bce,documentation,utilities,oracle/admin utilities helper: test plan.,CHANGES,False,[],False,docs/utilities/test_plan.txt
oracle/admin:docs/utilities/tiempos_Data_protector.txt,oracle/admin,docs/utilities/tiempos_Data_protector.txt,.txt,234,422691e0bc14cbca9db043f33a34d2f8e00522c71a725dd3067143e6e6b34da7,documentation,utilities,oracle/admin utilities helper: tiempos Data protector.,REVIEW,False,[],False,docs/utilities/tiempos_Data_protector.txt
oracle/admin:docs/utilities/tkprof_ejemplo.txt,oracle/admin,docs/utilities/tkprof_ejemplo.txt,.txt,283,3adbd84082cbe5531d4ab3419f1c475d2b6f6218f3b94359748cf7d497e1813c,documentation,utilities,oracle/admin utilities helper: tkprof ejemplo.,READ_ONLY,False,['SYS'],False,docs/utilities/tkprof_ejemplo.txt
oracle/admin:docs/utilities/triggers_database.sql,oracle/admin,docs/utilities/triggers_database.sql,.sql,1915,e3eed323751c53a3ee35a5ce75a59f86ffcb52f700f9ba1044f2c99863b863d0,script,utilities,oracle/admin utilities helper: triggers database.,CHANGES,True,[],False,docs/utilities/triggers_database.sql
oracle/admin:docs/utilities/unzip_multipart.txt,oracle/admin,docs/utilities/unzip_multipart.txt,.txt,91,f69944016f2cb7b3f12ac01fae011e7d5bd365e946b188f31234bfb0c1a73707,documentation,utilities,oracle/admin utilities helper: unzip multipart.,REVIEW,False,[],False,docs/utilities/unzip_multipart.txt
oracle/admin:docs/utilities/vi_commands.txt,oracle/admin,docs/utilities/vi_commands.txt,.txt,2263,3f459c0adcda51aebc9536adf1674e41aed5947117a4163e09f350926c603ca8,documentation,utilities,oracle/admin utilities helper: vi commands.,DESTRUCTIVE,False,[],False,docs/utilities/vi_commands.txt
oracle/admin:scripts/backup_recovery/dataguard/README.md,oracle/admin,scripts/backup_recovery/dataguard/README.md,.md,2394,80e827ee3496f1a64cfd663b05afe23aeae36fec6bb42980a394e725b64d945c,documentation,backup_recovery/dataguard,oracle/admin backup_recovery/dataguard helper: README.,REVIEW,True,[],False,scripts/backup_recovery/dataguard/README.md
oracle/admin:scripts/backup_recovery/dataguard/active_dataguard.sql,oracle/admin,scripts/backup_recovery/dataguard/active_dataguard.sql,.sql,1086,082e8d4af355f2991f06de4030546710b723d934fa4836b607786b01924b3339,script,backup_recovery/dataguard,Oracle Data Guard administration helper: active dataguard.,DESTRUCTIVE,True,['variables'],False,scripts/backup_recovery/dataguard/active_dataguard.sql
oracle/admin:scripts/backup_recovery/dataguard/archive_dest.sql,oracle/admin,scripts/backup_recovery/dataguard/archive_dest.sql,.sql,1215,4f1b48f29f1dc0941f1e5c2b83b8eed736914018806a96911d5f4c1fde326619,script,backup_recovery/dataguard,Oracle Data Guard administration helper: archive dest.,READ_ONLY,True,['variables'],False,scripts/backup_recovery/dataguard/archive_dest.sql
oracle/admin:scripts/backup_recovery/dataguard/archive_dest_status.sql,oracle/admin,scripts/backup_recovery/dataguard/archive_dest_status.sql,.sql,1302,c564c142382b8b449bac947b1b4dfb12cd763acb9957426201ba47b109aa09e9,script,backup_recovery/dataguard,Oracle Data Guard administration helper: archive dest status(1).,READ_ONLY,True,['variables'],False,scripts/backup_recovery/dataguard/archive_dest_status.sql
oracle/admin:scripts/backup_recovery/dataguard/archived_log.sql,oracle/admin,scripts/backup_recovery/dataguard/archived_log.sql,.sql,1067,a19cc8880d1bb0c086e82346ed91ceda4a78d10cf13abc127c7da77d2cbb84f2,script,backup_recovery/dataguard,Oracle Data Guard administration helper: archived log.,READ_ONLY,True,['variables'],False,scripts/backup_recovery/dataguard/archived_log.sql
oracle/admin:scripts/backup_recovery/dataguard/archived_log_gap.sql,oracle/admin,scripts/backup_recovery/dataguard/archived_log_gap.sql,.sql,1153,931b2130cd7f9d8d8e6e2d36b072e752f1c8de7779622023f96780f6c638fa14,script,backup_recovery/dataguard,Oracle Data Guard administration helper: archived log gap.,READ_ONLY,True,['variables'],False,scripts/backup_recovery/dataguard/archived_log_gap.sql
oracle/admin:scripts/backup_recovery/dataguard/archived_log_scn.sql,oracle/admin,scripts/backup_recovery/dataguard/archived_log_scn.sql,.sql,1360,437e8e5fd26dbd2f58e7d703c11940a2d5d3faef6db7b6288d80eeaf4bbd11e0,script,backup_recovery/dataguard,Oracle Data Guard administration helper: archived log scn.,READ_ONLY,True,['variables'],False,scripts/backup_recovery/dataguard/archived_log_scn.sql
oracle/admin:scripts/backup_recovery/dataguard/archived_log_sequence_scn.sql,oracle/admin,scripts/backup_recovery/dataguard/archived_log_sequence_scn.sql,.sql,1081,25514ea57dce1ea08c6f8c7d1e987c02ffa7b51aaeab984999cb9342c68d2bb3,script,backup_recovery/dataguard,Oracle Data Guard administration helper: archived log sequence scn.,READ_ONLY,True,"['sequence', 'variables']",False,scripts/backup_recovery/dataguard/archived_log_sequence_scn.sql
oracle/admin:scripts/backup_recovery/dataguard/archivelog_cascade.sql,oracle/admin,scripts/backup_recovery/dataguard/archivelog_cascade.sql,.sql,1338,590553dfd796822c5a9e9a09fe10c8cf051c6eefd2349b91350d29e59b64ba44,script,backup_recovery/dataguard,Oracle Data Guard administration helper: archivelog cascade(1).,CHANGES,True,"['COMPRESSION', 'DB_UNIQUE_NAME', 'DG_CONFIG', 'SERVICE', 'VALID_FOR', 'variables']",False,scripts/backup_recovery/dataguard/archivelog_cascade.sql
oracle/admin:scripts/backup_recovery/dataguard/clear_logfile_standby_dataguard.sql,oracle/admin,scripts/backup_recovery/dataguard/clear_logfile_standby_dataguard.sql,.sql,1071,2de837557e8e6d38bcdea6d7d239a071f13e00346af03d1e32529e58331c42a3,script,backup_recovery/dataguard,Oracle Data Guard administration helper: clear logfile standby dataguard.,CHANGES,True,"['TYPE', 'variables']",False,scripts/backup_recovery/dataguard/clear_logfile_standby_dataguard.sql
oracle/admin:scripts/backup_recovery/dataguard/control_dataguard.sql,oracle/admin,scripts/backup_recovery/dataguard/control_dataguard.sql,.sql,1184,a307d082410e563f2cea0a1a36ccb4ff759fa4fe646b6d0425eb7f44f14456f0,script,backup_recovery/dataguard,Oracle Data Guard administration helper: control dataguard.,READ_ONLY,True,['variables'],False,scripts/backup_recovery/dataguard/control_dataguard.sql
oracle/admin:scripts/backup_recovery/dataguard/dataguard_archivelogs_sent_duplicates.sql,oracle/admin,scripts/backup_recovery/dataguard/dataguard_archivelogs_sent_duplicates.sql,.sql,6442,5b679363fc356abc94643da74826d7768fd109462095882b6f4a5517bc4265b9,script,backup_recovery/dataguard,Oracle Data Guard administration helper: dataguard archivelogs sent duplicates.,READ_ONLY,True,"['MI', 'SS', 'variables']",False,scripts/backup_recovery/dataguard/dataguard_archivelogs_sent_duplicates.sql
oracle/admin:scripts/backup_recovery/dataguard/dataguard_db_role.sql,oracle/admin,scripts/backup_recovery/dataguard/dataguard_db_role.sql,.sql,958,b47f6917e45bb3796d824bd27bd53bbe857ec0fbc43a6bf451a48016c91a3d18,script,backup_recovery/dataguard,Oracle Data Guard administration helper: dataguard db role.,READ_ONLY,True,['variables'],False,scripts/backup_recovery/dataguard/dataguard_db_role.sql
oracle/admin:scripts/backup_recovery/dataguard/dataguard_healthcheck_primary.sql,oracle/admin,scripts/backup_recovery/dataguard/dataguard_healthcheck_primary.sql,.sql,6458,f2960fdd532f266e70b07edc06c738ceb650300c601279861a2340c146d33ef8,script,backup_recovery/dataguard,Oracle Data Guard administration helper: dataguard healthcheck primary.,CHANGES,True,"['MI', 'SS', 'TARGET', 'dbname', 'tstamp', 'variables']",False,scripts/backup_recovery/dataguard/dataguard_healthcheck_primary.sql
oracle/admin:scripts/backup_recovery/dataguard/dataguard_healthcheck_standby.sql,oracle/admin,scripts/backup_recovery/dataguard/dataguard_healthcheck_standby.sql,.sql,6624,e613ec03f3712a467b76e4383ba3d452740ce1c739f6c8acfd9cf70ee01921f4,script,backup_recovery/dataguard,Oracle Data Guard administration helper: dataguard healthcheck standby.,DESTRUCTIVE,True,"['dbname', 'tstamp', 'variables']",False,scripts/backup_recovery/dataguard/dataguard_healthcheck_standby.sql
oracle/admin:scripts/backup_recovery/dataguard/dataguard_redo_per_second_mbps_bandwidth.sql,oracle/admin,scripts/backup_recovery/dataguard/dataguard_redo_per_second_mbps_bandwidth.sql,.sql,2449,da6294e894fc201b082f0aef137793b609caef10345111ba424f858b43cbc146,script,backup_recovery/dataguard,Oracle Data Guard administration helper: dataguard redo per second mbps bandwidth.,READ_ONLY,True,"['MI', 'SS', 'hour', 'variables']",False,scripts/backup_recovery/dataguard/dataguard_redo_per_second_mbps_bandwidth.sql
oracle/admin:scripts/backup_recovery/dataguard/dataguard_stats.sql,oracle/admin,scripts/backup_recovery/dataguard/dataguard_stats.sql,.sql,1069,01b2788f6c78fd294e88091c5ebc4592372876682095b2cb4fd6e8a09f0d6f5c,script,backup_recovery/dataguard,Oracle Data Guard administration helper: dataguard stats.,READ_ONLY,True,['variables'],False,scripts/backup_recovery/dataguard/dataguard_stats.sql
oracle/admin:scripts/backup_recovery/dataguard/dataguard_status.sql,oracle/admin,scripts/backup_recovery/dataguard/dataguard_status.sql,.sql,1113,9735aaabe8df94c41e740fd02db6b7ea3fac8ed4e9c458c57c65f9a93980bb5d,script,backup_recovery/dataguard,Oracle Data Guard administration helper: dataguard status.,CHANGES,True,"['MI', 'SS', 'variables']",False,scripts/backup_recovery/dataguard/dataguard_status.sql
oracle/admin:scripts/backup_recovery/dataguard/dataguard_status_lag.sql,oracle/admin,scripts/backup_recovery/dataguard/dataguard_status_lag.sql,.sql,1162,4f4b34464b1e6a7839900c20ee9362ace546c6e54ae8add1a13d6023d78e19b4,script,backup_recovery/dataguard,Oracle Data Guard administration helper: dataguard status lag.,READ_ONLY,True,['variables'],False,scripts/backup_recovery/dataguard/dataguard_status_lag.sql
oracle/admin:scripts/backup_recovery/dataguard/dataguard_stby_received_applied.sql,oracle/admin,scripts/backup_recovery/dataguard/dataguard_stby_received_applied.sql,.sql,1579,46bf7c22a7bbbb8acbf21513e52d37eb39e990e766358f821064d3f99ade74b2,script,backup_recovery/dataguard,Oracle Data Guard administration helper: dataguard stby received applied.,READ_ONLY,True,['variables'],False,scripts/backup_recovery/dataguard/dataguard_stby_received_applied.sql
oracle/admin:scripts/backup_recovery/dataguard/dba_registered_archived_log.sql,oracle/admin,scripts/backup_recovery/dataguard/dba_registered_archived_log.sql,.sql,1308,8cd8f82dd55146b2c87cdb4afb6edf4c4f584e0f94f8adfea9d0a8536c128f74,script,backup_recovery/dataguard,Oracle Data Guard administration helper: dba registered archived log.,CHANGES,True,"['mi', 'ss', 'variables']",False,scripts/backup_recovery/dataguard/dba_registered_archived_log.sql
oracle/admin:scripts/backup_recovery/dataguard/delete_archivelog.sh,oracle/admin,scripts/backup_recovery/dataguard/delete_archivelog.sh,.sh,3669,9cc884e7ad12ddc50f2649605827a66bcabf9fed3c69b848221401aa23a84d9a,script,backup_recovery/dataguard,Oracle Data Guard administration helper: delete archivelog.,DESTRUCTIVE,True,"['BASEDIR', 'DEFAULT_OUTPUT_LOG', 'FREQ', 'LOG', 'ORACLE_SID', 'ORAENV_ASK', 'PATH', 'PROGRAM', 'SCRIPT_NAME', 'arg1', 'arg8']",False,scripts/backup_recovery/dataguard/delete_archivelog.sh
oracle/admin:scripts/backup_recovery/dataguard/diff_archivelogs_gap.sql,oracle/admin,scripts/backup_recovery/dataguard/diff_archivelogs_gap.sql,.sql,1505,6e0b313fc99834322678af98c6dbf7e399323668205d5ebf95de626feccd934d,script,backup_recovery/dataguard,Oracle Data Guard administration helper: diff archivelogs gap.,READ_ONLY,True,['variables'],False,scripts/backup_recovery/dataguard/diff_archivelogs_gap.sql
oracle/admin:scripts/backup_recovery/dataguard/managed_standby.sql,oracle/admin,scripts/backup_recovery/dataguard/managed_standby.sql,.sql,1088,9c2cb6c0c48fb1f91ca1ad8739df5a3c69865ba64875e3034728feb70c5ac2ee,script,backup_recovery/dataguard,Oracle Data Guard administration helper: managed standby.,READ_ONLY,True,['variables'],False,scripts/backup_recovery/dataguard/managed_standby.sql
oracle/admin:scripts/backup_recovery/dataguard/prueba_StandBy.sh,oracle/admin,scripts/backup_recovery/dataguard/prueba_StandBy.sh,.sh,4397,19bafa208d676b92e9419b012245dee054c2cfaa8092400a77eedddd63c0ad3c,script,backup_recovery/dataguard,Oracle Data Guard administration helper: prueba StandBy.,DESTRUCTIVE,True,['ORACLE_SID'],False,scripts/backup_recovery/dataguard/prueba_StandBy.sh
oracle/admin:scripts/backup_recovery/dataguard/reco_log_standby_past_gap.12.1.sh,oracle/admin,scripts/backup_recovery/dataguard/reco_log_standby_past_gap.12.1.sh,.sh,1658,96d384dab366e0157352137758fe6cab1b7c61d2bcb8c2403c656c545d75c52f,script,backup_recovery/dataguard,Oracle Data Guard administration helper: reco log standby past gap 12 1(1).,READ_ONLY,True,"['MI', 'SS']",False,scripts/backup_recovery/dataguard/reco_log_standby_past_gap.12.1.sh
oracle/admin:scripts/backup_recovery/dataguard/reco_log_standby_past_gap.12.2.sh,oracle/admin,scripts/backup_recovery/dataguard/reco_log_standby_past_gap.12.2.sh,.sh,1646,19aaef7b4e3694a682a9bc411364c23ee9c665d48767e7eb473018de865b193e,script,backup_recovery/dataguard,Oracle Data Guard administration helper: reco log standby past gap 12 2(1).,READ_ONLY,True,[],False,scripts/backup_recovery/dataguard/reco_log_standby_past_gap.12.2.sh
oracle/admin:scripts/backup_recovery/dataguard/recreate_standby_logfiles.sql,oracle/admin,scripts/backup_recovery/dataguard/recreate_standby_logfiles.sql,.sql,1198,03454844b4489a801b8bc28ccc9b93856dde470497e65cc281f319fcc7ad53ea,script,backup_recovery/dataguard,Oracle Data Guard administration helper: recreate standby logfiles.,DESTRUCTIVE,True,['variables'],False,scripts/backup_recovery/dataguard/recreate_standby_logfiles.sql
oracle/admin:scripts/backup_recovery/dataguard/remove_applied_archivelog.sh,oracle/admin,scripts/backup_recovery/dataguard/remove_applied_archivelog.sh,.sh,1656,6d34355939345f23645cef6c6f5dbde75ffe8576790cfc368343e980de535ddb,script,backup_recovery/dataguard,This script will remove the applied archivelogs into a standby databases.,DESTRUCTIVE,True,"['LAST_DAYS', 'LAST_DAYS_QUERY', 'LD_LIBRARY_PATH', 'NOTIF_ERROR', 'ORACLE_HOME', 'ORACLE_SID', 'SEQ', 'arg1', 'arg2']",False,scripts/backup_recovery/dataguard/remove_applied_archivelog.sh
oracle/admin:scripts/backup_recovery/dataguard/snapshot_standby_database_flashback.sql,oracle/admin,scripts/backup_recovery/dataguard/snapshot_standby_database_flashback.sql,.sql,1935,613c52440846de2889a1530fce5192b729a99d8eb8e6200111030e82ca9661ee,script,backup_recovery/dataguard,Oracle Data Guard administration helper: snapshot standby database flashback.,DESTRUCTIVE,True,['variables'],False,scripts/backup_recovery/dataguard/snapshot_standby_database_flashback.sql
oracle/admin:scripts/backup_recovery/dataguard/standby_clear_logfiles.sql,oracle/admin,scripts/backup_recovery/dataguard/standby_clear_logfiles.sql,.sql,1403,fe5d203d9c16902d74408c7b060a8d2abed70cd917ea0e93e9934a3616d15eff,script,backup_recovery/dataguard,Oracle Data Guard administration helper: standby clear logfiles.,CHANGES,True,"['TYPE', 'variables']",False,scripts/backup_recovery/dataguard/standby_clear_logfiles.sql
oracle/admin:scripts/backup_recovery/dataguard/standby_log.sql,oracle/admin,scripts/backup_recovery/dataguard/standby_log.sql,.sql,1006,63985b59d1a0b29069e3df1f26f08912d603a881b8b98a08ad34d254a972d19a,script,backup_recovery/dataguard,Oracle Data Guard administration helper: standby log.,READ_ONLY,True,['variables'],False,scripts/backup_recovery/dataguard/standby_log.sql
oracle/admin:scripts/backup_recovery/dataguard/standby_missing_datafiles_restore.sql,oracle/admin,scripts/backup_recovery/dataguard/standby_missing_datafiles_restore.sql,.sql,1190,6a90552e1ae3d75accfd60948f0fa313b5934ed0e20e9f3d45b2ccc60a9620fd,script,backup_recovery/dataguard,Oracle Data Guard administration helper: standby missing datafiles restore.,DESTRUCTIVE,True,['variables'],False,scripts/backup_recovery/dataguard/standby_missing_datafiles_restore.sql
oracle/admin:scripts/backup_recovery/rman/CloneRmanRestore.sql,oracle/admin,scripts/backup_recovery/rman/CloneRmanRestore.sql,.sql,1158,0888ea4c7b2fcb9ac94086a0708943ad452f5d2507b3982f1c2dbd4f44ee34e5,script,backup_recovery/rman,"Oracle RMAN backup, restore or recovery helper: CloneRmanRestore.",DESTRUCTIVE,True,"['sysPassword', 'variables']",False,scripts/backup_recovery/rman/CloneRmanRestore.sql
oracle/admin:scripts/backup_recovery/rman/README.md,oracle/admin,scripts/backup_recovery/rman/README.md,.md,6750,77821a2ae280d612d4b325ecde3608fd085f27716e32bb8c652efe2b26697859,documentation,backup_recovery/rman,oracle/admin backup_recovery/rman helper: README.,REVIEW,True,[],False,scripts/backup_recovery/rman/README.md
oracle/admin:scripts/backup_recovery/rman/backupRMAN.sql,oracle/admin,scripts/backup_recovery/rman/backupRMAN.sql,.sql,1464,820b6bbcd6f233b95d83083523486366febc8501f9b30cb6942149ef6fb62ec5,script,backup_recovery/rman,"Oracle RMAN backup, restore or recovery helper: backupRMAN.",DESTRUCTIVE,True,['variables'],False,scripts/backup_recovery/rman/backupRMAN.sql
oracle/admin:scripts/backup_recovery/rman/citi_rman_24hs.sql,oracle/admin,scripts/backup_recovery/rman/citi_rman_24hs.sql,.sql,1700,26dcace117d9e4be7fd385994259ece32401c8224d092b1a2f6a1c883789d0e4,script,backup_recovery/rman,"Oracle RMAN backup, restore or recovery helper: citi rman 24hs.",DESTRUCTIVE,True,"['MI', 'variables']",False,scripts/backup_recovery/rman/citi_rman_24hs.sql
oracle/admin:scripts/backup_recovery/rman/citi_rman_avg_type.sql,oracle/admin,scripts/backup_recovery/rman/citi_rman_avg_type.sql,.sql,1128,a7b1eef678db2eb6dbab85a99383178434b4312a3498dc9e2aba3ac052ded8e1,script,backup_recovery/rman,"Oracle RMAN backup, restore or recovery helper: citi rman avg type.",DESTRUCTIVE,True,['variables'],False,scripts/backup_recovery/rman/citi_rman_avg_type.sql
oracle/admin:scripts/backup_recovery/rman/citi_rman_dly.sql,oracle/admin,scripts/backup_recovery/rman/citi_rman_dly.sql,.sql,1375,7b5ec02aedc2bc7145ddb19cff916f10b7ebc5f29060663d4b086f5944ed7561,script,backup_recovery/rman,"Oracle RMAN backup, restore or recovery helper: citi rman dly.",DESTRUCTIVE,True,"['host', 'sid', 'variables']",False,scripts/backup_recovery/rman/citi_rman_dly.sql
oracle/admin:scripts/backup_recovery/rman/citi_rman_full.sql,oracle/admin,scripts/backup_recovery/rman/citi_rman_full.sql,.sql,1257,20b7ab21c12e42326d6877cd8fdcd77906669ac1a80a3c90e07c172166b71896,script,backup_recovery/rman,"Oracle RMAN backup, restore or recovery helper: citi rman full.",DESTRUCTIVE,True,['variables'],False,scripts/backup_recovery/rman/citi_rman_full.sql
oracle/admin:scripts/backup_recovery/rman/citi_rman_status.sql,oracle/admin,scripts/backup_recovery/rman/citi_rman_status.sql,.sql,1476,98a593af57b4ffd8ac03f6cba71964aa2abb5b502312a537f0b9728e6a773770,script,backup_recovery/rman,"Oracle RMAN backup, restore or recovery helper: citi rman status.",DESTRUCTIVE,True,"['days', 'variables']",False,scripts/backup_recovery/rman/citi_rman_status.sql
oracle/admin:scripts/backup_recovery/rman/legacy_rman/IncrementalCM.rman,oracle/admin,scripts/backup_recovery/rman/legacy_rman/IncrementalCM.rman,.rman,1743,74a49b3931391958f2c58360a4aefd6983a674935a0b049e1413ab0942d83b7f,script,backup_recovery/rman,"Oracle RMAN backup, restore or recovery helper: IncrementalCM.",DESTRUCTIVE,True,['TAG'],False,scripts/backup_recovery/rman/legacy_rman/IncrementalCM.rman
oracle/admin:scripts/backup_recovery/rman/legacy_rman/RestaurarRMANSinBase!!!.sh,oracle/admin,scripts/backup_recovery/rman/legacy_rman/RestaurarRMANSinBase!!!.sh,.sh,3039,b05486fc219c377c18dc87b4557c1b776d0ea7c7ff9814bcf9dc56ba68752b47,script,backup_recovery/rman,"Oracle RMAN backup, restore or recovery helper: RestaurarRMANSinBase!!!.",DESTRUCTIVE,True,"['DBID', 'DIR_BACK', 'DIR_BACK_ARCHIVES', 'DIR_BACK_CONTROLF', 'DIR_BACK_LEVEL0', 'DIR_BACK_LEVEL1', 'DIR_LOGS', 'ORACLE_HOME', 'ORACLE_SID']",False,scripts/backup_recovery/rman/legacy_rman/RestaurarRMANSinBase!!!.sh
oracle/admin:scripts/backup_recovery/rman/legacy_rman/RestoreUntilSequence.sql,oracle/admin,scripts/backup_recovery/rman/legacy_rman/RestoreUntilSequence.sql,.sql,1826,6aa0d7977c70bedc828bec3b32f7dbac321b4618bbcda76f46f063c7405e797a,script,backup_recovery/rman,"Oracle RMAN backup, restore or recovery helper: RestoreUntilSequence.",DESTRUCTIVE,True,"['PARMS', 'variables']",False,scripts/backup_recovery/rman/legacy_rman/RestoreUntilSequence.sql
oracle/admin:scripts/backup_recovery/rman/legacy_rman/RmanCreateScripts.sql,oracle/admin,scripts/backup_recovery/rman/legacy_rman/RmanCreateScripts.sql,.sql,1474,2ea4494f22d3b24fe5d39828b93158da9b47b295b0d54dab7e9460580628910c,script,backup_recovery/rman,"Oracle RMAN backup, restore or recovery helper: RmanCreateScripts.",DESTRUCTIVE,True,['variables'],False,scripts/backup_recovery/rman/legacy_rman/RmanCreateScripts.sql
oracle/admin:scripts/backup_recovery/rman/legacy_rman/clonarbase/ClonarBase.cmd,oracle/admin,scripts/backup_recovery/rman/legacy_rman/clonarbase/ClonarBase.cmd,.cmd,6417,d99b5b3cb8476a4b4cf9efd2de5433e3ef8b642f7c7eb51090b6c12627e3953d,script,backup_recovery/rman,"Oracle RMAN backup, restore or recovery helper: ClonarBase.",DESTRUCTIVE,True,['ORACLE_SID'],False,scripts/backup_recovery/rman/legacy_rman/clonarbase/ClonarBase.cmd
oracle/admin:scripts/backup_recovery/rman/legacy_rman/creacbasedba/CloneRmanRestore.sql,oracle/admin,scripts/backup_recovery/rman/legacy_rman/creacbasedba/CloneRmanRestore.sql,.sql,1143,5c3953c27578a9957bd617f9ea19125a67521a4a3002a8273a058bb7f815cf50,script,backup_recovery/rman,"Oracle RMAN backup, restore or recovery helper: CloneRmanRestore.",DESTRUCTIVE,True,"['sysPassword', 'variables']",False,scripts/backup_recovery/rman/legacy_rman/creacbasedba/CloneRmanRestore.sql
oracle/admin:scripts/backup_recovery/rman/legacy_rman/creacbasedba/cloneDBCreation.sql,oracle/admin,scripts/backup_recovery/rman/legacy_rman/creacbasedba/cloneDBCreation.sql,.sql,3530,3808c7e0374f638a18a17ef8ddd8e8e5ec25aff8395c094d0b6f36c8906abc18,script,backup_recovery/rman,"Oracle RMAN backup, restore or recovery helper: cloneDBCreation.",DESTRUCTIVE,True,"['sysPassword', 'systemPassword', 'variables']",False,scripts/backup_recovery/rman/legacy_rman/creacbasedba/cloneDBCreation.sql
oracle/admin:scripts/backup_recovery/rman/legacy_rman/creacbasedba/dba.bat,oracle/admin,scripts/backup_recovery/rman/legacy_rman/creacbasedba/dba.bat,.bat,1646,5c09f7dbe8e27d1ae209477247ff1532794af321358c9faf0bab80e987e62d5f,script,backup_recovery/rman,"Oracle RMAN backup, restore or recovery helper: dba.",DESTRUCTIVE,True,['ORACLE_SID'],False,scripts/backup_recovery/rman/legacy_rman/creacbasedba/dba.bat
oracle/admin:scripts/backup_recovery/rman/legacy_rman/creacbasedba/dba.sql,oracle/admin,scripts/backup_recovery/rman/legacy_rman/creacbasedba/dba.sql,.sql,1651,c28d0827e11d2a7875ee010815561b4c3c93625b59d0fd71e1218c21bba64496,script,backup_recovery/rman,"Oracle RMAN backup, restore or recovery helper: dba.",DESTRUCTIVE,True,"['SPFILE', 'sysPassword', 'variables']",False,scripts/backup_recovery/rman/legacy_rman/creacbasedba/dba.sql
oracle/admin:scripts/backup_recovery/rman/legacy_rman/creacbasedba/postDBCreation.sql,oracle/admin,scripts/backup_recovery/rman/legacy_rman/creacbasedba/postDBCreation.sql,.sql,2032,d4209496be607b98201b994de3b0da82a30dfb7e52967339a385a1ffa8fa6e2b,script,backup_recovery/rman,"Oracle RMAN backup, restore or recovery helper: postDBCreation.",DESTRUCTIVE,True,"['MI', 'SS', 'dbsnmpPassword', 'sysPassword', 'sysmanPassword', 'variables']",False,scripts/backup_recovery/rman/legacy_rman/creacbasedba/postDBCreation.sql
oracle/admin:scripts/backup_recovery/rman/legacy_rman/creacbasedba/postScripts.sql,oracle/admin,scripts/backup_recovery/rman/legacy_rman/creacbasedba/postScripts.sql,.sql,1755,560e0b2a770a9dee791ecf912ebf570ab68d30841213122994190e2d267b47ee,script,backup_recovery/rman,"Oracle RMAN backup, restore or recovery helper: postScripts.",DESTRUCTIVE,True,"['sysPassword', 'variables']",False,scripts/backup_recovery/rman/legacy_rman/creacbasedba/postScripts.sql
oracle/admin:scripts/backup_recovery/rman/legacy_rman/full.rman,oracle/admin,scripts/backup_recovery/rman/legacy_rman/full.rman,.rman,1747,073221e155cf2951077a16defded7791f03cccf98fcd4363af483b41b6f019f5,script,backup_recovery/rman,"Oracle RMAN backup, restore or recovery helper: full.",DESTRUCTIVE,True,['TAG'],False,scripts/backup_recovery/rman/legacy_rman/full.rman
oracle/admin:scripts/backup_recovery/rman/legacy_rman/fullCM.rman,oracle/admin,scripts/backup_recovery/rman/legacy_rman/fullCM.rman,.rman,1890,e1018e3203deefd1d2cc7b25a7e4e394a58afeb0cb492968eea7a322db4b0390,script,backup_recovery/rman,"Oracle RMAN backup, restore or recovery helper: fullCM.",DESTRUCTIVE,True,['TAG'],False,scripts/backup_recovery/rman/legacy_rman/fullCM.rman
oracle/admin:scripts/backup_recovery/rman/legacy_rman/level0.cmd,oracle/admin,scripts/backup_recovery/rman/legacy_rman/level0.cmd,.cmd,1279,ca4539ac58405c9d75782a0f04a91fe12b714d45a91b47c0e9b3b645731c226a,script,backup_recovery/rman,"Oracle RMAN backup, restore or recovery helper: level0.",DESTRUCTIVE,True,[],False,scripts/backup_recovery/rman/legacy_rman/level0.cmd
oracle/admin:scripts/backup_recovery/rman/legacy_rman/level1.cmd,oracle/admin,scripts/backup_recovery/rman/legacy_rman/level1.cmd,.cmd,1225,9bcd3f9826b901072d6c8bb70410caebc5db052bfa56a9fce032759059acb2b4,script,backup_recovery/rman,"Oracle RMAN backup, restore or recovery helper: level1.",DESTRUCTIVE,True,[],False,scripts/backup_recovery/rman/legacy_rman/level1.cmd
oracle/admin:scripts/backup_recovery/rman/legacy_rman/restoreFull.cmd,oracle/admin,scripts/backup_recovery/rman/legacy_rman/restoreFull.cmd,.cmd,1115,3f5f2b9545c3a04cc8b083d503e8856e205de4494f58fe7e9c6e02ebb41d9fb7,script,backup_recovery/rman,"Oracle RMAN backup, restore or recovery helper: restoreFull.",DESTRUCTIVE,True,[],False,scripts/backup_recovery/rman/legacy_rman/restoreFull.cmd
oracle/admin:scripts/backup_recovery/rman/legacy_rman/rmanCM_Incremental.cmd,oracle/admin,scripts/backup_recovery/rman/legacy_rman/rmanCM_Incremental.cmd,.cmd,1269,c073b61b1677b7e268a169a9412451d28c8acb5830d2a80ebfdabfd8f8ba0bb5,script,backup_recovery/rman,"Oracle RMAN backup, restore or recovery helper: rmanCM Incremental.",DESTRUCTIVE,True,['ORACLE_SID'],False,scripts/backup_recovery/rman/legacy_rman/rmanCM_Incremental.cmd
oracle/admin:scripts/backup_recovery/rman/legacy_rman/rmanCM_full.cmd,oracle/admin,scripts/backup_recovery/rman/legacy_rman/rmanCM_full.cmd,.cmd,1234,35f097286ffd6bbf5a1871ba5a8c4cf47b564a33b55d822915badf1ea4c4f77f,script,backup_recovery/rman,"Oracle RMAN backup, restore or recovery helper: rmanCM full.",DESTRUCTIVE,True,['ORACLE_SID'],False,scripts/backup_recovery/rman/legacy_rman/rmanCM_full.cmd
oracle/admin:scripts/backup_recovery/rman/legacy_rman/rmanRestoreDatafiles.sql,oracle/admin,scripts/backup_recovery/rman/legacy_rman/rmanRestoreDatafiles.sql,.sql,2308,e33cd02b45a3e3faa5ae8068e7e4ecea00e2ffd30f9787552d6c80f058b15898,script,backup_recovery/rman,"Oracle RMAN backup, restore or recovery helper: rmanRestoreDatafiles.",DESTRUCTIVE,True,"['MI', 'SS', 'devicename', 'variables']",False,scripts/backup_recovery/rman/legacy_rman/rmanRestoreDatafiles.sql
oracle/admin:scripts/backup_recovery/rman/legacy_rman/scripts/LinuxLVL0.sh,oracle/admin,scripts/backup_recovery/rman/legacy_rman/scripts/LinuxLVL0.sh,.sh,2808,4191c844f94c2b5cc10821c7dff27b76df58768fbe714b82b7444083e7399844,script,backup_recovery/rman,"Oracle RMAN backup, restore or recovery helper: LinuxLVL0.",DESTRUCTIVE,True,"['EDITOR', 'FECHA', 'LD_LIBRARY_PATH', 'NLS_DATE_FORMAT', 'NLS_LANG', 'ORACLE_BASE', 'ORACLE_HOME', 'ORACLE_SID', 'PATH', 'RMAN_LOG', 'TNS_ADMIN', 'hh24', 'mi', 'ss']",False,scripts/backup_recovery/rman/legacy_rman/scripts/LinuxLVL0.sh
oracle/admin:scripts/backup_recovery/rman/legacy_rman/scripts/LinuxLVL1.sh,oracle/admin,scripts/backup_recovery/rman/legacy_rman/scripts/LinuxLVL1.sh,.sh,2749,65b7a5f1bd6ca27b2145c8131c74bbf1fcb4df09184963491a2e70e4070b6351,script,backup_recovery/rman,"Oracle RMAN backup, restore or recovery helper: LinuxLVL1.",DESTRUCTIVE,True,"['EDITOR', 'FECHA', 'LD_LIBRARY_PATH', 'NLS_DATE_FORMAT', 'NLS_LANG', 'ORACLE_BASE', 'ORACLE_HOME', 'ORACLE_SID', 'PATH', 'RMAN_LOG', 'TNS_ADMIN', 'hh24', 'mi', 'ss']",False,scripts/backup_recovery/rman/legacy_rman/scripts/LinuxLVL1.sh
oracle/admin:scripts/backup_recovery/rman/legacy_rman/scripts/scriptsrmancopy/scripts/cpdata/CopyDatRMAN.rman,oracle/admin,scripts/backup_recovery/rman/legacy_rman/scripts/scriptsrmancopy/scripts/cpdata/CopyDatRMAN.rman,.rman,1569,8ad3ee2e2bb6927f4abe0498925413ff398308081a490d457291c04e943fb680,script,backup_recovery/rman,"Oracle RMAN backup, restore or recovery helper: CopyDatRMAN.",DESTRUCTIVE,True,[],False,scripts/backup_recovery/rman/legacy_rman/scripts/scriptsrmancopy/scripts/cpdata/CopyDatRMAN.rman
oracle/admin:scripts/backup_recovery/rman/legacy_rman/scripts/scriptsrmancopy/scripts/cpdata/ExecControlF.bat,oracle/admin,scripts/backup_recovery/rman/legacy_rman/scripts/scriptsrmancopy/scripts/cpdata/ExecControlF.bat,.bat,1062,fb39d36e07aa74f5894a69443331e2355f929ba477b13f2224d2863aca1d574f,script,backup_recovery/rman,"Oracle RMAN backup, restore or recovery helper: ExecControlF.",DESTRUCTIVE,True,['ORACLE_SID'],False,scripts/backup_recovery/rman/legacy_rman/scripts/scriptsrmancopy/scripts/cpdata/ExecControlF.bat
oracle/admin:scripts/backup_recovery/rman/legacy_rman/scripts/scriptsrmancopy/scripts/cpdata/ExecRman.bat,oracle/admin,scripts/backup_recovery/rman/legacy_rman/scripts/scriptsrmancopy/scripts/cpdata/ExecRman.bat,.bat,1191,42d2aaa40aeaa603713ccc0ac92bda651abb96a42dd6391c79c7b5ab5a5b69a2,script,backup_recovery/rman,"Oracle RMAN backup, restore or recovery helper: ExecRman.",DESTRUCTIVE,True,['ORACLE_SID'],False,scripts/backup_recovery/rman/legacy_rman/scripts/scriptsrmancopy/scripts/cpdata/ExecRman.bat
oracle/admin:scripts/backup_recovery/rman/legacy_rman/scripts/scriptsrmancopy/scripts/cpdata/cStandByCtl.sql,oracle/admin,scripts/backup_recovery/rman/legacy_rman/scripts/scriptsrmancopy/scripts/cpdata/cStandByCtl.sql,.sql,997,a2a94e0be75cd7a4fa789626ed7ef7b975fa23a8f6f935de27217e6c91e007e2,script,backup_recovery/rman,"Oracle RMAN backup, restore or recovery helper: cStandByCtl.",DESTRUCTIVE,True,['variables'],False,scripts/backup_recovery/rman/legacy_rman/scripts/scriptsrmancopy/scripts/cpdata/cStandByCtl.sql
oracle/admin:scripts/backup_recovery/rman/legacy_rman/scripts/scriptsrmancopy/scripts/scripts/Borrar_Archives.vbs,oracle/admin,scripts/backup_recovery/rman/legacy_rman/scripts/scriptsrmancopy/scripts/scripts/Borrar_Archives.vbs,.vbs,1744,815589765d44342a17c5fb1f05935cb626f2d3ba2182e0f616233e89c8621996,script,backup_recovery/rman,"Oracle RMAN backup, restore or recovery helper: Borrar Archives.",DESTRUCTIVE,True,[],False,scripts/backup_recovery/rman/legacy_rman/scripts/scriptsrmancopy/scripts/scripts/Borrar_Archives.vbs
oracle/admin:scripts/backup_recovery/rman/legacy_rman/scripts/scriptsrmancopy/scripts/scripts/Copiar_Archives.bat,oracle/admin,scripts/backup_recovery/rman/legacy_rman/scripts/scriptsrmancopy/scripts/scripts/Copiar_Archives.bat,.bat,1039,0f32996f2bf4f601c3d9ffd0c0d0fc9a66d49814311bd9d98f137f33fa476f52,script,backup_recovery/rman,"Oracle RMAN backup, restore or recovery helper: Copiar Archives.",DESTRUCTIVE,True,[],False,scripts/backup_recovery/rman/legacy_rman/scripts/scriptsrmancopy/scripts/scripts/Copiar_Archives.bat
oracle/admin:scripts/backup_recovery/rman/legacy_rman/scripts/scriptsrmancopy/scripts/scripts/Copiar_Datafiles.bat,oracle/admin,scripts/backup_recovery/rman/legacy_rman/scripts/scriptsrmancopy/scripts/scripts/Copiar_Datafiles.bat,.bat,1656,00bcbf81c131c00ccd25a05cff2425d7f0199a0d2b64b851724a4c6e467b2659,script,backup_recovery/rman,"Oracle RMAN backup, restore or recovery helper: Copiar Datafiles.",DESTRUCTIVE,True,[],False,scripts/backup_recovery/rman/legacy_rman/scripts/scriptsrmancopy/scripts/scripts/Copiar_Datafiles.bat
oracle/admin:scripts/backup_recovery/rman/legacy_rman/scripts/scriptsrmancopy/scripts/scripts/ExecRecover.bat,oracle/admin,scripts/backup_recovery/rman/legacy_rman/scripts/scriptsrmancopy/scripts/scripts/ExecRecover.bat,.bat,1049,365a73231516373d5052a54993877f2957af3d147eb5b103854d386244c7b6fc,script,backup_recovery/rman,"Oracle RMAN backup, restore or recovery helper: ExecRecover.",DESTRUCTIVE,True,['ORACLE_SID'],False,scripts/backup_recovery/rman/legacy_rman/scripts/scriptsrmancopy/scripts/scripts/ExecRecover.bat
oracle/admin:scripts/backup_recovery/rman/legacy_rman/scripts/scriptsrmancopy/scripts/scripts/SwitchBackSTB.bat,oracle/admin,scripts/backup_recovery/rman/legacy_rman/scripts/scriptsrmancopy/scripts/scripts/SwitchBackSTB.bat,.bat,2192,ece9ec02ebe84b7aa2c0dd9c47357c753f713edb17e78234a041391b906dc82a,script,backup_recovery/rman,"Oracle RMAN backup, restore or recovery helper: SwitchBackSTB.",DESTRUCTIVE,True,['ORACLE_SID'],False,scripts/backup_recovery/rman/legacy_rman/scripts/scriptsrmancopy/scripts/scripts/SwitchBackSTB.bat
oracle/admin:scripts/backup_recovery/rman/legacy_rman/scripts/scriptsrmancopy/scripts/scripts/SwitchOverSTB.bat,oracle/admin,scripts/backup_recovery/rman/legacy_rman/scripts/scriptsrmancopy/scripts/scripts/SwitchOverSTB.bat,.bat,2138,caa9098b6d168f3da0d3e23dc337b524ec10967390c6b786e4db1a43c83cff10,script,backup_recovery/rman,"Oracle RMAN backup, restore or recovery helper: SwitchOverSTB.",DESTRUCTIVE,True,['ORACLE_SID'],False,scripts/backup_recovery/rman/legacy_rman/scripts/scriptsrmancopy/scripts/scripts/SwitchOverSTB.bat
oracle/admin:scripts/backup_recovery/rman/legacy_rman/scripts/scriptsrmancopy/scripts/scripts/cRecoverSTB.sql,oracle/admin,scripts/backup_recovery/rman/legacy_rman/scripts/scriptsrmancopy/scripts/scripts/cRecoverSTB.sql,.sql,1060,9383970d866a27642905dac10f537afef51380093834e8afed60e6a5b5868c72,script,backup_recovery/rman,"Oracle RMAN backup, restore or recovery helper: cRecoverSTB.",DESTRUCTIVE,True,['variables'],False,scripts/backup_recovery/rman/legacy_rman/scripts/scriptsrmancopy/scripts/scripts/cRecoverSTB.sql
oracle/admin:scripts/backup_recovery/rman/legacy_rman/scripts_peru_prod/scripts_rman/ejecutaBKPDatafile.sh,oracle/admin,scripts/backup_recovery/rman/legacy_rman/scripts_peru_prod/scripts_rman/ejecutaBKPDatafile.sh,.sh,1088,635d56fb736bb56b398d0e92519fb1dbe391229406908861f2cdd1495d8337b9,script,backup_recovery/rman,"Oracle RMAN backup, restore or recovery helper: ejecutaBKPDatafile.",DESTRUCTIVE,True,[],False,scripts/backup_recovery/rman/legacy_rman/scripts_peru_prod/scripts_rman/ejecutaBKPDatafile.sh
oracle/admin:scripts/backup_recovery/rman/legacy_rman/scripts_peru_prod/scripts_rman/ejecutaBKPFull.sh,oracle/admin,scripts/backup_recovery/rman/legacy_rman/scripts_peru_prod/scripts_rman/ejecutaBKPFull.sh,.sh,1055,62abe5ab072f9172edad8818d983d532e5c49db9a7fda6a49045dd50eecc6b5d,script,backup_recovery/rman,"Oracle RMAN backup, restore or recovery helper: ejecutaBKPFull.",DESTRUCTIVE,True,['ORACLE_SID'],False,scripts/backup_recovery/rman/legacy_rman/scripts_peru_prod/scripts_rman/ejecutaBKPFull.sh
oracle/admin:scripts/backup_recovery/rman/legacy_rman/scripts_peru_prod/scripts_rman/ejecutaRestoreDatafile.sh,oracle/admin,scripts/backup_recovery/rman/legacy_rman/scripts_peru_prod/scripts_rman/ejecutaRestoreDatafile.sh,.sh,1002,07eae029d606711160900ac61ae8b84e3bd85bedcd8617f1ccc75c146fdd13cd,script,backup_recovery/rman,"Oracle RMAN backup, restore or recovery helper: ejecutaRestoreDatafile.",DESTRUCTIVE,True,[],False,scripts/backup_recovery/rman/legacy_rman/scripts_peru_prod/scripts_rman/ejecutaRestoreDatafile.sh
oracle/admin:scripts/backup_recovery/rman/legacy_rman/scripts_peru_prod/scripts_rman/ejecutaRestoreFull.sh,oracle/admin,scripts/backup_recovery/rman/legacy_rman/scripts_peru_prod/scripts_rman/ejecutaRestoreFull.sh,.sh,983,8c7ad529446deae276b430e428bcc9a5b983ef5759dcec9f803e61f05d6c3798,script,backup_recovery/rman,"Oracle RMAN backup, restore or recovery helper: ejecutaRestoreFull.",DESTRUCTIVE,True,[],False,scripts/backup_recovery/rman/legacy_rman/scripts_peru_prod/scripts_rman/ejecutaRestoreFull.sh
oracle/admin:scripts/backup_recovery/rman/legacy_rman/scripts_peru_prod/scripts_rman/ejecutaRestoreTablespace.sh,oracle/admin,scripts/backup_recovery/rman/legacy_rman/scripts_peru_prod/scripts_rman/ejecutaRestoreTablespace.sh,.sh,1009,257704d630f89b99e7ada62d1816e659195c346a36723562946803894a549f57,script,backup_recovery/rman,"Oracle RMAN backup, restore or recovery helper: ejecutaRestoreTablespace.",DESTRUCTIVE,True,[],False,scripts/backup_recovery/rman/legacy_rman/scripts_peru_prod/scripts_rman/ejecutaRestoreTablespace.sh
oracle/admin:scripts/backup_recovery/rman/legacy_rman/scripts_peru_prod/scripts_rman/ejecutaRestoreTime.sh,oracle/admin,scripts/backup_recovery/rman/legacy_rman/scripts_peru_prod/scripts_rman/ejecutaRestoreTime.sh,.sh,985,27716e66986b7bc0cc7c55122e11ecc4861442e9c10ee7d02da90e23b87b4585,script,backup_recovery/rman,"Oracle RMAN backup, restore or recovery helper: ejecutaRestoreTime.",DESTRUCTIVE,True,[],False,scripts/backup_recovery/rman/legacy_rman/scripts_peru_prod/scripts_rman/ejecutaRestoreTime.sh
oracle/admin:scripts/backup_recovery/rman/legacy_rman/scripts_peru_prod/scripts_rman/ejecuta_mail.sql,oracle/admin,scripts/backup_recovery/rman/legacy_rman/scripts_peru_prod/scripts_rman/ejecuta_mail.sql,.sql,972,b9ada9e134eda06cc3b02aaa83a43740d0c1cd82fc6ebe0a17e09aaa6492e001,script,backup_recovery/rman,"Oracle RMAN backup, restore or recovery helper: ejecuta mail.",DESTRUCTIVE,True,['variables'],False,scripts/backup_recovery/rman/legacy_rman/scripts_peru_prod/scripts_rman/ejecuta_mail.sql
oracle/admin:scripts/backup_recovery/rman/legacy_rman/scripts_peru_prod/scripts_rman/full.sql,oracle/admin,scripts/backup_recovery/rman/legacy_rman/scripts_peru_prod/scripts_rman/full.sql,.sql,1318,20b27690d57d238a1c763ac91e907be4d00e44b9c898d5279549956a60568052,script,backup_recovery/rman,"Oracle RMAN backup, restore or recovery helper: full.",DESTRUCTIVE,True,['variables'],False,scripts/backup_recovery/rman/legacy_rman/scripts_peru_prod/scripts_rman/full.sql
oracle/admin:scripts/backup_recovery/rman/legacy_rman/scripts_peru_prod/scripts_rman/restoreDatafile.sql,oracle/admin,scripts/backup_recovery/rman/legacy_rman/scripts_peru_prod/scripts_rman/restoreDatafile.sql,.sql,1153,4cf54e4b4dc521ed94d39d434aa1c1b0364f87783cdfc470485cbde5b854959a,script,backup_recovery/rman,"Oracle RMAN backup, restore or recovery helper: restoreDatafile.",DESTRUCTIVE,True,['variables'],False,scripts/backup_recovery/rman/legacy_rman/scripts_peru_prod/scripts_rman/restoreDatafile.sql
oracle/admin:scripts/backup_recovery/rman/legacy_rman/scripts_peru_prod/scripts_rman/restoreFull.sql,oracle/admin,scripts/backup_recovery/rman/legacy_rman/scripts_peru_prod/scripts_rman/restoreFull.sql,.sql,1108,36241b076256afecdf962018a60f7e378a5f31fd2f3a2dc46886830db34d09f0,script,backup_recovery/rman,"Oracle RMAN backup, restore or recovery helper: restoreFull.",DESTRUCTIVE,True,['variables'],False,scripts/backup_recovery/rman/legacy_rman/scripts_peru_prod/scripts_rman/restoreFull.sql
oracle/admin:scripts/backup_recovery/rman/legacy_rman/scripts_peru_prod/scripts_rman/restoreTablespace.sql,oracle/admin,scripts/backup_recovery/rman/legacy_rman/scripts_peru_prod/scripts_rman/restoreTablespace.sql,.sql,1175,ccbc5b49b440acef82492415d557eceb242c4138252cdbd37ae076582f529248,script,backup_recovery/rman,"Oracle RMAN backup, restore or recovery helper: restoreTablespace.",DESTRUCTIVE,True,['variables'],False,scripts/backup_recovery/rman/legacy_rman/scripts_peru_prod/scripts_rman/restoreTablespace.sql
oracle/admin:scripts/backup_recovery/rman/legacy_rman/scripts_peru_prod/scripts_rman/restoreTime.sql,oracle/admin,scripts/backup_recovery/rman/legacy_rman/scripts_peru_prod/scripts_rman/restoreTime.sql,.sql,1121,8510bcd1cf19026b648987ecfa10baad7aa273896d4bb7ce215fc22e22601163,script,backup_recovery/rman,"Oracle RMAN backup, restore or recovery helper: restoreTime.",DESTRUCTIVE,True,['variables'],False,scripts/backup_recovery/rman/legacy_rman/scripts_peru_prod/scripts_rman/restoreTime.sql
oracle/admin:scripts/backup_recovery/rman/legacy_rman/varios/BkpBin.cmd,oracle/admin,scripts/backup_recovery/rman/legacy_rman/varios/BkpBin.cmd,.cmd,964,f6eabe9a3474d3c108d7f8ab95314193aec1219dc73cde00de5328dc2f4b75ef,script,backup_recovery/rman,"Oracle RMAN backup, restore or recovery helper: BkpBin.",DESTRUCTIVE,True,[],False,scripts/backup_recovery/rman/legacy_rman/varios/BkpBin.cmd
oracle/admin:scripts/backup_recovery/rman/legacy_rman/varios/BkpPASS.cmd,oracle/admin,scripts/backup_recovery/rman/legacy_rman/varios/BkpPASS.cmd,.cmd,1195,45bd0bac22c92b6ac9395bbc43f884e15e2c5cab8d58a1e072a8db431796fbc7,script,backup_recovery/rman,"Oracle RMAN backup, restore or recovery helper: BkpPASS.",DESTRUCTIVE,True,[],False,scripts/backup_recovery/rman/legacy_rman/varios/BkpPASS.cmd
oracle/admin:scripts/backup_recovery/rman/legacy_rman/varios/RestoreTime.sql,oracle/admin,scripts/backup_recovery/rman/legacy_rman/varios/RestoreTime.sql,.sql,1121,92ba6cbedf6dd57f5004efe950cceb4b033ef9517780b7f53ace4bec8158a23b,script,backup_recovery/rman,"Oracle RMAN backup, restore or recovery helper: RestoreTime.",DESTRUCTIVE,True,['variables'],False,scripts/backup_recovery/rman/legacy_rman/varios/RestoreTime.sql
oracle/admin:scripts/backup_recovery/rman/legacy_rman/varios/backdatafile3.sql,oracle/admin,scripts/backup_recovery/rman/legacy_rman/varios/backdatafile3.sql,.sql,1086,3b91c94c8e4916b1a3c7895768cfac7329eada4f69167f443f17f5823a639a27,script,backup_recovery/rman,"Oracle RMAN backup, restore or recovery helper: backdatafile3.",DESTRUCTIVE,True,['variables'],False,scripts/backup_recovery/rman/legacy_rman/varios/backdatafile3.sql
oracle/admin:scripts/backup_recovery/rman/legacy_rman/varios/backdatafile6.sql,oracle/admin,scripts/backup_recovery/rman/legacy_rman/varios/backdatafile6.sql,.sql,1086,b6a4ffbf94d0e1e96d2a36d9ac30b49e89fe7e4d8be5bc06cf4e8c9165398cf2,script,backup_recovery/rman,"Oracle RMAN backup, restore or recovery helper: backdatafile6.",DESTRUCTIVE,True,['variables'],False,scripts/backup_recovery/rman/legacy_rman/varios/backdatafile6.sql
oracle/admin:scripts/backup_recovery/rman/legacy_rman/varios/ejcutaBKPInc.cmd,oracle/admin,scripts/backup_recovery/rman/legacy_rman/varios/ejcutaBKPInc.cmd,.cmd,1106,2dd581e7c59666a335bfa8e1eb4f78b2c4f4c7006f9c44efe790fcb76e39ca6d,script,backup_recovery/rman,"Oracle RMAN backup, restore or recovery helper: ejcutaBKPInc.",DESTRUCTIVE,True,[],False,scripts/backup_recovery/rman/legacy_rman/varios/ejcutaBKPInc.cmd
oracle/admin:scripts/backup_recovery/rman/legacy_rman/varios/ejcutaBKPInc2.bat,oracle/admin,scripts/backup_recovery/rman/legacy_rman/varios/ejcutaBKPInc2.bat,.bat,1110,1e53fae3d2318e2eb04da6b4c2db53df5684408b9e66b70fca1743e8e74993eb,script,backup_recovery/rman,"Oracle RMAN backup, restore or recovery helper: ejcutaBKPInc2.",DESTRUCTIVE,True,[],False,scripts/backup_recovery/rman/legacy_rman/varios/ejcutaBKPInc2.bat
oracle/admin:scripts/backup_recovery/rman/legacy_rman/varios/ejecutaBKPDatafile3.cmd,oracle/admin,scripts/backup_recovery/rman/legacy_rman/varios/ejecutaBKPDatafile3.cmd,.cmd,1129,599884e150803bafa2dba883c10a14b72435ef8def192bca0df83746f0758d25,script,backup_recovery/rman,"Oracle RMAN backup, restore or recovery helper: ejecutaBKPDatafile3.",DESTRUCTIVE,True,[],False,scripts/backup_recovery/rman/legacy_rman/varios/ejecutaBKPDatafile3.cmd
oracle/admin:scripts/backup_recovery/rman/legacy_rman/varios/ejecutaBKPDatafile6.cmd,oracle/admin,scripts/backup_recovery/rman/legacy_rman/varios/ejecutaBKPDatafile6.cmd,.cmd,1129,a5783c037cca6d7ebce97ca5ab9b6473037beb857b4da8d889d5c5ecf793d648,script,backup_recovery/rman,"Oracle RMAN backup, restore or recovery helper: ejecutaBKPDatafile6.",DESTRUCTIVE,True,[],False,scripts/backup_recovery/rman/legacy_rman/varios/ejecutaBKPDatafile6.cmd
oracle/admin:scripts/backup_recovery/rman/legacy_rman/varios/ejecutaBKPFull.cmd,oracle/admin,scripts/backup_recovery/rman/legacy_rman/varios/ejecutaBKPFull.cmd,.cmd,1105,f89b787be8175026191b518eaa48975758695d18a7fce8dab1a23d8f45535124,script,backup_recovery/rman,"Oracle RMAN backup, restore or recovery helper: ejecutaBKPFull.",DESTRUCTIVE,True,[],False,scripts/backup_recovery/rman/legacy_rman/varios/ejecutaBKPFull.cmd
oracle/admin:scripts/backup_recovery/rman/legacy_rman/varios/ejecutaRestoreFull.cmd,oracle/admin,scripts/backup_recovery/rman/legacy_rman/varios/ejecutaRestoreFull.cmd,.cmd,1021,fd9ff427509836f9ad89d178daa67e51b18f227239f36faba8e0e042202340f8,script,backup_recovery/rman,"Oracle RMAN backup, restore or recovery helper: ejecutaRestoreFull.",DESTRUCTIVE,True,[],False,scripts/backup_recovery/rman/legacy_rman/varios/ejecutaRestoreFull.cmd
oracle/admin:scripts/backup_recovery/rman/legacy_rman/varios/ejecutaRestoreTime.cmd,oracle/admin,scripts/backup_recovery/rman/legacy_rman/varios/ejecutaRestoreTime.cmd,.cmd,1023,cd5f339042201b8474ff6052f55764ba97a44c9822db90445dd8b62cc6b0ff6f,script,backup_recovery/rman,"Oracle RMAN backup, restore or recovery helper: ejecutaRestoreTime.",DESTRUCTIVE,True,[],False,scripts/backup_recovery/rman/legacy_rman/varios/ejecutaRestoreTime.cmd
oracle/admin:scripts/backup_recovery/rman/legacy_rman/varios/ejecutarRestoreDatafile.cmd,oracle/admin,scripts/backup_recovery/rman/legacy_rman/varios/ejecutarRestoreDatafile.cmd,.cmd,1043,d6b5de1b229cb1e1973b83076b26a7f3a67f06b5149683cf57a93d0f0414b03a,script,backup_recovery/rman,"Oracle RMAN backup, restore or recovery helper: ejecutarRestoreDatafile.",DESTRUCTIVE,True,[],False,scripts/backup_recovery/rman/legacy_rman/varios/ejecutarRestoreDatafile.cmd
oracle/admin:scripts/backup_recovery/rman/legacy_rman/varios/ejecutarRestoreTablepace.cmd,oracle/admin,scripts/backup_recovery/rman/legacy_rman/varios/ejecutarRestoreTablepace.cmd,.cmd,1047,2f0f93e7a37e1de9466d082e1d5c8ff9285ba3fcb4c8f2702027f9af1f1232bf,script,backup_recovery/rman,"Oracle RMAN backup, restore or recovery helper: ejecutarRestoreTablepace.",DESTRUCTIVE,True,[],False,scripts/backup_recovery/rman/legacy_rman/varios/ejecutarRestoreTablepace.cmd
oracle/admin:scripts/backup_recovery/rman/legacy_rman/varios/full.sql,oracle/admin,scripts/backup_recovery/rman/legacy_rman/varios/full.sql,.sql,1535,bd4c81f12e193e202e592fc5599b96f1fae4fc05b527787e653ecbf659bd06e4,script,backup_recovery/rman,"Oracle RMAN backup, restore or recovery helper: full.",DESTRUCTIVE,True,['variables'],False,scripts/backup_recovery/rman/legacy_rman/varios/full.sql
oracle/admin:scripts/backup_recovery/rman/legacy_rman/varios/incremental.sql,oracle/admin,scripts/backup_recovery/rman/legacy_rman/varios/incremental.sql,.sql,1115,ee6d7a570468654acc8e70c8b85f167e499485fc8674146d41d7c92cc5606a57,script,backup_recovery/rman,"Oracle RMAN backup, restore or recovery helper: incremental.",DESTRUCTIVE,True,['variables'],False,scripts/backup_recovery/rman/legacy_rman/varios/incremental.sql
oracle/admin:scripts/backup_recovery/rman/legacy_rman/varios/incremental2.sql,oracle/admin,scripts/backup_recovery/rman/legacy_rman/varios/incremental2.sql,.sql,1102,99cf9fe4b6f276c3b2c19105ae9eeb59938d71cb13be2e8b41b53b7bdb4bd0ff,script,backup_recovery/rman,"Oracle RMAN backup, restore or recovery helper: incremental2.",DESTRUCTIVE,True,['variables'],False,scripts/backup_recovery/rman/legacy_rman/varios/incremental2.sql
oracle/admin:scripts/backup_recovery/rman/legacy_rman/varios/restoreDatafile3.sql,oracle/admin,scripts/backup_recovery/rman/legacy_rman/varios/restoreDatafile3.sql,.sql,1097,290ebc5d425073105b9d13a69b9e89de1b4084a4b5dc1a782cd8c36d05c30e62,script,backup_recovery/rman,"Oracle RMAN backup, restore or recovery helper: restoreDatafile3.",DESTRUCTIVE,True,['variables'],False,scripts/backup_recovery/rman/legacy_rman/varios/restoreDatafile3.sql
oracle/admin:scripts/backup_recovery/rman/legacy_rman/windows/IncrementalCM.rman,oracle/admin,scripts/backup_recovery/rman/legacy_rman/windows/IncrementalCM.rman,.rman,1327,3e3d15b410b9e614dd22388cbe09c6e0570e4b9b3410c19f3f9bba892acacbe4,script,backup_recovery/rman,"Oracle RMAN backup, restore or recovery helper: IncrementalCM.",DESTRUCTIVE,True,[],False,scripts/backup_recovery/rman/legacy_rman/windows/IncrementalCM.rman
oracle/admin:scripts/backup_recovery/rman/legacy_rman/windows/fullCM.rman,oracle/admin,scripts/backup_recovery/rman/legacy_rman/windows/fullCM.rman,.rman,1591,d5931c43fd5cb1fe5e564c6a5ef7d402564af6dea3292a5dc3016cf165b9a6bc,script,backup_recovery/rman,"Oracle RMAN backup, restore or recovery helper: fullCM.",DESTRUCTIVE,True,[],False,scripts/backup_recovery/rman/legacy_rman/windows/fullCM.rman
oracle/admin:scripts/backup_recovery/rman/legacy_rman/windows/rmanCM_Incremental.cmd,oracle/admin,scripts/backup_recovery/rman/legacy_rman/windows/rmanCM_Incremental.cmd,.cmd,1218,ef38d16030c9b09b4953bedc88195a3d3d2faf9e4e5435ef60e2e53b91993b95,script,backup_recovery/rman,"Oracle RMAN backup, restore or recovery helper: rmanCM Incremental.",DESTRUCTIVE,True,['ORACLE_SID'],False,scripts/backup_recovery/rman/legacy_rman/windows/rmanCM_Incremental.cmd
oracle/admin:scripts/backup_recovery/rman/legacy_rman/windows/rmanCM_full.cmd,oracle/admin,scripts/backup_recovery/rman/legacy_rman/windows/rmanCM_full.cmd,.cmd,1196,066c97542fba7df78ca2d0bc548f83be44a1e123fa2463e81b3c500208dab93e,script,backup_recovery/rman,"Oracle RMAN backup, restore or recovery helper: rmanCM full.",DESTRUCTIVE,True,['ORACLE_SID'],False,scripts/backup_recovery/rman/legacy_rman/windows/rmanCM_full.cmd
oracle/admin:scripts/backup_recovery/rman/legacy_rman/windows/script_ejec_rman.cmd,oracle/admin,scripts/backup_recovery/rman/legacy_rman/windows/script_ejec_rman.cmd,.cmd,1779,907053bd9c0ef382413580c8d9f6465e9844c8ece0037f3524639eb4f217c7d2,script,backup_recovery/rman,"Oracle RMAN backup, restore or recovery helper: script ejec rman.",DESTRUCTIVE,True,['ORACLE_SID'],False,scripts/backup_recovery/rman/legacy_rman/windows/script_ejec_rman.cmd
oracle/admin:scripts/backup_recovery/rman/performance_report_online_html.sql,oracle/admin,scripts/backup_recovery/rman/performance_report_online_html.sql,.sql,13440,d288c66cdf1d3e3273ac54f588630a0c252d8c59dcc23e17eb942809d696d72e,script,backup_recovery/rman,oracle/admin backup_recovery/rman helper: performance report online html.,READ_ONLY,True,"['Top', '_dbname', 'dba_hist_snapshot_days', 'filen', 'minutes', 'sysdt']",False,scripts/backup_recovery/rman/performance_report_online_html.sql
oracle/admin:scripts/backup_recovery/rman/rc_rman_configuration.sql,oracle/admin,scripts/backup_recovery/rman/rc_rman_configuration.sql,.sql,1157,2cb7747aabda6ee48cb5cdc83d4eaea66c28d1a74ee780d5402ddb809b3b285c,script,backup_recovery/rman,"Oracle RMAN backup, restore or recovery helper: rc rman configuration.",DESTRUCTIVE,True,"['db_name', 'variables']",False,scripts/backup_recovery/rman/rc_rman_configuration.sql
oracle/admin:scripts/backup_recovery/rman/rc_rman_databases.sql,oracle/admin,scripts/backup_recovery/rman/rc_rman_databases.sql,.sql,942,e2d0c9396863b232c0f6cc1f61bb065df9550ad94207eb52c5e11f7f561d0c04,script,backup_recovery/rman,"Oracle RMAN backup, restore or recovery helper: rc rman databases.",DESTRUCTIVE,True,['variables'],False,scripts/backup_recovery/rman/rc_rman_databases.sql
oracle/admin:scripts/backup_recovery/rman/rc_rman_output.sql,oracle/admin,scripts/backup_recovery/rman/rc_rman_output.sql,.sql,1022,d4055a7ee50318890783212e152254f97794c22342d921cfc79a4c3ac81722fc,script,backup_recovery/rman,"Oracle RMAN backup, restore or recovery helper: rc rman output.",DESTRUCTIVE,True,['variables'],False,scripts/backup_recovery/rman/rc_rman_output.sql
oracle/admin:scripts/backup_recovery/rman/rc_rman_running.sql,oracle/admin,scripts/backup_recovery/rman/rc_rman_running.sql,.sql,3552,f9dd25abbf4b05282249376ac9147a5519f10051e89db98abb6aa8f7ce700032,script,backup_recovery/rman,"Oracle RMAN backup, restore or recovery helper: rc rman running.",DESTRUCTIVE,True,"['STATUS', 'variables']",False,scripts/backup_recovery/rman/rc_rman_running.sql
oracle/admin:scripts/backup_recovery/rman/rc_rman_status.sql,oracle/admin,scripts/backup_recovery/rman/rc_rman_status.sql,.sql,2614,a8aecba80d811ee9ab17087a2da261d84535f4c8f9fa994504327902f01d4f3b,script,backup_recovery/rman,"Oracle RMAN backup, restore or recovery helper: rc rman status.",DESTRUCTIVE,True,"['days', 'db_name', 'mi', 'object_type', 'operation', 'output_device_type', 'ss', 'variables']",False,scripts/backup_recovery/rman/rc_rman_status.sql
oracle/admin:scripts/backup_recovery/rman/rc_rman_status_full.sql,oracle/admin,scripts/backup_recovery/rman/rc_rman_status_full.sql,.sql,1658,63c318ca27c185acc8c0fff2ab9df1b183674c78f8e60d4472da22183e3e9337,script,backup_recovery/rman,"Oracle RMAN backup, restore or recovery helper: rc rman status full.",DESTRUCTIVE,True,['variables'],False,scripts/backup_recovery/rman/rc_rman_status_full.sql
oracle/admin:scripts/backup_recovery/rman/rmanRestoreDatafiles.sql,oracle/admin,scripts/backup_recovery/rman/rmanRestoreDatafiles.sql,.sql,2268,3be79612aa13c812861a027a8f9a014ae6ff44108c182698142a5c22ef678318,script,backup_recovery/rman,"Oracle RMAN backup, restore or recovery helper: rmanRestoreDatafiles.",DESTRUCTIVE,True,"['MI', 'SS', 'devicename', 'variables']",False,scripts/backup_recovery/rman/rmanRestoreDatafiles.sql
oracle/admin:scripts/backup_recovery/rman/rman_backup.sh,oracle/admin,scripts/backup_recovery/rman/rman_backup.sh,.sh,12987,ec915a8203e608717f747749eda0a5f62e88f0a6ce71203142959a0745f7e886,script,backup_recovery/rman,Performs a LEVEL 0 + ARCHIVELOG backup. #,DESTRUCTIVE,True,"['AMBIENTE', 'BKPDIR', 'ERROR', 'LOGFILE', 'MAIL_DBAS', 'MAIL_MSG', 'MAIL_OPERADORES', 'MAIL_TO', 'MI', 'NARG', 'NLS_DATE_FORMAT', 'NLS_LANG', 'ORACLE_BASE', 'ORACLE_HOME', 'ORACLE_SID', 'PATH', 'SS', 'TAG', 'TIPO', 'WARNING', 'WDIR', 'arg1', 'arg2', 'arg3', 'arg4', 'arg9']",False,scripts/backup_recovery/rman/rman_backup.sh
oracle/admin:scripts/backup_recovery/rman/rman_backup_archivelog_sequence.sh,oracle/admin,scripts/backup_recovery/rman/rman_backup_archivelog_sequence.sh,.sh,1564,fedee43ae13a9f6c1ffb431446c292c4aacd680f719d8dcc3c8597177244a665,script,backup_recovery/rman,"Oracle RMAN backup, restore or recovery helper: rman backup archivelog sequence.",DESTRUCTIVE,True,[],False,scripts/backup_recovery/rman/rman_backup_archivelog_sequence.sh
oracle/admin:scripts/backup_recovery/rman/rman_backup_full.sh,oracle/admin,scripts/backup_recovery/rman/rman_backup_full.sh,.sh,1693,b71663ce3cd608f0b4113118f577efc7b012d2245fa98b75445f31cd8842c9f9,script,backup_recovery/rman,"Oracle RMAN backup, restore or recovery helper: rman backup full.",DESTRUCTIVE,True,"['ORACLE_SID', 'ORAENV_ASK']",False,scripts/backup_recovery/rman/rman_backup_full.sh
oracle/admin:scripts/backup_recovery/rman/rman_backup_job_details.sql,oracle/admin,scripts/backup_recovery/rman/rman_backup_job_details.sql,.sql,1495,c541ebdd224fd4a380b479d83d02c7b6d516a0d5e30fe2bf212a65d3e477185b,script,backup_recovery/rman,"Oracle RMAN backup, restore or recovery helper: rman backup job details.",DESTRUCTIVE,True,"['STATUS', 'mi', 'variables']",False,scripts/backup_recovery/rman/rman_backup_job_details.sql
oracle/admin:scripts/backup_recovery/rman/rman_backup_job_details_vview.sql,oracle/admin,scripts/backup_recovery/rman/rman_backup_job_details_vview.sql,.sql,1321,4ff481cc79f13f04cb71a92546811f24ce23e862ca15d35d8f60b1b73a614c33,script,backup_recovery/rman,"Oracle RMAN backup, restore or recovery helper: v$rman backup job details (1).",DESTRUCTIVE,True,"['mi', 'variables']",False,scripts/backup_recovery/rman/rman_backup_job_details_vview.sql
oracle/admin:scripts/backup_recovery/rman/rman_backup_set_details.sql,oracle/admin,scripts/backup_recovery/rman/rman_backup_set_details.sql,.sql,2596,e3b132f1e08cbb55cb8808527b12ccf297afb93031adc4d3e24b74f9c2ac9d6a,script,backup_recovery/rman,"Oracle RMAN backup, restore or recovery helper: rman backup set details.",DESTRUCTIVE,True,"['bkp_type', 'filename', 'variables']",False,scripts/backup_recovery/rman/rman_backup_set_details.sql
oracle/admin:scripts/backup_recovery/rman/rman_backup_set_details_report.sql,oracle/admin,scripts/backup_recovery/rman/rman_backup_set_details_report.sql,.sql,8530,79d9d0a19b94a6183e6f5f4ae6b8c2d9f64bfd628b44c45eab337b0738051e21,script,backup_recovery/rman,oracle/admin backup_recovery/rman helper: rman backup set details report.,CHANGES,True,"['BGCOLOR', 'BORDER', 'Black', 'DIR_SPOOL', 'MI', 'SS', 'WIDTH', 'White', 'black', 'bold', 'darkgreen', 'dbinf', 'repHeader', 'top']",False,scripts/backup_recovery/rman/rman_backup_set_details_report.sql
oracle/admin:scripts/backup_recovery/rman/rman_catalog_datafilecopy.sql,oracle/admin,scripts/backup_recovery/rman/rman_catalog_datafilecopy.sql,.sql,1037,60b50a42587976a684046087422cc7295b6e23c2279d32419d11840237407df7,script,backup_recovery/rman,"Oracle RMAN backup, restore or recovery helper: rman catalog datafilecopy.",DESTRUCTIVE,True,['variables'],False,scripts/backup_recovery/rman/rman_catalog_datafilecopy.sql
oracle/admin:scripts/backup_recovery/rman/rman_catalog_report.sql,oracle/admin,scripts/backup_recovery/rman/rman_catalog_report.sql,.sql,19761,dc72baf3a412569fd0a953f63c8822fdcc9343931667f9cf9c8d170bc4050107,script,backup_recovery/rman,Genera reporte html de lo registrado en el catalogo de rman en los ultimos 8 dias,CHANGES,True,"['MI', 'SS', 'White', 'absolute', 'auto', 'black', 'bold', 'dflt_name', 'hidden', 'mi', 'report_name', 'ss', 'top']",False,scripts/backup_recovery/rman/rman_catalog_report.sql
oracle/admin:scripts/backup_recovery/rman/rman_duplicate_target.sql,oracle/admin,scripts/backup_recovery/rman/rman_duplicate_target.sql,.sql,3720,50cd669514508a1099081d3585926675c9806ddbcf059f62a67a3e90253b7e12,script,backup_recovery/rman,"Oracle RMAN backup, restore or recovery helper: rman duplicate target.",DESTRUCTIVE,True,"['ADDRESS', 'COMPRESSION', 'CONNECT_DATA', 'DESCRIPTION', 'FAL_CLIENT', 'FAL_SERVER', 'GLOBAL_DBNAME', 'LOG_ARCHIVE_DEST_2', 'PROTOCOL', 'SID', 'SID_DESC', 'SID_LIST', 'SID_LIST_LISTENER_5322', 'VALID_FOR', 'variables']",False,scripts/backup_recovery/rman/rman_duplicate_target.sql
oracle/admin:scripts/backup_recovery/rman/rman_output.sql,oracle/admin,scripts/backup_recovery/rman/rman_output.sql,.sql,1175,cd1098769ace4940dc914e47e6356219d3ae918d7a3faf8fc2eebe6210500c34,script,backup_recovery/rman,"Oracle RMAN backup, restore or recovery helper: rman output.",DESTRUCTIVE,True,['variables'],False,scripts/backup_recovery/rman/rman_output.sql
oracle/admin:scripts/backup_recovery/rman/rman_recover_from_service.sh,oracle/admin,scripts/backup_recovery/rman/rman_recover_from_service.sh,.sh,1279,619a9628cd85b374a091623e8cf15c030038e8b1cf4084d1e3b54dae789e6a2d,script,backup_recovery/rman,"Oracle RMAN backup, restore or recovery helper: rman recover from service.",DESTRUCTIVE,True,[],False,scripts/backup_recovery/rman/rman_recover_from_service.sh
oracle/admin:scripts/backup_recovery/rman/rman_restore_archivelog_to_standby.sh,oracle/admin,scripts/backup_recovery/rman/rman_restore_archivelog_to_standby.sh,.sh,1659,c16b5fea7e696e41bdf5a0ec534923bae3f433f34c89cf102c5feb285ec7aabe,script,backup_recovery/rman,"Oracle RMAN backup, restore or recovery helper: rman restore archivelog to standby.",DESTRUCTIVE,True,[],False,scripts/backup_recovery/rman/rman_restore_archivelog_to_standby.sh
oracle/admin:scripts/backup_recovery/rman/rman_restore_from_service_set_newname.sh,oracle/admin,scripts/backup_recovery/rman/rman_restore_from_service_set_newname.sh,.sh,7852,ec0cd80902b192a723d7fec8c7ccbb24a7fb89d346359fa9f27996b0f8f12973,script,backup_recovery/rman,"Oracle RMAN backup, restore or recovery helper: rman restore from service set newname.",DESTRUCTIVE,True,[],False,scripts/backup_recovery/rman/rman_restore_from_service_set_newname.sh
oracle/admin:scripts/backup_recovery/rman/rman_running.sql,oracle/admin,scripts/backup_recovery/rman/rman_running.sql,.sql,3632,c9d0cabee4e4d3806846a7d78bcb94f16b96999d5309f0a32ff227230dd2483b,script,backup_recovery/rman,"Oracle RMAN backup, restore or recovery helper: rman running.",DESTRUCTIVE,True,"['MI', 'SS', 'STATUS', 'variables']",False,scripts/backup_recovery/rman/rman_running.sql
oracle/admin:scripts/backup_recovery/rman/rman_status.sql,oracle/admin,scripts/backup_recovery/rman/rman_status.sql,.sql,1139,01ca29c795db59f1f09454161bd2ff54f3e7bc6a91fccdac4e811a41a4660459,script,backup_recovery/rman,"Oracle RMAN backup, restore or recovery helper: rman status.",DESTRUCTIVE,True,"['operation', 'status', 'variables']",False,scripts/backup_recovery/rman/rman_status.sql
oracle/admin:scripts/backup_recovery/rman/session_longops_rman.sql,oracle/admin,scripts/backup_recovery/rman/session_longops_rman.sql,.sql,1760,a1f169c872aa4088b4114b24b8ade6d5de056d65366f3638b617ff0ff3d30cf8,script,backup_recovery/rman,"Oracle RMAN backup, restore or recovery helper: session longops rman.",DESTRUCTIVE,True,['variables'],False,scripts/backup_recovery/rman/session_longops_rman.sql
oracle/admin:scripts/cloud/aws/README.md,oracle/admin,scripts/cloud/aws/README.md,.md,1051,16e23f15d61401318936e503945c495dd19c0a555334ac26f2cfc64c70c0e630,documentation,cloud/aws,oracle/admin cloud/aws helper: README.,REVIEW,True,[],False,scripts/cloud/aws/README.md
oracle/admin:scripts/cloud/aws/alert_log.sql,oracle/admin,scripts/cloud/aws/alert_log.sql,.sql,1055,8ecde0869486b0c8cf545b2cc115fd4ffcabd7934c8c5d010c246214b9dc7e25,script,cloud/aws,AWS/RDS/DMS Oracle administration helper: alert log.,READ_ONLY,True,['variables'],False,scripts/cloud/aws/alert_log.sql
oracle/admin:scripts/cloud/aws/aws.adump_xml_list.sql,oracle/admin,scripts/cloud/aws/aws.adump_xml_list.sql,.sql,1105,6fe2ab0b0ff9e7888d648c5689a8873ea80c0ddc7a530db81fb7e349f69c9130,script,cloud/aws,AWS/RDS/DMS Oracle administration helper: aws adump xml list.,READ_ONLY,True,['variables'],False,scripts/cloud/aws/aws.adump_xml_list.sql
oracle/admin:scripts/cloud/aws/aws.list_files_dir.sql,oracle/admin,scripts/cloud/aws/aws.list_files_dir.sql,.sql,1014,0b1b8ee543accf87a0e9add5f71244dbb65cd9252dc6c7dd8bcc5dd91ee41c92,script,cloud/aws,AWS/RDS/DMS Oracle administration helper: aws list files dir.,READ_ONLY,True,['variables'],False,scripts/cloud/aws/aws.list_files_dir.sql
oracle/admin:scripts/cloud/aws/aws_count_xml_os_files.sql,oracle/admin,scripts/cloud/aws/aws_count_xml_os_files.sql,.sql,1117,5c05273bd07cf5fdc765d2638f2aec06a81f8b9c81c517ba27e0f1efe615d3f0,script,cloud/aws,AWS/RDS/DMS Oracle administration helper: aws count xml os files.,READ_ONLY,True,['variables'],False,scripts/cloud/aws/aws_count_xml_os_files.sql
oracle/admin:scripts/cloud/aws/awsdms_support_collector_oracle.sql,oracle/admin,scripts/cloud/aws/awsdms_support_collector_oracle.sql,.sql,59355,4a6d2640b4234e055414b0b848c54b75e3034fb107c813da160ea0414bfc0fce,script,cloud/aws,AWS/RDS/DMS Oracle administration helper: awsdms support collector oracle.,DESTRUCTIVE,True,"['GRANTEE', 'MI', 'NULLABLE', 'OWNER', 'PARSING_SCHEMA_NAME', 'SS', 'TABLE_OWNER', 'X', 'Y', 'v_connector', 'v_days', 'v_owner', 'variables']",False,scripts/cloud/aws/awsdms_support_collector_oracle.sql
oracle/admin:scripts/cloud/aws/create_directory.sql,oracle/admin,scripts/cloud/aws/create_directory.sql,.sql,1086,1e97ae4042ff83348e3dd9e2b46afc901426bef1abc986e34dedb5c3a1977e5c,script,cloud/aws,AWS/RDS/DMS Oracle administration helper: create directory.,CHANGES,True,['variables'],False,scripts/cloud/aws/create_directory.sql
oracle/admin:scripts/cloud/aws/list_file_content.sql,oracle/admin,scripts/cloud/aws/list_file_content.sql,.sql,1059,1e6424fc463180ad0c512a3e94fb5adeb12eff8346ba22e31d46114a5949b5ac,script,cloud/aws,AWS/RDS/DMS Oracle administration helper: list file content.,REVIEW,True,['variables'],False,scripts/cloud/aws/list_file_content.sql
oracle/admin:scripts/cloud/aws/list_files_directory.sql,oracle/admin,scripts/cloud/aws/list_files_directory.sql,.sql,1009,55d8885650fcc8a92afce7a7bae57519f7beb478c023fb21c7194543185016a3,script,cloud/aws,AWS/RDS/DMS Oracle administration helper: list files directory.,READ_ONLY,True,['variables'],False,scripts/cloud/aws/list_files_directory.sql
oracle/admin:scripts/cloud/aws/partition_segments_boundaries_dms.sql,oracle/admin,scripts/cloud/aws/partition_segments_boundaries_dms.sql,.sql,1209,d5f3ccf24dcc5ca9a9ae29d905aba1e3c06df2817c0c160818eaa5a8c58618a9,script,cloud/aws,AWS/RDS/DMS Oracle administration helper: partition segments boundaries dms.,READ_ONLY,True,['variables'],False,scripts/cloud/aws/partition_segments_boundaries_dms.sql
oracle/admin:scripts/cloud/aws/rds/modify_option_group.sh,oracle/admin,scripts/cloud/aws/rds/modify_option_group.sh,.sh,2913,c1ba78a2a72a0143fa9afa7ad94721525b7c1ec410a6767bfd0db2dc7d375e24,script,cloud/aws,AWS/RDS/DMS Oracle administration helper: modify option group.,DESTRUCTIVE,True,['oracle'],False,scripts/cloud/aws/rds/modify_option_group.sh
oracle/admin:scripts/cloud/aws/rds.rds_file_util.listdir.sql,oracle/admin,scripts/cloud/aws/rds.rds_file_util.listdir.sql,.sql,1185,fb038dc3aa7ac73c9a5a8dcb3b45bfa360d3e9620f55c7d4aa1a30f04dc5822d,script,cloud/aws,AWS/RDS/DMS Oracle administration helper: rds rds file util listdir.,READ_ONLY,True,['variables'],False,scripts/cloud/aws/rds.rds_file_util.listdir.sql
oracle/admin:scripts/cloud/aws/rds.rds_file_util.read_text_file.sql,oracle/admin,scripts/cloud/aws/rds.rds_file_util.read_text_file.sql,.sql,1206,71314ad2f6ae889a499b6e8b0ca1736a41ee94e311c443cae9fada1a34eeed0e,script,cloud/aws,AWS/RDS/DMS Oracle administration helper: rds rds file util read text file.,READ_ONLY,True,['variables'],False,scripts/cloud/aws/rds.rds_file_util.read_text_file.sql
oracle/admin:scripts/cloud/aws/set_configuration.sql,oracle/admin,scripts/cloud/aws/set_configuration.sql,.sql,1083,dccfa99ee75f9ddd7d5abbf7a943375e56a00f7873b4b1e314ed661768382000,script,cloud/aws,AWS/RDS/DMS Oracle administration helper: set configuration.,CHANGES,True,['variables'],False,scripts/cloud/aws/set_configuration.sql
oracle/admin:scripts/cloud/aws/show_config.sql,oracle/admin,scripts/cloud/aws/show_config.sql,.sql,958,afbfb8863853257d8835ed7813ffdd62d4e55778b6eb5b15ee7d81138772a743,script,cloud/aws,AWS/RDS/DMS Oracle administration helper: show config.,CHANGES,True,['variables'],False,scripts/cloud/aws/show_config.sql
oracle/admin:scripts/cloud/aws/switch_logfile.sql,oracle/admin,scripts/cloud/aws/switch_logfile.sql,.sql,1045,4ea7d96e74b996d803f18083a6bcba004d391fe7f60e1e247d0197f56a97fe3e,script,cloud/aws,AWS/RDS/DMS Oracle administration helper: switch logfile.,CHANGES,True,['variables'],False,scripts/cloud/aws/switch_logfile.sql
oracle/admin:scripts/cloud/oci/README.md,oracle/admin,scripts/cloud/oci/README.md,.md,532,e496b353129414bb00b773db1f4ee71bfdb694d6636223b889b49bb37f800a1c,documentation,cloud/oci,oracle/admin cloud/oci helper: README.,REVIEW,True,[],False,scripts/cloud/oci/README.md
oracle/admin:scripts/cloud/oci/list_backup.sh,oracle/admin,scripts/cloud/oci/list_backup.sh,.sh,951,d1d63f0ac8d5e18e224cd1d9a9d911ad42c73d1f476930db37c56aadc9147786,script,cloud/oci,OCI Oracle administration helper: list backup.,CHANGES,True,[],False,scripts/cloud/oci/list_backup.sh
oracle/admin:scripts/cloud/oci/shell/acs_exp_oci/sh/oracle.acs.oci.expdp.ksh,oracle/admin,scripts/cloud/oci/shell/acs_exp_oci/sh/oracle.acs.oci.expdp.ksh,.ksh,14053,55339372e4c341bd63560cf875dce704836d64afdd1082b1f8c55dc825d40295,script,cloud/oci,oracle/admin cloud/oci helper: oracle acs oci expdp.,DESTRUCTIVE,True,"['APPL_DIR', 'APPL_DIR_CFG', 'APPL_FILE_MAIN_CFG', 'BODY', 'CMD_AWK', 'CMD_CAT', 'CMD_CUT', 'CMD_DATE', 'CMD_ECHO', 'CMD_FIND', 'CMD_LS', 'CMD_MAIL', 'CMD_PRINTF', 'CMD_RM', 'CMD_SED', 'CMD_SENDMAIL', 'CMD_WC', 'DD_TMP', 'DMY', 'DP_PARAMS', 'ERRDESCRIPTION', 'ERR_NAME', 'ERR_NUM', 'EXEC_ID', 'FUN_NAME', 'IFS', 'LOG_STR', 'MDY', 'MSG_LOG', 'OCI_COMMAND', 'QUERY_BODY', 'QUERY_HEAD', 'RET', 'SCRIPTPATH', 'SEV_MAIL', 'XV_RET', 'arg1', 'arg2', 'arg3']",False,scripts/cloud/oci/shell/acs_exp_oci/sh/oracle.acs.oci.expdp.ksh
oracle/admin:scripts/diagnostics/ash/README.md,oracle/admin,scripts/diagnostics/ash/README.md,.md,1486,e51d27732cc76239180346486ddb79d0431ac9bddf1cca177afe19068c6caf94,documentation,diagnostics/ash,oracle/admin diagnostics/ash helper: README.,REVIEW,True,[],False,scripts/diagnostics/ash/README.md
oracle/admin:scripts/diagnostics/ash/aas.sql,oracle/admin,scripts/diagnostics/ash/aas.sql,.sql,1356,b75e3218310d962b8c2ab481e7d00f51b1296378cd7e7fa40d3371d12b6f5054,script,diagnostics/ash,Display Average active session for an specific interval time and it status based on cpu_count,READ_ONLY,True,"['MI', 'SS']",False,scripts/diagnostics/ash/aas.sql
oracle/admin:scripts/diagnostics/ash/aash.sql,oracle/admin,scripts/diagnostics/ash/aash.sql,.sql,5909,3bcef230b77bb48ffd41b09197096b1fd2f7b04ba36aceea14aca00d44d5f744,script,diagnostics/ash,Display Average active session (historyc view) for an specific interval time and it status based on cpu_count,DESTRUCTIVE,True,"['HH24', 'MI', 'SS']",False,scripts/diagnostics/ash/aash.sql
oracle/admin:scripts/diagnostics/ash/aash_fore.sql,oracle/admin,scripts/diagnostics/ash/aash_fore.sql,.sql,1318,de458d149ae3ab6ebb61466fa0defb7d1027b56b24f1f1340d381eda6ffd25e6,script,diagnostics/ash,Oracle diagnostic query/report helper: aash fore.,READ_ONLY,True,['variables'],False,scripts/diagnostics/ash/aash_fore.sql
oracle/admin:scripts/diagnostics/ash/aash_l.sql,oracle/admin,scripts/diagnostics/ash/aash_l.sql,.sql,3130,92e88bf5e44283b44b96ca13e6178d23afb41894a1d33f3f6c075c12cbe1f45e,script,diagnostics/ash,Display Average active session (historyc view) for an specific interval time and it status based on cpu_count,DESTRUCTIVE,True,"['HH24', 'MI', 'SS']",False,scripts/diagnostics/ash/aash_l.sql
oracle/admin:scripts/diagnostics/ash/ash_graph_waits.sql,oracle/admin,scripts/diagnostics/ash/ash_graph_waits.sql,.sql,5326,2e188610fa948422c41dd1e2704eb2968c689504332b5b347a0510a4743a0f33,script,diagnostics/ash,Oracle diagnostic query/report helper: ash graph waits.,READ_ONLY,True,"['MI', 'SS', 'v_bars', 'v_days', 'v_graph', 'v_secs', 'variables']",False,scripts/diagnostics/ash/ash_graph_waits.sql
oracle/admin:scripts/diagnostics/ash/ash_hard_parse_events.sql,oracle/admin,scripts/diagnostics/ash/ash_hard_parse_events.sql,.sql,2402,4ce33714cb00522ea2d2a07c1a1f34acf569057da1673e82f789db2004720acd,script,diagnostics/ash,Oracle diagnostic query/report helper: ash hard parse events.,READ_ONLY,True,"['MI', 'SS', 'variables']",False,scripts/diagnostics/ash/ash_hard_parse_events.sql
oracle/admin:scripts/diagnostics/ash/ashtop_by_username.sql,oracle/admin,scripts/diagnostics/ash/ashtop_by_username.sql,.sql,4616,3ec9e1551c485c1e3a5fff76a12ac758cfc8a572a74391be43a323a6864f337b,script,diagnostics/ash,Oracle diagnostic query/report helper: ashtop by username.,DESTRUCTIVE,True,"['MI', 'SS', 'variables']",False,scripts/diagnostics/ash/ashtop_by_username.sql
oracle/admin:scripts/diagnostics/ash/ashtop_peaks.sql,oracle/admin,scripts/diagnostics/ash/ashtop_peaks.sql,.sql,3067,9799dbcda2ccdeabbdf2a2935302e7da0ef2372d92d69f0f889d647afb74545f,script,diagnostics/ash,Oracle diagnostic query/report helper: ashtop peaks.,DESTRUCTIVE,True,"['MI', 'SS', 'variables']",False,scripts/diagnostics/ash/ashtop_peaks.sql
oracle/admin:scripts/diagnostics/ash/ashtop_sessions.sql,oracle/admin,scripts/diagnostics/ash/ashtop_sessions.sql,.sql,2651,c6d4b0bc7bfb5592deb76a3ff5683fc54119bc1800e82e4e5d6ed736a0985faf,script,diagnostics/ash,Oracle diagnostic query/report helper: ashtop sessions.,DESTRUCTIVE,True,"['HH24', 'MI', 'SERIAL', 'variables']",False,scripts/diagnostics/ash/ashtop_sessions.sql
oracle/admin:scripts/diagnostics/ash/ashtop_sql.sql,oracle/admin,scripts/diagnostics/ash/ashtop_sql.sql,.sql,2588,f488a0dc363b081c17fff0b0762f4b5d31106bcd111a0ab7d87354665971dbf3,script,diagnostics/ash,Oracle diagnostic query/report helper: ashtop sql.,DESTRUCTIVE,True,"['HH24', 'MI', 'variables']",False,scripts/diagnostics/ash/ashtop_sql.sql
oracle/admin:scripts/diagnostics/ash/ashtoph.sql,oracle/admin,scripts/diagnostics/ash/ashtoph.sql,.sql,32481,638538552df4f2e74bf9649f94fdbca6f6a7572e1f2af46be3b228c4857a6343,script,diagnostics/ash,Oracle diagnostic query/report helper: ashtoph.,DESTRUCTIVE,True,"['EVENT', 'HH24', 'MI', 'NAME_HASH', 'PROCEDURE_NAME', 'SS', 'block', 'file', 'variables']",False,scripts/diagnostics/ash/ashtoph.sql
oracle/admin:scripts/diagnostics/ash/ashtoph_by_hour_username.sql,oracle/admin,scripts/diagnostics/ash/ashtoph_by_hour_username.sql,.sql,2892,4e8c7d5a4597c229e641c590f6ff08eb7fa2462ea447a34f3df709611f4fd623,script,diagnostics/ash,Oracle diagnostic query/report helper: ashtoph by hour username.,DESTRUCTIVE,True,"['HH24', 'MI', 'variables']",False,scripts/diagnostics/ash/ashtoph_by_hour_username.sql
oracle/admin:scripts/diagnostics/ash/ashtoph_by_username.sql,oracle/admin,scripts/diagnostics/ash/ashtoph_by_username.sql,.sql,3494,9e20c2de97dec09f77c544704cab0b5d15830931adcb5c15c40ef5a101911641,script,diagnostics/ash,Oracle diagnostic query/report helper: ashtoph by username.,DESTRUCTIVE,True,"['HH24', 'MI', 'SS', 'variables']",False,scripts/diagnostics/ash/ashtoph_by_username.sql
oracle/admin:scripts/diagnostics/ash/dataguard_restart.sql,oracle/admin,scripts/diagnostics/ash/dataguard_restart.sql,.sql,1485,c58b18cb5a7c78136717295349a80d976184c16f14198eb63ae29eb325a1d076,script,diagnostics/ash,Oracle diagnostic query/report helper: dataguard restart.,CHANGES,True,['variables'],False,scripts/diagnostics/ash/dataguard_restart.sql
oracle/admin:scripts/diagnostics/ash/dba_procedures.sql,oracle/admin,scripts/diagnostics/ash/dba_procedures.sql,.sql,1261,db4d3a4a21e5608a989a7c98a0f6a7a189679641570ca81b47c89f0b23b47622,script,diagnostics/ash,Oracle diagnostic query/report helper: dba procedures.,DESTRUCTIVE,True,"['object_id', 'object_name', 'procedure_name', 'subprogram_id', 'variables']",False,scripts/diagnostics/ash/dba_procedures.sql
oracle/admin:scripts/diagnostics/ash/dictionary_fixed_obj_stats.sql,oracle/admin,scripts/diagnostics/ash/dictionary_fixed_obj_stats.sql,.sql,1861,ae0eb768f2d483a914f50b4173e8158185bdbf6c1d2abfec23ec3b72472f62a4,script,diagnostics/ash,Oracle diagnostic query/report helper: dictionary fixed obj stats.,CHANGES,True,['variables'],False,scripts/diagnostics/ash/dictionary_fixed_obj_stats.sql
oracle/admin:scripts/diagnostics/ash/examples/ashrelated.sql,oracle/admin,scripts/diagnostics/ash/examples/ashrelated.sql,.sql,1771,583ea8f79f595fccea0e306de79c3e79808c9110d0d9374f439cdabb448e18d4,script,diagnostics/ash,Oracle diagnostic query/report helper: ashrelated.,READ_ONLY,True,"['MI', 'SS', 'variables']",False,scripts/diagnostics/ash/examples/ashrelated.sql
oracle/admin:scripts/diagnostics/ash/fast_start_transactions.sql,oracle/admin,scripts/diagnostics/ash/fast_start_transactions.sql,.sql,1279,72296cee0119f9df43ae035e7259c4f9d03a0c05118968770cd12e7984fa2a35,script,diagnostics/ash,Oracle diagnostic query/report helper: fast start transactions.,CHANGES,True,"['MI', 'NLS_DATE_FORMAT', 'SS', 'variables']",False,scripts/diagnostics/ash/fast_start_transactions.sql
oracle/admin:scripts/diagnostics/ash/gen_ash_global_report_text.sql,oracle/admin,scripts/diagnostics/ash/gen_ash_global_report_text.sql,.sql,2340,ab48d8eb574add8cbd4de044a92dd7b62a0284bd3c7b8b3dc881ed83b9e59bb8,script,diagnostics/ash,oracle/admin diagnostics/ash helper: gen ash global report text.,CHANGES,True,"['MI', '_start', 'bdate', 'dbid', 'def_bdate', 'def_edate', 'edate', 'sid', 'sqlid']",False,scripts/diagnostics/ash/gen_ash_global_report_text.sql
oracle/admin:scripts/diagnostics/ash/time_model_phases.sql,oracle/admin,scripts/diagnostics/ash/time_model_phases.sql,.sql,926,a17c95efc146b52ba8cd775058798dcbe4f45b71cce9a0c809e5dfa36b7498fb,script,diagnostics/ash,Oracle diagnostic query/report helper: time model phases.,REVIEW,True,['variables'],False,scripts/diagnostics/ash/time_model_phases.sql
oracle/admin:scripts/diagnostics/sessions_waits/DBA_HIST_ACTIVE_SESS_HISTORY_temp.sql,oracle/admin,scripts/diagnostics/sessions_waits/DBA_HIST_ACTIVE_SESS_HISTORY_temp.sql,.sql,3013,fa33ef792d2247eef0a8660b422765683316e04bd108d85265c23304c4a67633,script,diagnostics/sessions_waits,Oracle diagnostic query/report helper: DBA HIST ACTIVE SESS HISTORY temp.,DESTRUCTIVE,True,"['days', 'gb', 'variables']",False,scripts/diagnostics/sessions_waits/DBA_HIST_ACTIVE_SESS_HISTORY_temp.sql
oracle/admin:scripts/diagnostics/sessions_waits/DBA_HIST_ACTIVE_SESS_HISTORY_temp_avg_hour.sql,oracle/admin,scripts/diagnostics/sessions_waits/DBA_HIST_ACTIVE_SESS_HISTORY_temp_avg_hour.sql,.sql,1703,ecf4b00d3ac5720161fa29ad7151da782150991a6ff23e690da67df36c98e6d4,script,diagnostics/sessions_waits,Oracle diagnostic query/report helper: DBA HIST ACTIVE SESS HISTORY temp avg hour.,DESTRUCTIVE,True,['variables'],False,scripts/diagnostics/sessions_waits/DBA_HIST_ACTIVE_SESS_HISTORY_temp_avg_hour.sql
oracle/admin:scripts/diagnostics/sessions_waits/README.md,oracle/admin,scripts/diagnostics/sessions_waits/README.md,.md,5964,76c0188639caaed12e352f5806d4fc0da52980dc269da4ab9d76bc36de4efd17,documentation,diagnostics/sessions_waits,oracle/admin diagnostics/sessions_waits helper: README.,REVIEW,True,[],False,scripts/diagnostics/sessions_waits/README.md
oracle/admin:scripts/diagnostics/sessions_waits/SessionesConsumenMuchaPGA.sql,oracle/admin,scripts/diagnostics/sessions_waits/SessionesConsumenMuchaPGA.sql,.sql,1192,ed9869cd3cbac5a9ad75dc46616435cc33111ad39013bab278e4016b54248d9b,script,diagnostics/sessions_waits,Oracle diagnostic query/report helper: SessionesConsumenMuchaPGA.,READ_ONLY,True,['variables'],False,scripts/diagnostics/sessions_waits/SessionesConsumenMuchaPGA.sql
oracle/admin:scripts/diagnostics/sessions_waits/active_session_history.sql,oracle/admin,scripts/diagnostics/sessions_waits/active_session_history.sql,.sql,1293,9f2e24c8c7cd373dac25d0d7f11bbb9e2958cde1eb93492ed1103160fb5ad9ca,script,diagnostics/sessions_waits,Oracle diagnostic query/report helper: active session history.,READ_ONLY,True,"['session_id', 'username', 'variables']",False,scripts/diagnostics/sessions_waits/active_session_history.sql
oracle/admin:scripts/diagnostics/sessions_waits/active_session_history_active_sessions_count.sql,oracle/admin,scripts/diagnostics/sessions_waits/active_session_history_active_sessions_count.sql,.sql,1332,65f47680b8944a4545fafe32565dff37f8d8b3669065b26314b2a7a312babbee,script,diagnostics/sessions_waits,Oracle diagnostic query/report helper: active session history active sessions count.,READ_ONLY,True,['variables'],False,scripts/diagnostics/sessions_waits/active_session_history_active_sessions_count.sql
oracle/admin:scripts/diagnostics/sessions_waits/active_session_history_gc_buffer.sql,oracle/admin,scripts/diagnostics/sessions_waits/active_session_history_gc_buffer.sql,.sql,1274,7f945e8d7f7d5f19423dbf3bba8dbddeea0c04956771e274a34af3806ee4fee9,script,diagnostics/sessions_waits,Oracle diagnostic query/report helper: active session history gc buffer.,READ_ONLY,True,['variables'],False,scripts/diagnostics/sessions_waits/active_session_history_gc_buffer.sql
oracle/admin:scripts/diagnostics/sessions_waits/active_session_history_wait.sql,oracle/admin,scripts/diagnostics/sessions_waits/active_session_history_wait.sql,.sql,2541,abde7f0d7b255d1d2f8d024c70713f9419ff6e8c8267360b538ada5a1e211613,script,diagnostics/sessions_waits,Oracle diagnostic query/report helper: active session history wait.,DESTRUCTIVE,True,['variables'],False,scripts/diagnostics/sessions_waits/active_session_history_wait.sql
oracle/admin:scripts/diagnostics/sessions_waits/active_sessions_sql.sql,oracle/admin,scripts/diagnostics/sessions_waits/active_sessions_sql.sql,.sql,3370,090f4bd9d57770854dd746bc60b8411c9c8c6087fe992e40799d9ddce01916e3,script,diagnostics/sessions_waits,oracle/admin diagnostics/sessions_waits helper: active sessions sql.,READ_ONLY,True,[],False,scripts/diagnostics/sessions_waits/active_sessions_sql.sql
oracle/admin:scripts/diagnostics/sessions_waits/audit_trail_session_ex.sql,oracle/admin,scripts/diagnostics/sessions_waits/audit_trail_session_ex.sql,.sql,2843,f260e7a981fdff4746155d7c16f5b1f5586a075510f4bf77c22c98273e75f563,script,diagnostics/sessions_waits,Oracle diagnostic query/report helper: audit trail session ex.,READ_ONLY,True,"['MI', 'SS', 'end_date', 'start_date', 'variables']",False,scripts/diagnostics/sessions_waits/audit_trail_session_ex.sql
oracle/admin:scripts/diagnostics/sessions_waits/audit_trail_session_logon_denied_write_alertlog.sql,oracle/admin,scripts/diagnostics/sessions_waits/audit_trail_session_logon_denied_write_alertlog.sql,.sql,1931,30c889cdf9ba40d62890b2384b98587aa4646aa2bc5f3e48c16d49fad72eac9f,script,diagnostics/sessions_waits,Oracle diagnostic query/report helper: audit trail session logon denied write alertlog.,CHANGES,True,"['mi', 'ss', 'variables']",False,scripts/diagnostics/sessions_waits/audit_trail_session_logon_denied_write_alertlog.sql
oracle/admin:scripts/diagnostics/sessions_waits/buffer_busy_waits.sql,oracle/admin,scripts/diagnostics/sessions_waits/buffer_busy_waits.sql,.sql,1043,5eef5171bb5fd0f19977195f5129e456b91b08ef2134e2bf9499d582ff92d1aa,script,diagnostics/sessions_waits,Oracle diagnostic query/report helper: buffer busy waits.,READ_ONLY,True,['variables'],False,scripts/diagnostics/sessions_waits/buffer_busy_waits.sql
oracle/admin:scripts/diagnostics/sessions_waits/cpu_usage-per_second-per-session.sql,oracle/admin,scripts/diagnostics/sessions_waits/cpu_usage-per_second-per-session.sql,.sql,4483,13c35e6dca3d52d8dfb3e5e9e27a9a8b8a696e6cfbb67c474ed4ef59e355bd10,script,diagnostics/sessions_waits,Oracle diagnostic query/report helper: cpu usage per second per session.,READ_ONLY,True,"['MI', 'days', 'variables']",False,scripts/diagnostics/sessions_waits/cpu_usage-per_second-per-session.sql
oracle/admin:scripts/diagnostics/sessions_waits/cur_sessions.sql,oracle/admin,scripts/diagnostics/sessions_waits/cur_sessions.sql,.sql,4338,9511055b4eedea2db601a9f292a71cb3ad57edb069a8542363f7e29101b3fcfc,script,diagnostics/sessions_waits,oracle/admin diagnostics/sessions_waits helper: cur sessions.,READ_ONLY,True,[],False,scripts/diagnostics/sessions_waits/cur_sessions.sql
oracle/admin:scripts/diagnostics/sessions_waits/db_wait_class.sql,oracle/admin,scripts/diagnostics/sessions_waits/db_wait_class.sql,.sql,1430,1b71ff826da9f4db3dca6a0b39526414159e7d961eaa6dabe58f28350ec39fbc,script,diagnostics/sessions_waits,Oracle diagnostic query/report helper: db wait class.,READ_ONLY,True,['variables'],False,scripts/diagnostics/sessions_waits/db_wait_class.sql
oracle/admin:scripts/diagnostics/sessions_waits/db_wait_class_ratio.sql,oracle/admin,scripts/diagnostics/sessions_waits/db_wait_class_ratio.sql,.sql,1736,193a5b06b57955c7cdeb453d2ea019885cc38ca970bf1fd3886deeb1ac323fb3,script,diagnostics/sessions_waits,Oracle diagnostic query/report helper: db wait class ratio.,READ_ONLY,True,['variables'],False,scripts/diagnostics/sessions_waits/db_wait_class_ratio.sql
oracle/admin:scripts/diagnostics/sessions_waits/db_wait_class_ratio_hour.sql,oracle/admin,scripts/diagnostics/sessions_waits/db_wait_class_ratio_hour.sql,.sql,1750,97e4ace7925716f033d82612c137179ede1d74183bb21d0b0015dbb8ea336f90,script,diagnostics/sessions_waits,Oracle diagnostic query/report helper: db wait class ratio hour.,READ_ONLY,True,['variables'],False,scripts/diagnostics/sessions_waits/db_wait_class_ratio_hour.sql
oracle/admin:scripts/diagnostics/sessions_waits/db_wait_time_ratio.sql,oracle/admin,scripts/diagnostics/sessions_waits/db_wait_time_ratio.sql,.sql,1460,90d120e13cddd4311183be33a0a41e842dd6f348faf76452ecac4e6cc59007bf,script,diagnostics/sessions_waits,Oracle diagnostic query/report helper: db wait time ratio.,READ_ONLY,True,"['MI', 'SS', 'variables']",False,scripts/diagnostics/sessions_waits/db_wait_time_ratio.sql
oracle/admin:scripts/diagnostics/sessions_waits/dba_audit_session.sql,oracle/admin,scripts/diagnostics/sessions_waits/dba_audit_session.sql,.sql,1788,482df519247d754a34b38b4f2cf1ed5e2e1c500d051ca9ae16f2b2de04f14c1c,script,diagnostics/sessions_waits,Oracle diagnostic query/report helper: dba audit session.,READ_ONLY,True,"['days', 'os_username', 'returncode', 'username', 'variables']",False,scripts/diagnostics/sessions_waits/dba_audit_session.sql
oracle/admin:scripts/diagnostics/sessions_waits/dba_audit_session_count.sql,oracle/admin,scripts/diagnostics/sessions_waits/dba_audit_session_count.sql,.sql,1509,18ed1133a728db21c8b647b8927f89958c2ee94318ecd41babfc76c47034637a,script,diagnostics/sessions_waits,Oracle diagnostic query/report helper: dba audit session count.,READ_ONLY,True,"['ACTION_NAME', 'variables']",False,scripts/diagnostics/sessions_waits/dba_audit_session_count.sql
oracle/admin:scripts/diagnostics/sessions_waits/dba_audit_session_x.sql,oracle/admin,scripts/diagnostics/sessions_waits/dba_audit_session_x.sql,.sql,1567,9543199d12681b19b9f0deee0583fe9697cf8d3e8793d8c962619703bca81095,script,diagnostics/sessions_waits,Oracle diagnostic query/report helper: dba audit session x.,READ_ONLY,True,"['days', 'usuario', 'variables']",False,scripts/diagnostics/sessions_waits/dba_audit_session_x.sql
oracle/admin:scripts/diagnostics/sessions_waits/dba_datapump_sessions_longops.sql,oracle/admin,scripts/diagnostics/sessions_waits/dba_datapump_sessions_longops.sql,.sql,1416,9a4f4fbe3689d047eda4b661fe1dd2f39a9384c52c01f7e4f01c917a3821ed14,script,diagnostics/sessions_waits,Oracle diagnostic query/report helper: dba datapump sessions longops.,READ_ONLY,True,['variables'],False,scripts/diagnostics/sessions_waits/dba_datapump_sessions_longops.sql
oracle/admin:scripts/diagnostics/sessions_waits/dba_hist_active_sess_history.sql,oracle/admin,scripts/diagnostics/sessions_waits/dba_hist_active_sess_history.sql,.sql,1891,0d55bc1954b59a3cb1f698d802052a440f45a68c797a93f64f196b0d159b19f4,script,diagnostics/sessions_waits,Oracle diagnostic query/report helper: dba hist active sess history.,READ_ONLY,True,['variables'],False,scripts/diagnostics/sessions_waits/dba_hist_active_sess_history.sql
oracle/admin:scripts/diagnostics/sessions_waits/dba_hist_active_sess_history_pga.sql,oracle/admin,scripts/diagnostics/sessions_waits/dba_hist_active_sess_history_pga.sql,.sql,1695,6bf20abf4debfae26114e1041ae0a37ef3f864a62d0fd4f21df4a311354b2e18,script,diagnostics/sessions_waits,Oracle diagnostic query/report helper: dba hist active sess history pga.,DESTRUCTIVE,True,"['days', 'min_pga', 'sqlid', 'variables']",False,scripts/diagnostics/sessions_waits/dba_hist_active_sess_history_pga.sql
oracle/admin:scripts/diagnostics/sessions_waits/dba_hist_active_sess_history_pga2.sql,oracle/admin,scripts/diagnostics/sessions_waits/dba_hist_active_sess_history_pga2.sql,.sql,1932,cc7c5aa16ebba322460d5bb3b233c30cc4ec9b2f8e585b02e1172736e6ac9f25,script,diagnostics/sessions_waits,Oracle diagnostic query/report helper: dba hist active sess history pga2.,READ_ONLY,True,"['MI', 'SS', 'variables']",False,scripts/diagnostics/sessions_waits/dba_hist_active_sess_history_pga2.sql
oracle/admin:scripts/diagnostics/sessions_waits/dba_hist_waitstat.sql,oracle/admin,scripts/diagnostics/sessions_waits/dba_hist_waitstat.sql,.sql,1585,402909ec0bbf1c8cbc14d81bf894632ae307b4eb21de67447f6bdc2be7650417,script,diagnostics/sessions_waits,oracle/admin diagnostics/sessions_waits helper: dba hist waitstat.,READ_ONLY,True,"['days', 'wait_class']",False,scripts/diagnostics/sessions_waits/dba_hist_waitstat.sql
oracle/admin:scripts/diagnostics/sessions_waits/dbms_metadata.session_transform.sql,oracle/admin,scripts/diagnostics/sessions_waits/dbms_metadata.session_transform.sql,.sql,7725,3baa9bed4d6fdff25b11d74e3345bbc8ba184217475f743c5778d65b0b1d9c4f,script,diagnostics/sessions_waits,Oracle diagnostic query/report helper: dbms metadata session transform.,CHANGES,True,['variables'],False,scripts/diagnostics/sessions_waits/dbms_metadata.session_transform.sql
oracle/admin:scripts/diagnostics/sessions_waits/exa.io.wait_event.sql,oracle/admin,scripts/diagnostics/sessions_waits/exa.io.wait_event.sql,.sql,1116,d121fcc4a8c5ebb80abc27e858874dbaaaf5cefb4b33d857e9b1752dfeb2d381,script,diagnostics/sessions_waits,Oracle diagnostic query/report helper: exa io wait event.,READ_ONLY,True,['variables'],False,scripts/diagnostics/sessions_waits/exa.io.wait_event.sql
oracle/admin:scripts/diagnostics/sessions_waits/itl_waits.sql,oracle/admin,scripts/diagnostics/sessions_waits/itl_waits.sql,.sql,1905,5e1c208c6d6033b0aab951ad3bb55d5b50b1d538a1202c8652a040f73b753caf,script,diagnostics/sessions_waits,Oracle diagnostic query/report helper: itl waits.,READ_ONLY,True,['variables'],False,scripts/diagnostics/sessions_waits/itl_waits.sql
oracle/admin:scripts/diagnostics/sessions_waits/kill_session_batch.sql,oracle/admin,scripts/diagnostics/sessions_waits/kill_session_batch.sql,.sql,2437,2e65443e65583264a96108bcec4f3041613b38f68d688f800f844326d514c264,script,diagnostics/sessions_waits,Oracle diagnostic query/report helper: kill session batch.,DESTRUCTIVE,True,"['username', 'variables']",False,scripts/diagnostics/sessions_waits/kill_session_batch.sql
oracle/admin:scripts/diagnostics/sessions_waits/kill_session_batch2.sql,oracle/admin,scripts/diagnostics/sessions_waits/kill_session_batch2.sql,.sql,1205,77ee8f48f93ffe6d1435deb2c9084e300e2b5d442246b69ab9bb21bbe1f158c1,script,diagnostics/sessions_waits,Oracle diagnostic query/report helper: kill session batch2.,DESTRUCTIVE,True,['variables'],False,scripts/diagnostics/sessions_waits/kill_session_batch2.sql
oracle/admin:scripts/diagnostics/sessions_waits/kill_session_sqlid.sql,oracle/admin,scripts/diagnostics/sessions_waits/kill_session_sqlid.sql,.sql,1054,b218cd2ebf52eec87d1bb1b2c87d19f60d3aa1248dc5c16671de60ba689843c6,script,diagnostics/sessions_waits,Oracle diagnostic query/report helper: kill session sqlid.,DESTRUCTIVE,True,"['sqlid', 'variables']",False,scripts/diagnostics/sessions_waits/kill_session_sqlid.sql
oracle/admin:scripts/diagnostics/sessions_waits/kill_session_sqlid_sqltext_all_dbs.sh,oracle/admin,scripts/diagnostics/sessions_waits/kill_session_sqlid_sqltext_all_dbs.sh,.sh,2715,4e418b0fa71f67ac9e1e0aa7da2b685dd8bca3072c81ffc72750d098927b5e88,script,diagnostics/sessions_waits,Oracle diagnostic query/report helper: kill session sqlid sqltext all dbs.,DESTRUCTIVE,True,"['ORACLE_HOME', 'ORACLE_SID', 'ORAENV_ASK', 'PATH', 'arg8', 'mi', 'ss']",False,scripts/diagnostics/sessions_waits/kill_session_sqlid_sqltext_all_dbs.sh
oracle/admin:scripts/diagnostics/sessions_waits/library_cache_pin_wait.sql,oracle/admin,scripts/diagnostics/sessions_waits/library_cache_pin_wait.sql,.sql,2760,baecd396e43a2bce1b86b01f9c57dd1991d7dc61a40252e789088242647dd9a3,script,diagnostics/sessions_waits,Oracle diagnostic query/report helper: library cache pin wait.,READ_ONLY,True,['variables'],False,scripts/diagnostics/sessions_waits/library_cache_pin_wait.sql
oracle/admin:scripts/diagnostics/sessions_waits/msession.sql,oracle/admin,scripts/diagnostics/sessions_waits/msession.sql,.sql,1306,c3ebf807ef2fa67ea0928657145885baa4eeab579ab3631adc59b6b6e0f75f3b,script,diagnostics/sessions_waits,Oracle diagnostic query/report helper: msession.,READ_ONLY,True,['variables'],False,scripts/diagnostics/sessions_waits/msession.sql
oracle/admin:scripts/diagnostics/sessions_waits/open_cursor_sess.sql,oracle/admin,scripts/diagnostics/sessions_waits/open_cursor_sess.sql,.sql,1410,0f844442ae8683b91b38efafc54326adfe5644f4139072bf0cccf334fcc78edd,script,diagnostics/sessions_waits,Oracle diagnostic query/report helper: open cursor sess.,READ_ONLY,True,['variables'],False,scripts/diagnostics/sessions_waits/open_cursor_sess.sql
oracle/admin:scripts/diagnostics/sessions_waits/pga_by_session.sql,oracle/admin,scripts/diagnostics/sessions_waits/pga_by_session.sql,.sql,2257,4c860ffc3241f47adbd668ca418fdff3e06cbdbf7e9db9c91b0f3775b00c185c,script,diagnostics/sessions_waits,Oracle diagnostic query/report helper: pga by session.,READ_ONLY,True,['variables'],False,scripts/diagnostics/sessions_waits/pga_by_session.sql
oracle/admin:scripts/diagnostics/sessions_waits/porcentaje_uso_cached_session.sql,oracle/admin,scripts/diagnostics/sessions_waits/porcentaje_uso_cached_session.sql,.sql,2479,890341efc56944dfb0602e55fb95b4a4558e126e97630c8e464a79a6569618eb,script,diagnostics/sessions_waits,oracle/admin diagnostics/sessions_waits helper: porcentaje uso cached session.,READ_ONLY,True,[],False,scripts/diagnostics/sessions_waits/porcentaje_uso_cached_session.sql
oracle/admin:scripts/diagnostics/sessions_waits/ps_mon_sessions.sql,oracle/admin,scripts/diagnostics/sessions_waits/ps_mon_sessions.sql,.sql,1871,a58e067202d0adbeafde20ace7882d0fbaa3222b3da3b4ffb5cc85a60905eaf5,script,diagnostics/sessions_waits,Oracle diagnostic query/report helper: ps mon sessions.,CHANGES,True,"['bdate', 'edate', 'mi', 'spool_name', 'variables']",False,scripts/diagnostics/sessions_waits/ps_mon_sessions.sql
oracle/admin:scripts/diagnostics/sessions_waits/px_session.sql,oracle/admin,scripts/diagnostics/sessions_waits/px_session.sql,.sql,1449,058cb91ed9cd0259ce83bf830e1d631ff542684ee33f982b0cd0bb065243f4ad,script,diagnostics/sessions_waits,Oracle diagnostic query/report helper: px session.,READ_ONLY,True,['variables'],False,scripts/diagnostics/sessions_waits/px_session.sql
oracle/admin:scripts/diagnostics/sessions_waits/sess.sql,oracle/admin,scripts/diagnostics/sessions_waits/sess.sql,.sql,3347,515d7e60bef5f4beeb37ca918c73a504f25fd9b73f0c8fc20ef0821d68dd1d5a,script,diagnostics/sessions_waits,Oracle diagnostic query/report helper: sess.,READ_ONLY,True,['variables'],False,scripts/diagnostics/sessions_waits/sess.sql
oracle/admin:scripts/diagnostics/sessions_waits/sess_io.sql,oracle/admin,scripts/diagnostics/sessions_waits/sess_io.sql,.sql,1270,9832c7a77996fd4305f820996603f6bb387e72b4bebce139283f3702d061bada,script,diagnostics/sessions_waits,Oracle diagnostic query/report helper: sess io.,READ_ONLY,True,['variables'],False,scripts/diagnostics/sessions_waits/sess_io.sql
oracle/admin:scripts/diagnostics/sessions_waits/sess_optimizer_env.sql,oracle/admin,scripts/diagnostics/sessions_waits/sess_optimizer_env.sql,.sql,1005,dcdebb873a0e072e22cb224021b67964c8878542c18f4aaba586ca6cd263af28,script,diagnostics/sessions_waits,Oracle diagnostic query/report helper: sess optimizer env.,READ_ONLY,True,"['sid', 'variables']",False,scripts/diagnostics/sessions_waits/sess_optimizer_env.sql
oracle/admin:scripts/diagnostics/sessions_waits/sess_time_model.sql,oracle/admin,scripts/diagnostics/sessions_waits/sess_time_model.sql,.sql,1684,f30e9bacba0614fa07f2cac2351d0c8804d708ae70a2b7e339a71a942e447a63,script,diagnostics/sessions_waits,Oracle diagnostic query/report helper: sess time model.,READ_ONLY,True,"['sid', 'username', 'variables']",False,scripts/diagnostics/sessions_waits/sess_time_model.sql
oracle/admin:scripts/diagnostics/sessions_waits/sess_time_model_cpu.sql,oracle/admin,scripts/diagnostics/sessions_waits/sess_time_model_cpu.sql,.sql,1724,6fb16797d06066ba1cd3636e5076c29be8853fd2db6d94325a38d124de360ac4,script,diagnostics/sessions_waits,Oracle diagnostic query/report helper: sess time model cpu.,DESTRUCTIVE,True,['variables'],False,scripts/diagnostics/sessions_waits/sess_time_model_cpu.sql
oracle/admin:scripts/diagnostics/sessions_waits/sess_time_model_cpu_vview.sql,oracle/admin,scripts/diagnostics/sessions_waits/sess_time_model_cpu_vview.sql,.sql,1742,4a2a6a5129ab0185d6d35398f72272bcea44be61214b40648900fa8b81682de8,script,diagnostics/sessions_waits,Oracle diagnostic query/report helper: v$sess time model cpu (1).,DESTRUCTIVE,True,['variables'],False,scripts/diagnostics/sessions_waits/sess_time_model_cpu_vview.sql
oracle/admin:scripts/diagnostics/sessions_waits/sess_time_model_io.sql,oracle/admin,scripts/diagnostics/sessions_waits/sess_time_model_io.sql,.sql,2121,0ad978834aec85c6c5d36addf72395fd3567a12352b37a8f120c6fe2e2b05e17,script,diagnostics/sessions_waits,Oracle diagnostic query/report helper: sess time model io.,DESTRUCTIVE,True,['variables'],False,scripts/diagnostics/sessions_waits/sess_time_model_io.sql
oracle/admin:scripts/diagnostics/sessions_waits/sess_time_model_io_vview.sql,oracle/admin,scripts/diagnostics/sessions_waits/sess_time_model_io_vview.sql,.sql,2139,1223d442b4c49d72feca67363afcb2f7e49aa7afbaa2a3a02f743c33ced74f8a,script,diagnostics/sessions_waits,Oracle diagnostic query/report helper: v$sess time model io (1).,DESTRUCTIVE,True,['variables'],False,scripts/diagnostics/sessions_waits/sess_time_model_io_vview.sql
oracle/admin:scripts/diagnostics/sessions_waits/sess_time_model_vview.sql,oracle/admin,scripts/diagnostics/sessions_waits/sess_time_model_vview.sql,.sql,1608,9cf6262d784cf7e63f63563b0d3af528aa7de427df83ee9db106c74d1ca4863c,script,diagnostics/sessions_waits,Oracle diagnostic query/report helper: v$sess time model (1).,READ_ONLY,True,['variables'],False,scripts/diagnostics/sessions_waits/sess_time_model_vview.sql
oracle/admin:scripts/diagnostics/sessions_waits/session.sql,oracle/admin,scripts/diagnostics/sessions_waits/session.sql,.sql,2010,1b2bcde7a8285139d65e8163de991bff0bba7b0a2a9a1598a1346de279244d47,script,diagnostics/sessions_waits,oracle/admin diagnostics/sessions_waits helper: session.,DESTRUCTIVE,True,"['MI', 'SS', 'sid', 'status', 'username']",False,scripts/diagnostics/sessions_waits/session.sql
oracle/admin:scripts/diagnostics/sessions_waits/session_connect_info.sql,oracle/admin,scripts/diagnostics/sessions_waits/session_connect_info.sql,.sql,970,ea6d07bff1276d2c85737b7e621713c7b730af773af5c9c00e874838975410a6,script,diagnostics/sessions_waits,Oracle diagnostic query/report helper: session connect info.,READ_ONLY,True,['variables'],False,scripts/diagnostics/sessions_waits/session_connect_info.sql
oracle/admin:scripts/diagnostics/sessions_waits/session_cpu.sql,oracle/admin,scripts/diagnostics/sessions_waits/session_cpu.sql,.sql,1666,2be6c35dc6b193b408bf3ccda6af718490dc7fbaa64ea0b682aac9025a65013f,script,diagnostics/sessions_waits,Oracle diagnostic query/report helper: session cpu.,READ_ONLY,True,['variables'],False,scripts/diagnostics/sessions_waits/session_cpu.sql
oracle/admin:scripts/diagnostics/sessions_waits/session_event.sql,oracle/admin,scripts/diagnostics/sessions_waits/session_event.sql,.sql,1206,0793940cf397ac34f4eb588d392c4ee853c7905adb7bb26cac6bf88fb6e896e9,script,diagnostics/sessions_waits,Oracle diagnostic query/report helper: session event.,READ_ONLY,True,"['SID', 'variables']",False,scripts/diagnostics/sessions_waits/session_event.sql
oracle/admin:scripts/diagnostics/sessions_waits/session_hash.sql,oracle/admin,scripts/diagnostics/sessions_waits/session_hash.sql,.sql,1132,f6f9d928539a7682a3f84d383a2b221a1dd991697e1cf09eefbfc49294ec5856,script,diagnostics/sessions_waits,Oracle diagnostic query/report helper: session hash.,READ_ONLY,True,"['HASH', 'variables']",False,scripts/diagnostics/sessions_waits/session_hash.sql
oracle/admin:scripts/diagnostics/sessions_waits/session_longops.sql,oracle/admin,scripts/diagnostics/sessions_waits/session_longops.sql,.sql,2118,6936e9a40cc919b8959c32611805a27ade440a9f78903e7a31ee7f3cb0ecd08b,script,diagnostics/sessions_waits,Oracle diagnostic query/report helper: session longops.,READ_ONLY,True,"['sid', 'variables']",False,scripts/diagnostics/sessions_waits/session_longops.sql
oracle/admin:scripts/diagnostics/sessions_waits/session_sid.sql,oracle/admin,scripts/diagnostics/sessions_waits/session_sid.sql,.sql,1223,32d6560e702a0ca36bce2802c494625e5d2f3af83234b4b9b7a6d39406bcfc56,script,diagnostics/sessions_waits,Oracle diagnostic query/report helper: session sid.,READ_ONLY,True,"['SID', 'variables']",False,scripts/diagnostics/sessions_waits/session_sid.sql
oracle/admin:scripts/diagnostics/sessions_waits/session_sid_pid_process.sql,oracle/admin,scripts/diagnostics/sessions_waits/session_sid_pid_process.sql,.sql,1327,e93d5f2ac62aece0ef79e14808b57718ae5a564ee9249b85a1a6f600adb339c5,script,diagnostics/sessions_waits,Oracle diagnostic query/report helper: session sid pid process.,DESTRUCTIVE,True,"['serial', 'sid', 'variables']",False,scripts/diagnostics/sessions_waits/session_sid_pid_process.sql
oracle/admin:scripts/diagnostics/sessions_waits/session_trace_file.sql,oracle/admin,scripts/diagnostics/sessions_waits/session_trace_file.sql,.sql,833,8b4fe05d8e8424a95801a2501fc0dee58fc2b90c001df2bfd5c4e132073e5954,script,diagnostics/sessions_waits,oracle/admin diagnostics/sessions_waits helper: session trace file.,READ_ONLY,True,[],False,scripts/diagnostics/sessions_waits/session_trace_file.sql
oracle/admin:scripts/diagnostics/sessions_waits/session_wait.sql,oracle/admin,scripts/diagnostics/sessions_waits/session_wait.sql,.sql,2753,1317341594aa07da3b6262ad2bf9dea216d7e9795538052ba8a5e3346d36fb10,script,diagnostics/sessions_waits,Oracle diagnostic query/report helper: session wait.,DESTRUCTIVE,True,['variables'],False,scripts/diagnostics/sessions_waits/session_wait.sql
oracle/admin:scripts/diagnostics/sessions_waits/session_wait_class.sql,oracle/admin,scripts/diagnostics/sessions_waits/session_wait_class.sql,.sql,1254,e262c10bc35e45e7c6cf98156c71d9bd4678843bbcbdd6fbcd020959e7a4a04c,script,diagnostics/sessions_waits,Oracle diagnostic query/report helper: session wait class.,READ_ONLY,True,"['sid', 'variables']",False,scripts/diagnostics/sessions_waits/session_wait_class.sql
oracle/admin:scripts/diagnostics/sessions_waits/session_wait_history.sql,oracle/admin,scripts/diagnostics/sessions_waits/session_wait_history.sql,.sql,1278,f762fec8ca803f8266e8a47d5f6df3c2d0231e57727bf4432a8596e6b18faf6b,script,diagnostics/sessions_waits,Oracle diagnostic query/report helper: session wait history.,READ_ONLY,True,"['event', 'variables']",False,scripts/diagnostics/sessions_waits/session_wait_history.sql
oracle/admin:scripts/diagnostics/sessions_waits/session_wait_latch.sql,oracle/admin,scripts/diagnostics/sessions_waits/session_wait_latch.sql,.sql,2725,3f7ae6e56d1967829a60ebae1372bfaa6c659e4afa290f2f727a89068e3cc70e,script,diagnostics/sessions_waits,Oracle diagnostic query/report helper: session wait latch.,DESTRUCTIVE,True,['variables'],False,scripts/diagnostics/sessions_waits/session_wait_latch.sql
oracle/admin:scripts/diagnostics/sessions_waits/session_wait_sess.sql,oracle/admin,scripts/diagnostics/sessions_waits/session_wait_sess.sql,.sql,1135,f0a803f3e080d9c2e3d04f9db5b9f716542eb38f1e3229fd9ee1e904b2e25370,script,diagnostics/sessions_waits,Oracle diagnostic query/report helper: session wait sess.,READ_ONLY,True,['variables'],False,scripts/diagnostics/sessions_waits/session_wait_sess.sql
oracle/admin:scripts/diagnostics/sessions_waits/session_wait_vview.sql,oracle/admin,scripts/diagnostics/sessions_waits/session_wait_vview.sql,.sql,1063,b6bac2cb68c4bd627bc832c4e0a309ff711b72e0b90d6e8e20d2864cd663dbe1,script,diagnostics/sessions_waits,Oracle diagnostic query/report helper: v$session wait (1).,READ_ONLY,True,['variables'],False,scripts/diagnostics/sessions_waits/session_wait_vview.sql
oracle/admin:scripts/diagnostics/sessions_waits/sessions.sql,oracle/admin,scripts/diagnostics/sessions_waits/sessions.sql,.sql,4119,73e1ca2b748c627a0e9baa6f11a9880a7973d7281212008c8a35dfe8879595e8,script,diagnostics/sessions_waits,Oracle diagnostic query/report helper: sessions (2).,READ_ONLY,True,['variables'],False,scripts/diagnostics/sessions_waits/sessions.sql
oracle/admin:scripts/diagnostics/sessions_waits/sessions1.sql,oracle/admin,scripts/diagnostics/sessions_waits/sessions1.sql,.sql,1354,9addc4daf38a2f6f6fc593b6987682da0c0804efa4ea91aabd93072c6b714874,script,diagnostics/sessions_waits,Oracle diagnostic query/report helper: sessions1.,READ_ONLY,True,['variables'],False,scripts/diagnostics/sessions_waits/sessions1.sql
oracle/admin:scripts/diagnostics/sessions_waits/sessions_db.sql,oracle/admin,scripts/diagnostics/sessions_waits/sessions_db.sql,.sql,4847,6d07d52fee322eabb06fc1531d56d4d3fb3305568e08ec6f07255726fd747b22,script,diagnostics/sessions_waits,oracle/admin diagnostics/sessions_waits helper: sessions db.,DESTRUCTIVE,True,[],False,scripts/diagnostics/sessions_waits/sessions_db.sql
oracle/admin:scripts/diagnostics/sessions_waits/sessions_db_active.sql,oracle/admin,scripts/diagnostics/sessions_waits/sessions_db_active.sql,.sql,3794,83a76a62b558fd18f3aae92478dca7da4be3daee4ea3455f5b3a8d5154a0adf0,script,diagnostics/sessions_waits,oracle/admin diagnostics/sessions_waits helper: sessions db active.,DESTRUCTIVE,True,"['MI', 'SS']",False,scripts/diagnostics/sessions_waits/sessions_db_active.sql
oracle/admin:scripts/diagnostics/sessions_waits/sessions_db_active_hist.sql,oracle/admin,scripts/diagnostics/sessions_waits/sessions_db_active_hist.sql,.sql,2577,957d87aa2d0dfe47ab618c1aa8a9f285ff6fe7d0d591cee4ea0c36eb831917c4,script,diagnostics/sessions_waits,Oracle diagnostic query/report helper: sessions db active hist.,DESTRUCTIVE,True,"['HH24', 'MI', 'variables']",False,scripts/diagnostics/sessions_waits/sessions_db_active_hist.sql
oracle/admin:scripts/diagnostics/sessions_waits/sessions_db_by_users.sql,oracle/admin,scripts/diagnostics/sessions_waits/sessions_db_by_users.sql,.sql,1470,37f949386477767bdc59598cffe2fee9a8138d94977ab8e269492373a16dcc7a,script,diagnostics/sessions_waits,Oracle diagnostic query/report helper: sessions db by users.,DESTRUCTIVE,True,['variables'],False,scripts/diagnostics/sessions_waits/sessions_db_by_users.sql
oracle/admin:scripts/diagnostics/sessions_waits/sessions_db_x.sql,oracle/admin,scripts/diagnostics/sessions_waits/sessions_db_x.sql,.sql,1434,11333932121c48bcaa4284c341432410f6e2377aa36860ede0812f9eed0bd17b,script,diagnostics/sessions_waits,oracle/admin diagnostics/sessions_waits helper: sessions db x.,READ_ONLY,True,['username'],False,scripts/diagnostics/sessions_waits/sessions_db_x.sql
oracle/admin:scripts/diagnostics/sessions_waits/sessions_degree.sql,oracle/admin,scripts/diagnostics/sessions_waits/sessions_degree.sql,.sql,4569,817a4b2dc39af8981a5d14ad2e2aa0fb93b3e5602a9c7fd6858f34976647f0f3,script,diagnostics/sessions_waits,Oracle diagnostic query/report helper: sessions degree.,READ_ONLY,True,['variables'],False,scripts/diagnostics/sessions_waits/sessions_degree.sql
oracle/admin:scripts/diagnostics/sessions_waits/sessions_jobs.sql,oracle/admin,scripts/diagnostics/sessions_waits/sessions_jobs.sql,.sql,2085,abde0ad01671398e288236fec17e410dc3b22a982d1bb6cb25b492eebe778639,script,diagnostics/sessions_waits,Oracle diagnostic query/report helper: sessions jobs.,READ_ONLY,True,['variables'],False,scripts/diagnostics/sessions_waits/sessions_jobs.sql
oracle/admin:scripts/diagnostics/sessions_waits/sessions_locks.sql,oracle/admin,scripts/diagnostics/sessions_waits/sessions_locks.sql,.sql,6231,c83c6c5aa1f01a5a2fa76a592d82d7dff5fe0934b64c5e88be69c47a5807a769,script,diagnostics/sessions_waits,Oracle diagnostic query/report helper: sessions locks.,DESTRUCTIVE,True,['variables'],False,scripts/diagnostics/sessions_waits/sessions_locks.sql
oracle/admin:scripts/diagnostics/sessions_waits/sessions_locks_history.sql,oracle/admin,scripts/diagnostics/sessions_waits/sessions_locks_history.sql,.sql,4960,ab07de0700ccee99f9c2e0ce285cafd6d625b3bea7a0cc6550a13d2d814cbf43,script,diagnostics/sessions_waits,Oracle diagnostic query/report helper: sessions locks history.,DESTRUCTIVE,True,"['MI', 'SS', 'days', 'variables']",False,scripts/diagnostics/sessions_waits/sessions_locks_history.sql
oracle/admin:scripts/diagnostics/sessions_waits/sesstat.sql,oracle/admin,scripts/diagnostics/sessions_waits/sesstat.sql,.sql,1930,258729454fb11dd69a61a48a7b342f43c24d61dc8b8b24024ab2be99eff05a1a,script,diagnostics/sessions_waits,oracle/admin diagnostics/sessions_waits helper: sesstat.,READ_ONLY,True,[],False,scripts/diagnostics/sessions_waits/sesstat.sql
oracle/admin:scripts/diagnostics/sessions_waits/sesstat_CPU.sql,oracle/admin,scripts/diagnostics/sessions_waits/sesstat_CPU.sql,.sql,2009,896f94bb40986416960c77d79faa87bb77d83a2903d97272bdec9fc5533e6864,script,diagnostics/sessions_waits,oracle/admin diagnostics/sessions_waits helper: sesstat CPU.,READ_ONLY,True,[],False,scripts/diagnostics/sessions_waits/sesstat_CPU.sql
oracle/admin:scripts/diagnostics/sessions_waits/sesstat_dblink.sql,oracle/admin,scripts/diagnostics/sessions_waits/sesstat_dblink.sql,.sql,1978,cd00c6935aa9d2ca95403fa08cfdba39b75a535e37a6550ec2e899a525fc587b,script,diagnostics/sessions_waits,oracle/admin diagnostics/sessions_waits helper: sesstat dblink.,READ_ONLY,True,[],False,scripts/diagnostics/sessions_waits/sesstat_dblink.sql
oracle/admin:scripts/diagnostics/sessions_waits/sesstat_parse.sql,oracle/admin,scripts/diagnostics/sessions_waits/sesstat_parse.sql,.sql,1670,32d722260c2f32f5cbf4f9406b594ae55dd11fa50277e455b508975af940d79a,script,diagnostics/sessions_waits,Oracle diagnostic query/report helper: sesstat parse.,READ_ONLY,True,['variables'],False,scripts/diagnostics/sessions_waits/sesstat_parse.sql
oracle/admin:scripts/diagnostics/sessions_waits/sqlsession.sql,oracle/admin,scripts/diagnostics/sessions_waits/sqlsession.sql,.sql,2280,a70e4591e0e26755ff6905d5bf52aa9b496753446f810dade8f3a17ae604718c,script,diagnostics/sessions_waits,Oracle diagnostic query/report helper: sqlsession.,READ_ONLY,True,['variables'],False,scripts/diagnostics/sessions_waits/sqlsession.sql
oracle/admin:scripts/diagnostics/sessions_waits/sysmetric_history_db_wait_time_ratio.sql,oracle/admin,scripts/diagnostics/sessions_waits/sysmetric_history_db_wait_time_ratio.sql,.sql,2355,f245fca33225a0f9957a6f31d7346d272d6387ff9e0397b85a1c02e136e5a2b4,script,diagnostics/sessions_waits,Oracle diagnostic query/report helper: sysmetric history db wait time ratio.,READ_ONLY,True,"['_Average', '_standard_deviation', 'mi', 'variables']",False,scripts/diagnostics/sessions_waits/sysmetric_history_db_wait_time_ratio.sql
oracle/admin:scripts/diagnostics/sessions_waits/top_activity_wait.sql,oracle/admin,scripts/diagnostics/sessions_waits/top_activity_wait.sql,.sql,3875,2aee73f5cd90b6e483315cdddad3167300d1df6193f747fb17f63c68e0bae2df,script,diagnostics/sessions_waits,Script To Get Cpu Usage And Wait Event Information In Oracle Database,READ_ONLY,True,['MI'],False,scripts/diagnostics/sessions_waits/top_activity_wait.sql
oracle/admin:scripts/diagnostics/sessions_waits/top_activity_wait_h.sql,oracle/admin,scripts/diagnostics/sessions_waits/top_activity_wait_h.sql,.sql,4163,73111d7f004084807bfcb74302fadc96c19b985ebba342bc05ea95e9efe6e06f,script,diagnostics/sessions_waits,Script To Get Cpu Usage And Wait Event Information In Oracle Database,READ_ONLY,True,['MI'],False,scripts/diagnostics/sessions_waits/top_activity_wait_h.sql
oracle/admin:scripts/diagnostics/sessions_waits/top_activity_wait_h_hour.sql,oracle/admin,scripts/diagnostics/sessions_waits/top_activity_wait_h_hour.sql,.sql,4159,b20cadfca67f4500a50960e09344025f01574f29cc951a0f1860bec7e54927ba,script,diagnostics/sessions_waits,Script To Get Cpu Usage And Wait Event Information In Oracle Database,READ_ONLY,True,[],False,scripts/diagnostics/sessions_waits/top_activity_wait_h_hour.sql
oracle/admin:scripts/diagnostics/sessions_waits/top_activity_wait_hour.sql,oracle/admin,scripts/diagnostics/sessions_waits/top_activity_wait_hour.sql,.sql,3941,94061dd598f176954d0534ab713070f54b0331c7a8d98374a45c868dccc88a55,script,diagnostics/sessions_waits,Script To Get Cpu Usage And Wait Event Information In Oracle Database,READ_ONLY,True,[],False,scripts/diagnostics/sessions_waits/top_activity_wait_hour.sql
oracle/admin:scripts/diagnostics/sessions_waits/top_activity_wait_js.sql,oracle/admin,scripts/diagnostics/sessions_waits/top_activity_wait_js.sql,.sql,20969,b221a8657ace7f149dec75f4715d9715c6eae9e7d28b14693cc2125f1214e42f,script,diagnostics/sessions_waits,Script To Get Cpu Usage And Wait Event Information In Oracle Database,READ_ONLY,True,['MI'],False,scripts/diagnostics/sessions_waits/top_activity_wait_js.sql
oracle/admin:scripts/diagnostics/sessions_waits/top_activity_wait_secs.sql,oracle/admin,scripts/diagnostics/sessions_waits/top_activity_wait_secs.sql,.sql,3726,85ec8ebd9f83fc6617839a75b97d48c2286512249d634aff63101000cdcc4184,script,diagnostics/sessions_waits,Script To Get Cpu Usage And Wait Event Information In Oracle Database,READ_ONLY,True,['SAMPLE_TIME'],False,scripts/diagnostics/sessions_waits/top_activity_wait_secs.sql
oracle/admin:scripts/diagnostics/sessions_waits/top_sessions.sql,oracle/admin,scripts/diagnostics/sessions_waits/top_sessions.sql,.sql,3115,0be459aea39b1c5422124407c5b25e1970e1026f3a1170090c212ce9ad48c330,script,diagnostics/sessions_waits,Oracle diagnostic query/report helper: top sessions (1).,CHANGES,True,"['mi', 'ss', 'variables']",False,scripts/diagnostics/sessions_waits/top_sessions.sql
oracle/admin:scripts/diagnostics/sessions_waits/top_sessions_n.sql,oracle/admin,scripts/diagnostics/sessions_waits/top_sessions_n.sql,.sql,3184,0667ce477199b1f44fd0e2c40fbac73cbb2d5b9f7053d5abde0880a1e35c18f4,script,diagnostics/sessions_waits,Oracle diagnostic query/report helper: top sessions n.,CHANGES,True,"['mi', 'ss', 'variables']",False,scripts/diagnostics/sessions_waits/top_sessions_n.sql
oracle/admin:scripts/diagnostics/sessions_waits/trace_de_session.sql,oracle/admin,scripts/diagnostics/sessions_waits/trace_de_session.sql,.sql,984,b0bf0f5197c8dd5d87b5e7af9aa20b3dd2355139bf9314feb582495d74393e4f,script,diagnostics/sessions_waits,Oracle diagnostic query/report helper: trace de session.,CHANGES,True,['variables'],False,scripts/diagnostics/sessions_waits/trace_de_session.sql
oracle/admin:scripts/diagnostics/sessions_waits/undo_sessions.sql,oracle/admin,scripts/diagnostics/sessions_waits/undo_sessions.sql,.sql,2861,4a8ef4f8f9af07523260bf2d5b8e6d4e4a7eb693553f821d1a9ebd0d3aaac9c5,script,diagnostics/sessions_waits,Oracle diagnostic query/report helper: undo sessions.,READ_ONLY,True,['variables'],False,scripts/diagnostics/sessions_waits/undo_sessions.sql
oracle/admin:scripts/diagnostics/sessions_waits/uso_temp_session.sql,oracle/admin,scripts/diagnostics/sessions_waits/uso_temp_session.sql,.sql,1221,9f2bce757fe1ff440efda5b3ae4fdadf0fb2a6092f478178abbc05303da8c278,script,diagnostics/sessions_waits,oracle/admin diagnostics/sessions_waits helper: uso temp session.,READ_ONLY,True,[],False,scripts/diagnostics/sessions_waits/uso_temp_session.sql
oracle/admin:scripts/diagnostics/sessions_waits/wait_events.sql,oracle/admin,scripts/diagnostics/sessions_waits/wait_events.sql,.sql,1255,c85be3a4b0111941da9224755dcb26eb63075e68d14609f2a21c7af879bdb454,script,diagnostics/sessions_waits,Oracle diagnostic query/report helper: wait events.,READ_ONLY,True,['variables'],False,scripts/diagnostics/sessions_waits/wait_events.sql
oracle/admin:scripts/diagnostics/sessions_waits/wait_events_1.sql,oracle/admin,scripts/diagnostics/sessions_waits/wait_events_1.sql,.sql,1261,a86a6b8907cc0db3c5f2d942ca8d215d535215cf5ea85657375b722eb54d1483,script,diagnostics/sessions_waits,Oracle diagnostic query/report helper: wait events 1.,READ_ONLY,True,['variables'],False,scripts/diagnostics/sessions_waits/wait_events_1.sql
oracle/admin:scripts/diagnostics/sessions_waits/wait_sessions.sql,oracle/admin,scripts/diagnostics/sessions_waits/wait_sessions.sql,.sql,2210,3a3a4ec2bb35e2d89ad8ad1672d3cf3bcf3384596d43264e418b92cb922e955e,script,diagnostics/sessions_waits,Oracle diagnostic query/report helper: wait sessions.,READ_ONLY,True,['variables'],False,scripts/diagnostics/sessions_waits/wait_sessions.sql
oracle/admin:scripts/diagnostics/sessions_waits/wait_time_detail_10g.sql,oracle/admin,scripts/diagnostics/sessions_waits/wait_time_detail_10g.sql,.sql,2380,ff0c4bfd663f6e61d392c75be2273b5026b711b4077f7e8eb9001924cfe278ed,script,diagnostics/sessions_waits,Oracle diagnostic query/report helper: wait time detail 10g.,READ_ONLY,True,"['mi', 'variables']",False,scripts/diagnostics/sessions_waits/wait_time_detail_10g.sql
oracle/admin:scripts/maintenance/scheduler/README.md,oracle/admin,scripts/maintenance/scheduler/README.md,.md,3455,9c22b905b88dd3da1cd828af7360225440ed36ee8317be1034f685293883287a,documentation,maintenance/scheduler,oracle/admin maintenance/scheduler helper: README.,DESTRUCTIVE,False,[],False,scripts/maintenance/scheduler/README.md
oracle/admin:scripts/maintenance/scheduler/Scheduler10g.sql,oracle/admin,scripts/maintenance/scheduler/Scheduler10g.sql,.sql,1311,f6e9902681a33fe5bdef31486b30b4d8a11dba75609ca01a2cb0ab748f16beaa,script,maintenance/scheduler,Oracle database maintenance helper: Scheduler10g.,READ_ONLY,True,"['MI', 'variables']",False,scripts/maintenance/scheduler/Scheduler10g.sql
oracle/admin:scripts/maintenance/scheduler/abjobdefid.sql,oracle/admin,scripts/maintenance/scheduler/abjobdefid.sql,.sql,1472,643ed399487336599be6f3e483097b71436104a5a5161fc16779987f6ea2c2c6,script,maintenance/scheduler,oracle/admin maintenance/scheduler helper: abjobdefid.,CHANGES,True,['system_name'],False,scripts/maintenance/scheduler/abjobdefid.sql
oracle/admin:scripts/maintenance/scheduler/crea_job.sql,oracle/admin,scripts/maintenance/scheduler/crea_job.sql,.sql,1382,e6dac586765b90473fa6bb25f7c504292f725da6c7b16f162839d6ab45a3ab0a,script,maintenance/scheduler,Oracle database maintenance helper: crea job.,CHANGES,True,"['mi', 'ss', 'variables']",False,scripts/maintenance/scheduler/crea_job.sql
oracle/admin:scripts/maintenance/scheduler/dba_autotask_job_history.sql,oracle/admin,scripts/maintenance/scheduler/dba_autotask_job_history.sql,.sql,1276,e423f8c4b3cce5b3230493191f1e630298fd35b53239775bab6257956b61591a,script,maintenance/scheduler,Oracle database maintenance helper: dba autotask job history.,READ_ONLY,True,"['days', 'variables']",False,scripts/maintenance/scheduler/dba_autotask_job_history.sql
oracle/admin:scripts/maintenance/scheduler/dba_datapump_jobs.sql,oracle/admin,scripts/maintenance/scheduler/dba_datapump_jobs.sql,.sql,1071,37c3bf79d19435352e493b94c803fc2bdf386eb819d8752c37b911db84047b83,script,maintenance/scheduler,Oracle database maintenance helper: dba datapump jobs.,DESTRUCTIVE,True,['variables'],False,scripts/maintenance/scheduler/dba_datapump_jobs.sql
oracle/admin:scripts/maintenance/scheduler/dba_jobs.sql,oracle/admin,scripts/maintenance/scheduler/dba_jobs.sql,.sql,1285,e22fba87ee5fcc98e3d9beb8782722b5d90329b107e3ed82b0d0baef89bf1d67,script,maintenance/scheduler,Oracle database maintenance helper: dba jobs (1).,READ_ONLY,True,['variables'],False,scripts/maintenance/scheduler/dba_jobs.sql
oracle/admin:scripts/maintenance/scheduler/dba_jobs_broken.sql,oracle/admin,scripts/maintenance/scheduler/dba_jobs_broken.sql,.sql,1316,f4754a9cde65592a27e0864a9ee588bf294ab249362231c144454b5e66680824,script,maintenance/scheduler,Oracle database maintenance helper: dba jobs broken.,READ_ONLY,True,['variables'],False,scripts/maintenance/scheduler/dba_jobs_broken.sql
oracle/admin:scripts/maintenance/scheduler/dba_scheduler_job_classes.sql,oracle/admin,scripts/maintenance/scheduler/dba_scheduler_job_classes.sql,.sql,1049,592ced10b06e88733d051bf760d47d6c6db03bb53a8caee7617aad317c70c444,script,maintenance/scheduler,Oracle database maintenance helper: dba scheduler job classes.,READ_ONLY,True,['variables'],False,scripts/maintenance/scheduler/dba_scheduler_job_classes.sql
oracle/admin:scripts/maintenance/scheduler/dba_scheduler_job_log.sql,oracle/admin,scripts/maintenance/scheduler/dba_scheduler_job_log.sql,.sql,1203,f11b5a23d14ded41f2edf72adc045609b238fa4be51e2b14f7454c9fa288592b,script,maintenance/scheduler,Oracle database maintenance helper: dba scheduler job log.,READ_ONLY,True,"['job_name', 'variables']",False,scripts/maintenance/scheduler/dba_scheduler_job_log.sql
oracle/admin:scripts/maintenance/scheduler/dba_scheduler_job_run_details.sql,oracle/admin,scripts/maintenance/scheduler/dba_scheduler_job_run_details.sql,.sql,1812,c829ee9bb01c642b922f1935af725cc64ce1b9aa9b96d614a129c765953b27b5,script,maintenance/scheduler,Oracle database maintenance helper: dba scheduler job run details.,READ_ONLY,True,"['day', 'job_name', 'mi', 'variables']",False,scripts/maintenance/scheduler/dba_scheduler_job_run_details.sql
oracle/admin:scripts/maintenance/scheduler/dba_scheduler_jobs.sql,oracle/admin,scripts/maintenance/scheduler/dba_scheduler_jobs.sql,.sql,2412,7d26d5216fc08255ccea09107e0da977c716c7b8dcb176333e9ca6fa198e5e8f,script,maintenance/scheduler,Oracle database maintenance helper: dba scheduler jobs.,READ_ONLY,True,"['job_name', 'mi', 'ss', 'variables']",False,scripts/maintenance/scheduler/dba_scheduler_jobs.sql
oracle/admin:scripts/maintenance/scheduler/dba_scheduler_programs.sql,oracle/admin,scripts/maintenance/scheduler/dba_scheduler_programs.sql,.sql,1598,382c6c6d3d4f8cc3d2f7f16fad3ec4349733ab9169270650256085db350a9c58,script,maintenance/scheduler,Oracle database maintenance helper: dba scheduler programs.,READ_ONLY,True,['variables'],False,scripts/maintenance/scheduler/dba_scheduler_programs.sql
oracle/admin:scripts/maintenance/scheduler/dba_scheduler_schedules.sql,oracle/admin,scripts/maintenance/scheduler/dba_scheduler_schedules.sql,.sql,1926,32757468a32a731c3a4462e1e6938752e486b31df7537352ef1b84e322ebc73e,script,maintenance/scheduler,Oracle database maintenance helper: dba scheduler schedules.,READ_ONLY,True,['variables'],False,scripts/maintenance/scheduler/dba_scheduler_schedules.sql
oracle/admin:scripts/maintenance/scheduler/dba_scheduler_window_groups.sql,oracle/admin,scripts/maintenance/scheduler/dba_scheduler_window_groups.sql,.sql,1005,4a424596b7fd1caa14f9f661126824c20cee03c9527d4fd7c756fb99420c9ab4,script,maintenance/scheduler,Oracle database maintenance helper: dba scheduler window groups.,READ_ONLY,True,['variables'],False,scripts/maintenance/scheduler/dba_scheduler_window_groups.sql
oracle/admin:scripts/maintenance/scheduler/dba_scheduler_windows.sql,oracle/admin,scripts/maintenance/scheduler/dba_scheduler_windows.sql,.sql,7948,3985402a2afde2abef4bccf90d361d3b7a84bd3a141ddc96d9ca2fe7c0db5d1b,script,maintenance/scheduler,Oracle database maintenance helper: dba scheduler windows.,DESTRUCTIVE,True,"['WINDOW_GROUP_NAME', 'mi', 'variables', 'window_name']",False,scripts/maintenance/scheduler/dba_scheduler_windows.sql
oracle/admin:scripts/maintenance/scheduler/dba_scheduler_windows_x.sql,oracle/admin,scripts/maintenance/scheduler/dba_scheduler_windows_x.sql,.sql,2301,fe5853adf6310860d5c289f4120e4669d927022bc37146bd5ce0c8d426f719e7,script,maintenance/scheduler,Oracle database maintenance helper: dba scheduler windows x.,CHANGES,True,"['mi', 'variables', 'win_group_name', 'window_name']",False,scripts/maintenance/scheduler/dba_scheduler_windows_x.sql
oracle/admin:scripts/maintenance/scheduler/dbms_datapump.stop_job.sql,oracle/admin,scripts/maintenance/scheduler/dbms_datapump.stop_job.sql,.sql,1229,b809de319aef60adc663b53dc62fdf0ab78eb14c95491ba9913aa3de3d22fc2f,script,maintenance/scheduler,Oracle database maintenance helper: dbms datapump stop job.,REVIEW,True,"['JOB_NAME', 'OWNER_NAME', 'variables']",False,scripts/maintenance/scheduler/dbms_datapump.stop_job.sql
oracle/admin:scripts/maintenance/scheduler/dbms_jobs.remove.sql,oracle/admin,scripts/maintenance/scheduler/dbms_jobs.remove.sql,.sql,1032,41ca707fc4ac49baa67865732974223b92169715b88ba00d321a139e5315aeb1,script,maintenance/scheduler,Oracle database maintenance helper: dbms jobs remove (1).,DESTRUCTIVE,True,"['JOB', 'variables']",False,scripts/maintenance/scheduler/dbms_jobs.remove.sql
oracle/admin:scripts/maintenance/scheduler/dbms_jobs.remove_all.sql,oracle/admin,scripts/maintenance/scheduler/dbms_jobs.remove_all.sql,.sql,1113,84816156c06d70bc10bbb78361d80aee18214cbdca13b84f1cbc76a5aa1f7d9c,script,maintenance/scheduler,Oracle database maintenance helper: dbms jobs remove all.,DESTRUCTIVE,True,['variables'],False,scripts/maintenance/scheduler/dbms_jobs.remove_all.sql
oracle/admin:scripts/maintenance/scheduler/dbms_scheduler.add_window_group_member.sql,oracle/admin,scripts/maintenance/scheduler/dbms_scheduler.add_window_group_member.sql,.sql,1243,fa22c05d5775448a0a453f4e06e90abd104cc7f9b146b95d6745b669e5554cc3,script,maintenance/scheduler,Oracle database maintenance helper: dbms scheduler add window group member.,REVIEW,True,"['group_name', 'variables', 'window_list_sep_coma']",False,scripts/maintenance/scheduler/dbms_scheduler.add_window_group_member.sql
oracle/admin:scripts/maintenance/scheduler/dbms_scheduler.close_window.sql,oracle/admin,scripts/maintenance/scheduler/dbms_scheduler.close_window.sql,.sql,1190,1c36f89dffc0f332ebc84e981d7ab205775cb3b57b1513be3008e3c4a3987354,script,maintenance/scheduler,Oracle database maintenance helper: dbms scheduler close window.,READ_ONLY,True,"['WIN_NAME', 'variables']",False,scripts/maintenance/scheduler/dbms_scheduler.close_window.sql
oracle/admin:scripts/maintenance/scheduler/dbms_scheduler.create_job.sql,oracle/admin,scripts/maintenance/scheduler/dbms_scheduler.create_job.sql,.sql,4402,4e8d1dcdc6da7e1866e60677c146c33227ca3b622ddbb2bef8584b0fbb758ade,script,maintenance/scheduler,Oracle database maintenance helper: dbms scheduler create job.,CHANGES,True,"['FREQ', 'INTERVAL', 'comments', 'enabled', 'job_name', 'program_name', 'restartable', 'schedule_name', 'stop_on_window_close', 'variables']",False,scripts/maintenance/scheduler/dbms_scheduler.create_job.sql
oracle/admin:scripts/maintenance/scheduler/dbms_scheduler.create_program.sql,oracle/admin,scripts/maintenance/scheduler/dbms_scheduler.create_program.sql,.sql,1490,6a3d08e9e49c7363c2cff13d14d692b3a20814855e496570f9c1c2816f05abcd,script,maintenance/scheduler,Oracle database maintenance helper: dbms scheduler create program.,CHANGES,True,"['comments', 'enabled', 'program_action', 'program_name', 'program_type', 'variables']",False,scripts/maintenance/scheduler/dbms_scheduler.create_program.sql
oracle/admin:scripts/maintenance/scheduler/dbms_scheduler.create_schedule.sql,oracle/admin,scripts/maintenance/scheduler/dbms_scheduler.create_schedule.sql,.sql,1613,b82fbc6a068804dded369f508eeaadb05f84756be561bfc2977d417174512ab3,script,maintenance/scheduler,Oracle database maintenance helper: dbms scheduler create schedule.,CHANGES,True,"['FREQ', 'comments', 'repeat_interval', 'schedule_name', 'start_date', 'variables']",False,scripts/maintenance/scheduler/dbms_scheduler.create_schedule.sql
oracle/admin:scripts/maintenance/scheduler/dbms_scheduler.create_window.sql,oracle/admin,scripts/maintenance/scheduler/dbms_scheduler.create_window.sql,.sql,2165,a72569567ed6d963b40a7845173de23dc2554d201249b25ca4fb927f711cd72e,script,maintenance/scheduler,Oracle database maintenance helper: dbms scheduler create window.,CHANGES,True,"['FREQ', 'comments', 'duration_mins', 'end_date', 'repeat_interval', 'resource_plan', 'start_date', 'variables', 'window_name', 'window_priority']",False,scripts/maintenance/scheduler/dbms_scheduler.create_window.sql
oracle/admin:scripts/maintenance/scheduler/dbms_scheduler.create_window_group.sql,oracle/admin,scripts/maintenance/scheduler/dbms_scheduler.create_window_group.sql,.sql,1102,3168c050e2fbb8d02229c06196a680a114b83fda3986da7c718943b0b3103495,script,maintenance/scheduler,Oracle database maintenance helper: dbms scheduler create window group.,CHANGES,True,"['variables', 'window_group_name']",False,scripts/maintenance/scheduler/dbms_scheduler.create_window_group.sql
oracle/admin:scripts/maintenance/scheduler/dbms_scheduler.disable_job.sql,oracle/admin,scripts/maintenance/scheduler/dbms_scheduler.disable_job.sql,.sql,1069,6b5f227af1faf9b2c6b1a78fe817d347e6595eb351aea5dd016df3cbfc7697f8,script,maintenance/scheduler,Oracle database maintenance helper: dbms scheduler disable job.,REVIEW,True,['variables'],False,scripts/maintenance/scheduler/dbms_scheduler.disable_job.sql
oracle/admin:scripts/maintenance/scheduler/dbms_scheduler.drop_job.sql,oracle/admin,scripts/maintenance/scheduler/dbms_scheduler.drop_job.sql,.sql,1139,54eba917fd4f1cacd528a4531554b4eca395467658d3f8b64d13adda2999f34b,script,maintenance/scheduler,Oracle database maintenance helper: dbms scheduler drop job.,DESTRUCTIVE,True,"['force', 'job_name', 'variables']",False,scripts/maintenance/scheduler/dbms_scheduler.drop_job.sql
oracle/admin:scripts/maintenance/scheduler/dbms_scheduler.drop_schedule.sql,oracle/admin,scripts/maintenance/scheduler/dbms_scheduler.drop_schedule.sql,.sql,1140,e1236afbdf909e384cf005ac0959dd336d27e03e09dea64e9de6582357c9404f,script,maintenance/scheduler,Oracle database maintenance helper: dbms scheduler drop schedule.,DESTRUCTIVE,True,"['force', 'owner_schedule_name', 'variables']",False,scripts/maintenance/scheduler/dbms_scheduler.drop_schedule.sql
oracle/admin:scripts/maintenance/scheduler/dbms_scheduler.drop_window.sql,oracle/admin,scripts/maintenance/scheduler/dbms_scheduler.drop_window.sql,.sql,1095,b7db5c4324db1ae3e5045ddc6f86bdfed7c438bcaef28a15a7fc05986454aedc,script,maintenance/scheduler,Oracle database maintenance helper: dbms scheduler drop window.,DESTRUCTIVE,True,"['variables', 'window_list_sep_coma']",False,scripts/maintenance/scheduler/dbms_scheduler.drop_window.sql
oracle/admin:scripts/maintenance/scheduler/dbms_scheduler.enable_job.sql,oracle/admin,scripts/maintenance/scheduler/dbms_scheduler.enable_job.sql,.sql,1068,ca1af18e4a4e821d409bd042bf53b8b5b4e1de5b01674ecb60ed1125cb367a3c,script,maintenance/scheduler,Oracle database maintenance helper: dbms scheduler enable job.,REVIEW,True,['variables'],False,scripts/maintenance/scheduler/dbms_scheduler.enable_job.sql
oracle/admin:scripts/maintenance/scheduler/dbms_scheduler.modify_job.sql,oracle/admin,scripts/maintenance/scheduler/dbms_scheduler.modify_job.sql,.sql,1399,8f54842c5fda1267c0999a4d173b9e0b62840750dc67f65cfd59894728b576e7,script,maintenance/scheduler,Oracle database maintenance helper: dbms scheduler modify job.,REVIEW,True,['variables'],False,scripts/maintenance/scheduler/dbms_scheduler.modify_job.sql
oracle/admin:scripts/maintenance/scheduler/dbms_scheduler.open_window.sql,oracle/admin,scripts/maintenance/scheduler/dbms_scheduler.open_window.sql,.sql,1322,3f50188ecd9c01a59bfc65115b198f3b9ef30586c583fcd3776d1fe524317894,script,maintenance/scheduler,Oracle database maintenance helper: dbms scheduler open window.,READ_ONLY,True,"['MINS', 'WIN_NAME', 'variables']",False,scripts/maintenance/scheduler/dbms_scheduler.open_window.sql
oracle/admin:scripts/maintenance/scheduler/dbms_scheduler.remove_window_group_member.sql,oracle/admin,scripts/maintenance/scheduler/dbms_scheduler.remove_window_group_member.sql,.sql,1257,c536518d46ac0ac77fd8951bafea5827ad5b9381f53ec23d37d229ca4697c2e7,script,maintenance/scheduler,Oracle database maintenance helper: dbms scheduler remove window group member.,DESTRUCTIVE,True,"['group_name', 'variables', 'window_list_sep_coma']",False,scripts/maintenance/scheduler/dbms_scheduler.remove_window_group_member.sql
oracle/admin:scripts/maintenance/scheduler/dbms_scheduler.stop_job.sql,oracle/admin,scripts/maintenance/scheduler/dbms_scheduler.stop_job.sql,.sql,1089,9c933057a5b7cafd89246a0569dcc8b2e72d431824db2374be7bc7535961c1db,script,maintenance/scheduler,Oracle database maintenance helper: dbms scheduler stop job.,REVIEW,True,"['job_name', 'variables']",False,scripts/maintenance/scheduler/dbms_scheduler.stop_job.sql
oracle/admin:scripts/maintenance/scheduler/exp_jobsize.sql,oracle/admin,scripts/maintenance/scheduler/exp_jobsize.sql,.sql,2892,d35a643dfb0847d82967938c9056b17fd7b895d7830851f84eea4b0e9f47ced3,script,maintenance/scheduler,Oracle database maintenance helper: exp jobsize.,CHANGES,True,['variables'],False,scripts/maintenance/scheduler/exp_jobsize.sql
oracle/admin:scripts/maintenance/scheduler/exp_jobsize2.sql,oracle/admin,scripts/maintenance/scheduler/exp_jobsize2.sql,.sql,1218,322a4882e2041f4b6416e5dab53807953869d3d8751ae127888db7c75ac9b362,script,maintenance/scheduler,Oracle database maintenance helper: exp jobsize2.,READ_ONLY,True,['variables'],False,scripts/maintenance/scheduler/exp_jobsize2.sql
oracle/admin:scripts/maintenance/scheduler/exp_jobsize_avgavg.sql,oracle/admin,scripts/maintenance/scheduler/exp_jobsize_avgavg.sql,.sql,1858,3d8cefb1ce50f64104a26a55fe720d9c565fcef786e4569c010ca32503026bbe,script,maintenance/scheduler,Oracle database maintenance helper: exp jobsize avgavg.,CHANGES,True,['variables'],False,scripts/maintenance/scheduler/exp_jobsize_avgavg.sql
oracle/admin:scripts/maintenance/scheduler/exp_jobsize_avgmax.sql,oracle/admin,scripts/maintenance/scheduler/exp_jobsize_avgmax.sql,.sql,2614,827730c67c7933bf3f31865724a227e8424a6d08360ff85059154bfc1a7d4e52,script,maintenance/scheduler,Oracle database maintenance helper: exp jobsize avgmax.,CHANGES,True,['variables'],False,scripts/maintenance/scheduler/exp_jobsize_avgmax.sql
oracle/admin:scripts/maintenance/scheduler/exp_jobsize_max.sql,oracle/admin,scripts/maintenance/scheduler/exp_jobsize_max.sql,.sql,1652,f02e9bff06f83144c05a153a96f83adb037399a193ab0e294748c980919b0130,script,maintenance/scheduler,Oracle database maintenance helper: exp jobsize max.,CHANGES,True,['variables'],False,scripts/maintenance/scheduler/exp_jobsize_max.sql
oracle/admin:scripts/maintenance/scheduler/job.sql,oracle/admin,scripts/maintenance/scheduler/job.sql,.sql,1063,88014de285f2136a82872a32dfa53706f6f670e9060dc72e7a98c50af28cc70d,script,maintenance/scheduler,Oracle database maintenance helper: job.,READ_ONLY,True,['variables'],False,scripts/maintenance/scheduler/job.sql
oracle/admin:scripts/maintenance/scheduler/jobb.sql,oracle/admin,scripts/maintenance/scheduler/jobb.sql,.sql,1034,8429b16c47571a8aa68a8b19def3e581276f884b5f2a0429cda8687489eb71f6,script,maintenance/scheduler,Oracle database maintenance helper: jobb.,READ_ONLY,True,['variables'],False,scripts/maintenance/scheduler/jobb.sql
oracle/admin:scripts/maintenance/scheduler/jobs.sql,oracle/admin,scripts/maintenance/scheduler/jobs.sql,.sql,2753,3ec23075ebb33d8aadedc8e41d3cd5da2dd1583b5ce14231f6008ca4b31468d9,script,maintenance/scheduler,Oracle database maintenance helper: jobs.,READ_ONLY,True,"['MI', 'SS', 'variables']",False,scripts/maintenance/scheduler/jobs.sql
oracle/admin:scripts/maintenance/scheduler/scheduler.sql,oracle/admin,scripts/maintenance/scheduler/scheduler.sql,.sql,1137,bd4d7f9df57a49461868dbaa90cc83af24e608cc08e20948102898cf2288db6f,script,maintenance/scheduler,Oracle database maintenance helper: scheduler.,READ_ONLY,True,"['MI', 'variables']",False,scripts/maintenance/scheduler/scheduler.sql
oracle/admin:scripts/maintenance/scheduler/scheduler_running_jobs.sql,oracle/admin,scripts/maintenance/scheduler/scheduler_running_jobs.sql,.sql,1018,ba6d8bfc5bd07eec2dc760bf49d802518a85629e9e3042e18837f25904c92be8,script,maintenance/scheduler,Oracle database maintenance helper: scheduler running jobs.,READ_ONLY,True,['variables'],False,scripts/maintenance/scheduler/scheduler_running_jobs.sql
oracle/admin:scripts/maintenance/stats/AnalyzeNonShared.sql,oracle/admin,scripts/maintenance/stats/AnalyzeNonShared.sql,.sql,3132,d083122228e48f930f5c021e14d4b1ab8f211c0e6afc6d0508f0fb3759c085bf,script,maintenance/stats,Oracle database maintenance helper: AnalyzeNonShared.,READ_ONLY,True,['variables'],False,scripts/maintenance/stats/AnalyzeNonShared.sql
oracle/admin:scripts/maintenance/stats/README.md,oracle/admin,scripts/maintenance/stats/README.md,.md,427,c903ef4d31fb12bb47bde5720dc10f3d2f4179af35d39845c1a3a3adfac22645,documentation,maintenance/stats,oracle/admin maintenance/stats helper: README.,REVIEW,False,[],False,scripts/maintenance/stats/README.md
oracle/admin:scripts/maintenance/stats/analyzed_tables.sql,oracle/admin,scripts/maintenance/stats/analyzed_tables.sql,.sql,1330,8d5fe08e69e86fa1c8e45865cc352d5e85d23ec89102860848bd4e8c229fce65,script,maintenance/stats,Oracle database maintenance helper: analyzed tables.,READ_ONLY,True,['variables'],False,scripts/maintenance/stats/analyzed_tables.sql
oracle/admin:scripts/maintenance/stats/dba_tables_last_analyzed.sql,oracle/admin,scripts/maintenance/stats/dba_tables_last_analyzed.sql,.sql,1894,fc526413f1c3e16573500ac631e01130f9dcca39b65de02b7733553835366e29,script,maintenance/stats,Oracle database maintenance helper: dba tables last analyzed.,READ_ONLY,True,['variables'],False,scripts/maintenance/stats/dba_tables_last_analyzed.sql
oracle/admin:scripts/maintenance/stats/exec_stats_stale.sh,oracle/admin,scripts/maintenance/stats/exec_stats_stale.sh,.sh,3809,374a786426e7513f7160a2f05276824657ea072ccb761ea0ae611e2f8949ba2d,script,maintenance/stats,Oracle database maintenance helper: exec stats stale.,CHANGES,True,"['ORACLE_HOME', 'ORACLE_SID', 'ORAENV_ASK', 'PATH', 'STALE_STATS', 'arg1', 'arg2']",False,scripts/maintenance/stats/exec_stats_stale.sh
oracle/admin:scripts/maintenance/stats/select_AnalyzeTableChainedRows.sql,oracle/admin,scripts/maintenance/stats/select_AnalyzeTableChainedRows.sql,.sql,1212,0e955eac1f3a0052d4f065793976064d07b005736b35c44db3ff52e4e4f904d7,script,maintenance/stats,Oracle database maintenance helper: select AnalyzeTableChainedRows.,CHANGES,True,['variables'],False,scripts/maintenance/stats/select_AnalyzeTableChainedRows.sql
oracle/admin:scripts/performance/sql_tuning/Check_stale_stats.sql,oracle/admin,scripts/performance/sql_tuning/Check_stale_stats.sql,.sql,4538,17c243dcd03a4ce4dd345526439da48f2aead856e949ecf3544287f030d04fe6,script,performance/sql_tuning,oracle/admin performance/sql_tuning helper: Check stale stats.,CHANGES,True,"['OBJLIST', 'OPTIONS', 'OWNNAME']",False,scripts/performance/sql_tuning/Check_stale_stats.sql
oracle/admin:scripts/performance/sql_tuning/LCObjectsStats.sql,oracle/admin,scripts/performance/sql_tuning/LCObjectsStats.sql,.sql,2736,2a508c83fe7256d20165678498741aa17b7b65783d3301bb8e7ba62e18e1e543,script,performance/sql_tuning,Oracle SQL performance and tuning helper: LCObjectsStats.,READ_ONLY,True,['variables'],False,scripts/performance/sql_tuning/LCObjectsStats.sql
oracle/admin:scripts/performance/sql_tuning/README.md,oracle/admin,scripts/performance/sql_tuning/README.md,.md,8770,a5cf7cc5ce6cc7e023d3f1e2e6c6948dd2d113bb626d419d90e4adf750f6a074,documentation,performance/sql_tuning,oracle/admin performance/sql_tuning helper: README.,REVIEW,True,[],False,scripts/performance/sql_tuning/README.md
oracle/admin:scripts/performance/sql_tuning/Runstats.sql,oracle/admin,scripts/performance/sql_tuning/Runstats.sql,.sql,6618,19eb21150bf85ccdcb25dd66c4459afb234b7585d88662b9184b6a8971417aed,script,performance/sql_tuning,oracle/admin performance/sql_tuning helper: Runstats.,DESTRUCTIVE,True,[],False,scripts/performance/sql_tuning/Runstats.sql
oracle/admin:scripts/performance/sql_tuning/SQLStats.sql,oracle/admin,scripts/performance/sql_tuning/SQLStats.sql,.sql,1937,d0b5d5a9b1a8ac4c12dcacdfaea5e94478e7ab63555ee160f19d2e81444786fa,script,performance/sql_tuning,Oracle SQL performance and tuning helper: SQLStats.,READ_ONLY,True,['variables'],False,scripts/performance/sql_tuning/SQLStats.sql
oracle/admin:scripts/performance/sql_tuning/TrendSGAstats.sql,oracle/admin,scripts/performance/sql_tuning/TrendSGAstats.sql,.sql,5173,10fd98ff50da52e79475126e6b78214a5612f6c487a9b4cebe36970e4109fc41,script,performance/sql_tuning,Oracle SQL performance and tuning helper: TrendSGAstats.,CHANGES,True,"['mi', 'variables']",False,scripts/performance/sql_tuning/TrendSGAstats.sql
oracle/admin:scripts/performance/sql_tuning/awr_plan_change_date.sql,oracle/admin,scripts/performance/sql_tuning/awr_plan_change_date.sql,.sql,2883,71b36fcd6c5c2df3267fd95290576e2dc2030603a9f03a0fff19feff5575d607,script,performance/sql_tuning,Oracle SQL performance and tuning helper: awr plan change date.,READ_ONLY,True,"['DiffPerc', 'DiffSec', 'NDays', 'username', 'variables']",False,scripts/performance/sql_tuning/awr_plan_change_date.sql
oracle/admin:scripts/performance/sql_tuning/awr_plan_change_sqlid.sql,oracle/admin,scripts/performance/sql_tuning/awr_plan_change_sqlid.sql,.sql,2294,309a54d4e10cc1011795230147166bf99743cb6c99c50901638b64ddd06b8932,script,performance/sql_tuning,Oracle SQL performance and tuning helper: awr plan change sqlid.,READ_ONLY,True,"['NDays', 'sql_id', 'variables']",False,scripts/performance/sql_tuning/awr_plan_change_sqlid.sql
oracle/admin:scripts/performance/sql_tuning/awr_stats_hist.sql,oracle/admin,scripts/performance/sql_tuning/awr_stats_hist.sql,.sql,12127,5513367025b10f52ad0238594bf8150115fae09dd43ef70de1e4e6b3ddf2fd14,script,performance/sql_tuning,Oracle SQL performance and tuning helper: awr stats hist.,READ_ONLY,True,"['begin_snap', 'bid', 'dbid', 'eid', 'end_snap', 'max_snap_time', 'mi', 'num_days', 'ss', 'stat_filter_id', 'stat_filter_name', 'stat_input', 'stat_search', 'variables']",False,scripts/performance/sql_tuning/awr_stats_hist.sql
oracle/admin:scripts/performance/sql_tuning/cdb_resource_plans.sql,oracle/admin,scripts/performance/sql_tuning/cdb_resource_plans.sql,.sql,1133,008e1c62ad46452caf6fd4c2203d500b5445143db68784393a4ab9922a1a3334,script,performance/sql_tuning,Oracle SQL performance and tuning helper: cdb resource plans.,READ_ONLY,True,['variables'],False,scripts/performance/sql_tuning/cdb_resource_plans.sql
oracle/admin:scripts/performance/sql_tuning/cdb_resource_profile_directives.sql,oracle/admin,scripts/performance/sql_tuning/cdb_resource_profile_directives.sql,.sql,1376,fdb1f1adc8d9f12ab1083c4427917a30b001be75ae78b3483b98698ad876c0fa,script,performance/sql_tuning,Oracle SQL performance and tuning helper: cdb resource profile directives.,READ_ONLY,True,['variables'],False,scripts/performance/sql_tuning/cdb_resource_profile_directives.sql
oracle/admin:scripts/performance/sql_tuning/cdb_rsrc_plan.sql,oracle/admin,scripts/performance/sql_tuning/cdb_rsrc_plan.sql,.sql,3205,6d77e54e994575940cceb6a7718b2d70a333f0b5fe9a0c258b611313ad0b51b5,script,performance/sql_tuning,Oracle SQL performance and tuning helper: cdb rsrc plan.,CHANGES,True,['variables'],False,scripts/performance/sql_tuning/cdb_rsrc_plan.sql
oracle/admin:scripts/performance/sql_tuning/check_stale_stats_schema.sql,oracle/admin,scripts/performance/sql_tuning/check_stale_stats_schema.sql,.sql,3129,19d6bddc8cf94a8962c686efb5929c197b3880f9be3aee9434fcfa00cbc58033,script,performance/sql_tuning,Oracle SQL performance and tuning helper: check stale stats schema.,READ_ONLY,True,"['OBJLIST', 'OPTIONS', 'OWNER', 'OWNNAME', 'variables']",False,scripts/performance/sql_tuning/check_stale_stats_schema.sql
oracle/admin:scripts/performance/sql_tuning/citi_stats_logs.sql,oracle/admin,scripts/performance/sql_tuning/citi_stats_logs.sql,.sql,1666,5f937dd3627013729a5de0b768ffd4e6b71bb348244a0af9cc72c221e8d706fa,script,performance/sql_tuning,Oracle SQL performance and tuning helper: citi stats logs.,READ_ONLY,True,"['runs', 'variables']",False,scripts/performance/sql_tuning/citi_stats_logs.sql
oracle/admin:scripts/performance/sql_tuning/citi_stats_schema.sql,oracle/admin,scripts/performance/sql_tuning/citi_stats_schema.sql,.sql,1886,94b2bbc0bbe3e053ed831edabac1a6ce15d037b49aba0205a9b2ed7c9466df8a,script,performance/sql_tuning,Oracle SQL performance and tuning helper: citi stats schema.,CHANGES,True,"['MI', 'SS', 'days', 'schema_name', 'variables']",False,scripts/performance/sql_tuning/citi_stats_schema.sql
oracle/admin:scripts/performance/sql_tuning/coe_xfr_sql_profile.sql,oracle/admin,scripts/performance/sql_tuning/coe_xfr_sql_profile.sql,.sql,11535,38cdcae3a3ebdb2c27c478861e45df5232f335266fb73b0509b73a5e89314836,script,performance/sql_tuning,oracle/admin performance/sql_tuning helper: coe xfr sql profile.,DESTRUCTIVE,True,"['other_xml', 'plan_hash_value', 'signature', 'sql_id', 'sql_text']",False,scripts/performance/sql_tuning/coe_xfr_sql_profile.sql
oracle/admin:scripts/performance/sql_tuning/coe_xfr_sql_profile_b470201rk883h_-1.sql,oracle/admin,scripts/performance/sql_tuning/coe_xfr_sql_profile_b470201rk883h_-1.sql,.sql,2240,d26773c373956fe4b017d56b094001f3ed8b2cdce4c2f4de5e8d216b099f05dc,script,performance/sql_tuning,oracle/admin performance/sql_tuning helper: coe xfr sql profile b470201rk883h 1.,DESTRUCTIVE,True,"['B1', 'B2', 'B3', 'B4', 'B5']",False,scripts/performance/sql_tuning/coe_xfr_sql_profile_b470201rk883h_-1.sql
oracle/admin:scripts/performance/sql_tuning/coe_xfr_sql_profile_b470201rk883h_2766146777.sql,oracle/admin,scripts/performance/sql_tuning/coe_xfr_sql_profile_b470201rk883h_2766146777.sql,.sql,3693,403c3979efe003896430be0fe6b0f6efe13447ec68fe84d081240514768cf0cc,script,performance/sql_tuning,oracle/admin performance/sql_tuning helper: coe xfr sql profile b470201rk883h 2766146777.,DESTRUCTIVE,True,"['B1', 'B2', 'B3', 'B4', 'B5', 'arg1', 'arg2', 'arg3', 'signature']",False,scripts/performance/sql_tuning/coe_xfr_sql_profile_b470201rk883h_2766146777.sql
oracle/admin:scripts/performance/sql_tuning/coe_xfr_sql_profile_djxz0dq464m6h_-1.sql,oracle/admin,scripts/performance/sql_tuning/coe_xfr_sql_profile_djxz0dq464m6h_-1.sql,.sql,2241,09809c71ec2d3037dffb368723d79c480366f4bb870032b6e21708b9e7637778,script,performance/sql_tuning,oracle/admin performance/sql_tuning helper: coe xfr sql profile djxz0dq464m6h 1.,DESTRUCTIVE,True,"['B1', 'B2', 'B3', 'B4', 'B5']",False,scripts/performance/sql_tuning/coe_xfr_sql_profile_djxz0dq464m6h_-1.sql
oracle/admin:scripts/performance/sql_tuning/create_profile.sql,oracle/admin,scripts/performance/sql_tuning/create_profile.sql,.sql,1975,10788b3d9394e643674503498e3e714a59f2d5aeb4257aa9ba820c31efd5f284,script,performance/sql_tuning,Oracle SQL performance and tuning helper: create profile.,CHANGES,True,['variables'],False,scripts/performance/sql_tuning/create_profile.sql
oracle/admin:scripts/performance/sql_tuning/create_sql_profile_copy.sql,oracle/admin,scripts/performance/sql_tuning/create_sql_profile_copy.sql,.sql,1764,95649349c86d9ef46ff466fe0cadf94a8264b070c4f1d96fe85954694e937931,script,performance/sql_tuning,Oracle SQL performance and tuning helper: create sql profile copy.,CHANGES,True,"['category', 'child_no_from', 'child_no_to', 'force_matching', 'sql_id_from', 'sql_id_to', 'variables']",False,scripts/performance/sql_tuning/create_sql_profile_copy.sql
oracle/admin:scripts/performance/sql_tuning/dba_hist_sql_plan.sql,oracle/admin,scripts/performance/sql_tuning/dba_hist_sql_plan.sql,.sql,1714,c5aaf9f0a6e2c029e75447b22962e889b6a6b076b4907e28b020d7dad4a4ad1a,script,performance/sql_tuning,Oracle SQL performance and tuning helper: dba hist sql plan.,DESTRUCTIVE,True,['variables'],False,scripts/performance/sql_tuning/dba_hist_sql_plan.sql
oracle/admin:scripts/performance/sql_tuning/dba_profiles.sql,oracle/admin,scripts/performance/sql_tuning/dba_profiles.sql,.sql,1089,e5f4001e489486acdfa80f69876d888d5b7f78fa465b095ec80fc2d771c6ff73,script,performance/sql_tuning,Oracle SQL performance and tuning helper: dba profiles.,READ_ONLY,True,"['profile', 'variables']",False,scripts/performance/sql_tuning/dba_profiles.sql
oracle/admin:scripts/performance/sql_tuning/dba_rsrc_plan_directives.sql,oracle/admin,scripts/performance/sql_tuning/dba_rsrc_plan_directives.sql,.sql,1680,acb9f83bf1bf02184cbc374d1a418723c7134e783be6c38112ded62b3fee4e9d,script,performance/sql_tuning,Oracle SQL performance and tuning helper: dba rsrc plan directives.,CHANGES,True,['variables'],False,scripts/performance/sql_tuning/dba_rsrc_plan_directives.sql
oracle/admin:scripts/performance/sql_tuning/dba_rsrc_plans.sql,oracle/admin,scripts/performance/sql_tuning/dba_rsrc_plans.sql,.sql,1085,fdfb74d19f98dceb36063f259f39723bab834859be58ea25854b19d6ece34019,script,performance/sql_tuning,Oracle SQL performance and tuning helper: dba rsrc plans.,READ_ONLY,True,['variables'],False,scripts/performance/sql_tuning/dba_rsrc_plans.sql
oracle/admin:scripts/performance/sql_tuning/dba_sql_plan_baselines.sql,oracle/admin,scripts/performance/sql_tuning/dba_sql_plan_baselines.sql,.sql,1172,660256c049d47f259d0cd5f75c79256e7607054f3e72963fc19b5642f1516baa,script,performance/sql_tuning,Oracle SQL performance and tuning helper: dba sql plan baselines.,READ_ONLY,True,['variables'],False,scripts/performance/sql_tuning/dba_sql_plan_baselines.sql
oracle/admin:scripts/performance/sql_tuning/dba_sql_profiles.sql,oracle/admin,scripts/performance/sql_tuning/dba_sql_profiles.sql,.sql,368,d7f3a6eae0d7dd5e7f43563629f347f8a84be4ba902655d3e49d02dd1b19a634,script,performance/sql_tuning,oracle/admin performance/sql_tuning helper: dba sql profiles.,READ_ONLY,True,['days'],False,scripts/performance/sql_tuning/dba_sql_profiles.sql
oracle/admin:scripts/performance/sql_tuning/dba_tab_modifications_stats.sql,oracle/admin,scripts/performance/sql_tuning/dba_tab_modifications_stats.sql,.sql,5750,f45f937d26accbcf014aed8157c2f1d3fe112ae9a9a9fdb5e80f7fdc60649993,script,performance/sql_tuning,Oracle SQL performance and tuning helper: dba tab modifications stats.,CHANGES,True,"['diff_days', 'num_rows', 'owner', 'pctmod', 'size_mb', 'variables']",False,scripts/performance/sql_tuning/dba_tab_modifications_stats.sql
oracle/admin:scripts/performance/sql_tuning/dbms.sqltune.cancel_tuning_task.sql,oracle/admin,scripts/performance/sql_tuning/dbms.sqltune.cancel_tuning_task.sql,.sql,1134,ba01dcd0e2f53bbaf2baa2ab06429abd1252914cf36d138474640308ef18c5cb,script,performance/sql_tuning,Oracle SQL performance and tuning helper: dbms sqltune cancel tuning task.,CHANGES,True,"['TTASK', 'variables']",False,scripts/performance/sql_tuning/dbms.sqltune.cancel_tuning_task.sql
oracle/admin:scripts/performance/sql_tuning/dbms.sqltune.execute_tuning_task.sql,oracle/admin,scripts/performance/sql_tuning/dbms.sqltune.execute_tuning_task.sql,.sql,1138,dd96598165f7fa88c71ed45a07eb5b1166d06010a6a2e5d8c9f040e4479b34c0,script,performance/sql_tuning,Oracle SQL performance and tuning helper: dbms sqltune execute tuning task.,CHANGES,True,"['TTASK', 'variables']",False,scripts/performance/sql_tuning/dbms.sqltune.execute_tuning_task.sql
oracle/admin:scripts/performance/sql_tuning/dbms.sqltune.interrupt_tuning_task.sql,oracle/admin,scripts/performance/sql_tuning/dbms.sqltune.interrupt_tuning_task.sql,.sql,1146,8cb9973ac9bfc70295755240ff2ee27c167998c18688f7ebdbe6e7da77f812bc,script,performance/sql_tuning,Oracle SQL performance and tuning helper: dbms sqltune interrupt tuning task.,CHANGES,True,"['TTASK', 'variables']",False,scripts/performance/sql_tuning/dbms.sqltune.interrupt_tuning_task.sql
oracle/admin:scripts/performance/sql_tuning/dbms.sqltune.reset_tuning_task.sql,oracle/admin,scripts/performance/sql_tuning/dbms.sqltune.reset_tuning_task.sql,.sql,1130,fabdd8565da6fe29946999775e1615a37b56fc0b5dd11a4f48f797645d2b2deb,script,performance/sql_tuning,Oracle SQL performance and tuning helper: dbms sqltune reset tuning task.,CHANGES,True,"['TTASK', 'variables']",False,scripts/performance/sql_tuning/dbms.sqltune.reset_tuning_task.sql
oracle/admin:scripts/performance/sql_tuning/dbms.sqltune.resume_tuning_task.sql,oracle/admin,scripts/performance/sql_tuning/dbms.sqltune.resume_tuning_task.sql,.sql,1134,fcda822c2c8fa51abce5c4dd1caaaaeb40b6c66b2a98b7b579c450f6d87bf43e,script,performance/sql_tuning,Oracle SQL performance and tuning helper: dbms sqltune resume tuning task.,CHANGES,True,"['TTASK', 'variables']",False,scripts/performance/sql_tuning/dbms.sqltune.resume_tuning_task.sql
oracle/admin:scripts/performance/sql_tuning/dbms_sqltune.create_sqlset.sql,oracle/admin,scripts/performance/sql_tuning/dbms_sqltune.create_sqlset.sql,.sql,2872,961c2233f6f2487571f75941a5ad60b7c930b29933067ada957f4a85e7237c62,script,performance/sql_tuning,Oracle SQL performance and tuning helper: dbms sqltune create sqlset.,CHANGES,True,"['SqlSNAME', 'Username', 'bsnap', 'days', 'descr', 'endsnap', 'petime', 'pschema', 'psql', 'psqlid', 'variables']",False,scripts/performance/sql_tuning/dbms_sqltune.create_sqlset.sql
oracle/admin:scripts/performance/sql_tuning/dbms_sqltune.create_tuning_task.sql,oracle/admin,scripts/performance/sql_tuning/dbms_sqltune.create_tuning_task.sql,.sql,3746,d3af194e7fbcf80ee5b3648c99cafc0a638adf1222cdc96018b4a445f354bac5,script,performance/sql_tuning,oracle/admin performance/sql_tuning helper: dbms sqltune create tuning task.,READ_ONLY,True,"['DROPJOB', 'EJECJOB', 'TSQLID', 'TTASKDESC', 'TTASKNAME', 'TTIME', 'USERNAME', 'bnd']",False,scripts/performance/sql_tuning/dbms_sqltune.create_tuning_task.sql
oracle/admin:scripts/performance/sql_tuning/dbms_sqltune.drop_sqlset.sql,oracle/admin,scripts/performance/sql_tuning/dbms_sqltune.drop_sqlset.sql,.sql,1182,298308c1543fa6098af5084dd7b54695632f4552ebbcf2e95ec7d04c2068da43,script,performance/sql_tuning,Oracle SQL performance and tuning helper: dbms sqltune drop sqlset.,DESTRUCTIVE,True,"['SQLSNAME', 'USERN', 'variables']",False,scripts/performance/sql_tuning/dbms_sqltune.drop_sqlset.sql
oracle/admin:scripts/performance/sql_tuning/dbms_sqltune.import_sql_profile.sql,oracle/admin,scripts/performance/sql_tuning/dbms_sqltune.import_sql_profile.sql,.sql,12634,a2a9ba7e5569fb48201e02b41a2baa26cee632d108b025e03d82069ce60e6ff9,script,performance/sql_tuning,Oracle SQL performance and tuning helper: dbms sqltune import sql profile.,READ_ONLY,True,"['arg1', 'arg10', 'arg11', 'arg12', 'arg13', 'arg14', 'arg15', 'arg16', 'arg17', 'arg18', 'arg19', 'arg2', 'arg20', 'arg21', 'arg22', 'arg23', 'arg24', 'arg25', 'arg26', 'arg27', 'arg28', 'arg29', 'arg3', 'arg30', 'arg31', 'arg32', 'arg4', 'arg5', 'arg6', 'arg7', 'arg741', 'arg8', 'arg9', 'variables']",False,scripts/performance/sql_tuning/dbms_sqltune.import_sql_profile.sql
oracle/admin:scripts/performance/sql_tuning/dbms_sqltune_example.sql,oracle/admin,scripts/performance/sql_tuning/dbms_sqltune_example.sql,.sql,6187,bead10fc43ff75c445d93c2121d7b4d51dcf14304905b4bd0f9f9f47dd2778b3,script,performance/sql_tuning,oracle/admin performance/sql_tuning helper: dbms sqltune example.,DESTRUCTIVE,True,['empno'],False,scripts/performance/sql_tuning/dbms_sqltune_example.sql
oracle/admin:scripts/performance/sql_tuning/dbms_sqltune_report_x.sql,oracle/admin,scripts/performance/sql_tuning/dbms_sqltune_report_x.sql,.sql,1196,37454597b470a804c603760e0266457ad44b78587dd013268cd20a4c10ddfba0,script,performance/sql_tuning,Oracle SQL performance and tuning helper: dbms sqltune report x.,READ_ONLY,True,"['TTASK', 'variables']",False,scripts/performance/sql_tuning/dbms_sqltune_report_x.sql
oracle/admin:scripts/performance/sql_tuning/dbms_stats.report_col_usage.sql,oracle/admin,scripts/performance/sql_tuning/dbms_stats.report_col_usage.sql,.sql,1062,9b7c77de15a9914f98e67c2a32ebbe1af0b2db87857d4486ecb0a792a4197662,script,performance/sql_tuning,Oracle SQL performance and tuning helper: dbms stats report col usage.,READ_ONLY,True,"['OWNER', 'TABLE', 'variables']",False,scripts/performance/sql_tuning/dbms_stats.report_col_usage.sql
oracle/admin:scripts/performance/sql_tuning/dbms_stats.sql,oracle/admin,scripts/performance/sql_tuning/dbms_stats.sql,.sql,1560,434e3bb7fc434815dd6c95ea86e4488388a5e6cf7ff2a5d1494d8eff5e395895,script,performance/sql_tuning,Oracle SQL performance and tuning helper: dbms stats.,REVIEW,True,['variables'],False,scripts/performance/sql_tuning/dbms_stats.sql
oracle/admin:scripts/performance/sql_tuning/dbms_stats_gather_table_stats_param.sql,oracle/admin,scripts/performance/sql_tuning/dbms_stats_gather_table_stats_param.sql,.sql,5943,499891775bbdc2c70ab22041af968c9680382d6c88eb9dced2014bcb2c5917c1,script,performance/sql_tuning,Oracle SQL performance and tuning helper: dbms stats gather table stats param.,CHANGES,True,['variables'],False,scripts/performance/sql_tuning/dbms_stats_gather_table_stats_param.sql
oracle/admin:scripts/performance/sql_tuning/dbms_stats_table.sql,oracle/admin,scripts/performance/sql_tuning/dbms_stats_table.sql,.sql,1143,7007997a12ddbd67f000a24a67f4642c326df5d5e43405258acf67d291ae02ab,script,performance/sql_tuning,Oracle SQL performance and tuning helper: dbms stats table.,CHANGES,True,"['cascade', 'estimate_percent', 'owner', 'table_name', 'variables']",False,scripts/performance/sql_tuning/dbms_stats_table.sql
oracle/admin:scripts/performance/sql_tuning/dbms_stats_toma_estadisticas.sql,oracle/admin,scripts/performance/sql_tuning/dbms_stats_toma_estadisticas.sql,.sql,1290,cc9d139ae56946823e4b12f306c7afd137d9ddca24a25a9f621ba97ed60ce33a,script,performance/sql_tuning,Oracle SQL performance and tuning helper: dbms stats toma estadisticas.,CHANGES,True,['variables'],False,scripts/performance/sql_tuning/dbms_stats_toma_estadisticas.sql
oracle/admin:scripts/performance/sql_tuning/dbms_stats_toma_estadisticas_schedule_10g.sql,oracle/admin,scripts/performance/sql_tuning/dbms_stats_toma_estadisticas_schedule_10g.sql,.sql,6541,2b379f985d03c1def7ed8025fbea0810e8f3b55a7ef54935ec6a52ec101ee117,script,performance/sql_tuning,Oracle SQL performance and tuning helper: dbms stats toma estadisticas schedule 10g.,CHANGES,True,['variables'],False,scripts/performance/sql_tuning/dbms_stats_toma_estadisticas_schedule_10g.sql
oracle/admin:scripts/performance/sql_tuning/dbs_stats_delete.sql,oracle/admin,scripts/performance/sql_tuning/dbs_stats_delete.sql,.sql,1287,c989982f414df00e07813a4000409b7f951302abbddcf93ce946711e6477aac8,script,performance/sql_tuning,Oracle SQL performance and tuning helper: dbs stats delete.,DESTRUCTIVE,True,"['job_id', 'variables']",False,scripts/performance/sql_tuning/dbs_stats_delete.sql
oracle/admin:scripts/performance/sql_tuning/dc_clone_sql_profile.sql,oracle/admin,scripts/performance/sql_tuning/dc_clone_sql_profile.sql,.sql,3038,296434c6792d3911f05fa6cb2e93ea3ca59c9cca00ea3d8d6e4d94a74dd0d081,script,performance/sql_tuning,Oracle SQL performance and tuning helper: dc clone sql profile.,CHANGES,True,"['CURSOR_SHARING', 'variables']",False,scripts/performance/sql_tuning/dc_clone_sql_profile.sql
oracle/admin:scripts/performance/sql_tuning/delete_table_stats.sql,oracle/admin,scripts/performance/sql_tuning/delete_table_stats.sql,.sql,1003,8fd92fadff7b11ddb6032a99624dfc38fdf4b6cb6db141cbed3e87515ce7ed16,script,performance/sql_tuning,Oracle SQL performance and tuning helper: delete table stats.,DESTRUCTIVE,True,['variables'],False,scripts/performance/sql_tuning/delete_table_stats.sql
oracle/admin:scripts/performance/sql_tuning/exadata_system_stats_gather.sql,oracle/admin,scripts/performance/sql_tuning/exadata_system_stats_gather.sql,.sql,1118,34097cc8c279d5f74e97360d806c27f3e5a502e4879d42141a097c0fc52faa4d,script,performance/sql_tuning,Oracle SQL performance and tuning helper: exadata system stats gather.,CHANGES,True,['variables'],False,scripts/performance/sql_tuning/exadata_system_stats_gather.sql
oracle/admin:scripts/performance/sql_tuning/explain_plan.sql,oracle/admin,scripts/performance/sql_tuning/explain_plan.sql,.sql,1330,686ea990c951b4b6ea9b0aba4e24ddc7d368c92cbff627deb9ffe352529ab2ef,script,performance/sql_tuning,Oracle SQL performance and tuning helper: explain plan (1).,READ_ONLY,True,"['SQL', 'variables']",False,scripts/performance/sql_tuning/explain_plan.sql
oracle/admin:scripts/performance/sql_tuning/gather_table_stats.sql,oracle/admin,scripts/performance/sql_tuning/gather_table_stats.sql,.sql,1004,e9d9cfe71d65b5410e4f45e4305f5928c226c1e48351cc0c83d50edab0e1a26d,script,performance/sql_tuning,Oracle SQL performance and tuning helper: gather table stats.,CHANGES,True,['variables'],False,scripts/performance/sql_tuning/gather_table_stats.sql
oracle/admin:scripts/performance/sql_tuning/get_ddl_profile.sql,oracle/admin,scripts/performance/sql_tuning/get_ddl_profile.sql,.sql,1250,6e599c0435ffffe69e84d3dbfac2ae733a639a02f2c2cee48940618fd166abbd,script,performance/sql_tuning,Oracle SQL performance and tuning helper: get ddl profile.,CHANGES,True,"['PROFILE', 'variables']",False,scripts/performance/sql_tuning/get_ddl_profile.sql
oracle/admin:scripts/performance/sql_tuning/get_execplan.sql,oracle/admin,scripts/performance/sql_tuning/get_execplan.sql,.sql,1127,fbb00fcf082bdc5d5d5c44442a96ea408540c12dab118e2f8511b0caaa595933,script,performance/sql_tuning,Oracle SQL performance and tuning helper: get execplan.,READ_ONLY,True,"['CUST_CREDIT_LIMIT', 'variables']",False,scripts/performance/sql_tuning/get_execplan.sql
oracle/admin:scripts/performance/sql_tuning/index_monitoring_usage.sql,oracle/admin,scripts/performance/sql_tuning/index_monitoring_usage.sql,.sql,1087,af4501aaf007830d426031d700d584305b506e2ef17cd734a51b49a8722ebaa7,script,performance/sql_tuning,oracle/admin performance/sql_tuning helper: index monitoring usage.,CHANGES,True,[],False,scripts/performance/sql_tuning/index_monitoring_usage.sql
oracle/admin:scripts/performance/sql_tuning/io_stats_db.sql,oracle/admin,scripts/performance/sql_tuning/io_stats_db.sql,.sql,2004,e3ba6616c156449d73dba47ee4092761beaec95eb5ee7ed7ae9791d5e9289122,script,performance/sql_tuning,oracle/admin performance/sql_tuning helper: io stats db.,READ_ONLY,True,[],False,scripts/performance/sql_tuning/io_stats_db.sql
oracle/admin:scripts/performance/sql_tuning/logmnr_stats.sql,oracle/admin,scripts/performance/sql_tuning/logmnr_stats.sql,.sql,985,032e11b337ddc907bdc81eda9bf6ca56d10d47fc9d767c7ab64278ad5142dc5b,script,performance/sql_tuning,Oracle SQL performance and tuning helper: logmnr stats.,READ_ONLY,True,['variables'],False,scripts/performance/sql_tuning/logmnr_stats.sql
oracle/admin:scripts/performance/sql_tuning/monitoreo_uso_temporal.sql,oracle/admin,scripts/performance/sql_tuning/monitoreo_uso_temporal.sql,.sql,1139,ab1ca0c9b9fee1cae959eefbdc148ccf021d76e7ad33aa84c2524b047c688d04,script,performance/sql_tuning,Oracle SQL performance and tuning helper: monitoreo uso temporal.,READ_ONLY,True,['variables'],False,scripts/performance/sql_tuning/monitoreo_uso_temporal.sql
oracle/admin:scripts/performance/sql_tuning/monitoring_indexes.sql,oracle/admin,scripts/performance/sql_tuning/monitoring_indexes.sql,.sql,1649,a0bff56105ae90f8dfa1eb23c63aef91a8f282ff455d9f2a4a7dbfb23c9bbe6f,script,performance/sql_tuning,Oracle SQL performance and tuning helper: monitoring indexes.,READ_ONLY,True,['variables'],False,scripts/performance/sql_tuning/monitoring_indexes.sql
oracle/admin:scripts/performance/sql_tuning/monitoring_indexes_gowner_aeliminar.sql,oracle/admin,scripts/performance/sql_tuning/monitoring_indexes_gowner_aeliminar.sql,.sql,1939,6d0a3822169921b9d3fa3a790ef30db993d37fc947ae1fca0360d54b86efad45,script,performance/sql_tuning,Oracle SQL performance and tuning helper: monitoring indexes gowner aeliminar.,READ_ONLY,True,['variables'],False,scripts/performance/sql_tuning/monitoring_indexes_gowner_aeliminar.sql
oracle/admin:scripts/performance/sql_tuning/monitoring_indexes_owner.sql,oracle/admin,scripts/performance/sql_tuning/monitoring_indexes_owner.sql,.sql,1708,7d38b6ec7a34281d69014a2d8e285189eb11365e6da2bc939a4345ed35eef717,script,performance/sql_tuning,Oracle SQL performance and tuning helper: monitoring indexes owner.,READ_ONLY,True,"['OWNER', 'variables']",False,scripts/performance/sql_tuning/monitoring_indexes_owner.sql
oracle/admin:scripts/performance/sql_tuning/monitoring_indexes_owner_aeliminar.sql,oracle/admin,scripts/performance/sql_tuning/monitoring_indexes_owner_aeliminar.sql,.sql,2099,59da97d951348221a3a6b78db9d48bf6d53c10ca87a086eb1e730a2b6a7048f9,script,performance/sql_tuning,Oracle SQL performance and tuning helper: monitoring indexes owner aeliminar.,READ_ONLY,True,"['OWNER', 'variables']",False,scripts/performance/sql_tuning/monitoring_indexes_owner_aeliminar.sql
oracle/admin:scripts/performance/sql_tuning/monitoring_indexes_x.sql,oracle/admin,scripts/performance/sql_tuning/monitoring_indexes_x.sql,.sql,1819,8a684d5e816a0ca5fc5f431eb7ccdda57d08ac022418c4f6bf027745fe3b7ee2,script,performance/sql_tuning,Oracle SQL performance and tuning helper: monitoring indexes x.,READ_ONLY,True,"['INDEX_NAME', 'OWNER', 'variables']",False,scripts/performance/sql_tuning/monitoring_indexes_x.sql
oracle/admin:scripts/performance/sql_tuning/nomonitoring_indexes_owner.sql,oracle/admin,scripts/performance/sql_tuning/nomonitoring_indexes_owner.sql,.sql,1766,3d48c59166241ade4919344a1e5dafa91ba3dd615a009780da0388531fca2d65,script,performance/sql_tuning,Oracle SQL performance and tuning helper: nomonitoring indexes owner.,READ_ONLY,True,"['OWNER', 'variables']",False,scripts/performance/sql_tuning/nomonitoring_indexes_owner.sql
oracle/admin:scripts/performance/sql_tuning/plan_change.sql,oracle/admin,scripts/performance/sql_tuning/plan_change.sql,.sql,7761,fb13155d729b2d1743a6c04dd7a0b445d53279b5fb8a92241e8c87e7cea5f8af,script,performance/sql_tuning,oracle/admin performance/sql_tuning helper: plan change.,READ_ONLY,True,"['DiffPerc', 'DiffSec', 'minutes']",False,scripts/performance/sql_tuning/plan_change.sql
oracle/admin:scripts/performance/sql_tuning/plan_table_awr_sqlid.sql,oracle/admin,scripts/performance/sql_tuning/plan_table_awr_sqlid.sql,.sql,1346,0df6d2633906e0f4e0d83debcd986a7e2d979ed1a7788c5b16b9b1d5c5266127,script,performance/sql_tuning,Oracle SQL performance and tuning helper: plan table awr sqlid.,READ_ONLY,True,['variables'],False,scripts/performance/sql_tuning/plan_table_awr_sqlid.sql
oracle/admin:scripts/performance/sql_tuning/plan_table_awr_sqlid_hash.sql,oracle/admin,scripts/performance/sql_tuning/plan_table_awr_sqlid_hash.sql,.sql,1235,57b6b91575e5cf3a57944f1990b8f9eb21b6194d7eee92503744a049abde7fdd,script,performance/sql_tuning,Oracle SQL performance and tuning helper: plan table awr sqlid hash.,READ_ONLY,True,"['PLAN_HASH', 'SQLID', 'variables']",False,scripts/performance/sql_tuning/plan_table_awr_sqlid_hash.sql
oracle/admin:scripts/performance/sql_tuning/plan_table_object.sql,oracle/admin,scripts/performance/sql_tuning/plan_table_object.sql,.sql,1239,67f3e98cc91d2fafae4af3daa067a96a69c6370279eca62030df730bb0bca6ee,script,performance/sql_tuning,Oracle SQL performance and tuning helper: plan table object.,READ_ONLY,True,"['OBJECT', 'variables']",False,scripts/performance/sql_tuning/plan_table_object.sql
oracle/admin:scripts/performance/sql_tuning/plan_table_sqlid.sql,oracle/admin,scripts/performance/sql_tuning/plan_table_sqlid.sql,.sql,2265,26df5d05a5ac0f07e0a21e98010d6bb89efd2b4469da162f3f33037abf474459,script,performance/sql_tuning,Oracle SQL performance and tuning helper: plan table sqlid.,READ_ONLY,True,['variables'],False,scripts/performance/sql_tuning/plan_table_sqlid.sql
oracle/admin:scripts/performance/sql_tuning/plan_x_sqlid.sql,oracle/admin,scripts/performance/sql_tuning/plan_x_sqlid.sql,.sql,9087,b77400c72f6ffe8cf84f65f0f2083f2acc5848c19d4e4da53dc3b5031d34c430,script,performance/sql_tuning,oracle/admin performance/sql_tuning helper: plan x sqlid.,READ_ONLY,True,['MI'],False,scripts/performance/sql_tuning/plan_x_sqlid.sql
oracle/admin:scripts/performance/sql_tuning/profiles_dif_nodefault.sql,oracle/admin,scripts/performance/sql_tuning/profiles_dif_nodefault.sql,.sql,1045,1fcc5507bdafbea1060f025124fb0454d04439840c5d0d3b7f9e25eb4ef62e85,script,performance/sql_tuning,oracle/admin performance/sql_tuning helper: profiles dif nodefault.,READ_ONLY,True,['PROFILE'],False,scripts/performance/sql_tuning/profiles_dif_nodefault.sql
oracle/admin:scripts/performance/sql_tuning/publish_pending_stats.sql,oracle/admin,scripts/performance/sql_tuning/publish_pending_stats.sql,.sql,980,0ea9fc965643840465c58d1c7c3dda9f8f68b1c8e5321d86d0a3eb39018f97a6,script,performance/sql_tuning,Oracle SQL performance and tuning helper: publish pending stats.,CHANGES,True,['variables'],False,scripts/performance/sql_tuning/publish_pending_stats.sql
oracle/admin:scripts/performance/sql_tuning/report_sql_monitor_active.sql,oracle/admin,scripts/performance/sql_tuning/report_sql_monitor_active.sql,.sql,1141,35d1e33be228a2352a1905560ca618815824da49eaa969f499db21c7b24dbe73,script,performance/sql_tuning,Oracle SQL performance and tuning helper: report sql monitor active.,READ_ONLY,True,"['spool', 'variables']",False,scripts/performance/sql_tuning/report_sql_monitor_active.sql
oracle/admin:scripts/performance/sql_tuning/report_sql_monitor_ash_top.sql,oracle/admin,scripts/performance/sql_tuning/report_sql_monitor_ash_top.sql,.sql,6662,8efb90747912dc73749bc696b926c55fe4fe029c4ac4f5f48125e86d6520a6e2,script,performance/sql_tuning,Oracle SQL performance and tuning helper: report sql monitor ash top.,READ_ONLY,True,"['MI', 'SS', 'variables']",False,scripts/performance/sql_tuning/report_sql_monitor_ash_top.sql
oracle/admin:scripts/performance/sql_tuning/report_sql_monitor_sqlid.sql,oracle/admin,scripts/performance/sql_tuning/report_sql_monitor_sqlid.sql,.sql,1385,8bd09f56aa05dff39ddf729756f81b22583e4eebd43dae7e92ab375d2cd4e792,script,performance/sql_tuning,Oracle SQL performance and tuning helper: report sql monitor sqlid.,READ_ONLY,True,['variables'],False,scripts/performance/sql_tuning/report_sql_monitor_sqlid.sql
oracle/admin:scripts/performance/sql_tuning/reset_table_stats.sql,oracle/admin,scripts/performance/sql_tuning/reset_table_stats.sql,.sql,1092,512aafd840947a249314da44232f09151be3ac67a14bc9a8ae983a4d4b10235a,script,performance/sql_tuning,Oracle SQL performance and tuning helper: reset table stats.,DESTRUCTIVE,True,"['mi', 'ss', 'variables']",False,scripts/performance/sql_tuning/reset_table_stats.sql
oracle/admin:scripts/performance/sql_tuning/rsrc_plan.sql,oracle/admin,scripts/performance/sql_tuning/rsrc_plan.sql,.sql,1098,2b741bf45c750d2e47921516675c908efbf866e1daaa1f2fbdb403011c73ddcd,script,performance/sql_tuning,Oracle SQL performance and tuning helper: rsrc plan.,READ_ONLY,True,['variables'],False,scripts/performance/sql_tuning/rsrc_plan.sql
oracle/admin:scripts/performance/sql_tuning/scheduler_stats.sql,oracle/admin,scripts/performance/sql_tuning/scheduler_stats.sql,.sql,1236,82c36b8b13ed59e1aba5ae2b4d3226654ffaa727afb34081f76a09f66e592691,script,performance/sql_tuning,Oracle SQL performance and tuning helper: scheduler stats.,READ_ONLY,True,"['MI', 'variables']",False,scripts/performance/sql_tuning/scheduler_stats.sql
oracle/admin:scripts/performance/sql_tuning/set_optimizer_pending_stats_true.sql,oracle/admin,scripts/performance/sql_tuning/set_optimizer_pending_stats_true.sql,.sql,1022,870a4404e7f2fc6ab15f59edb4b2ac791d968c1665db19d7d3f67edc38333bf7,script,performance/sql_tuning,Oracle SQL performance and tuning helper: set optimizer pending stats true.,CHANGES,True,['variables'],False,scripts/performance/sql_tuning/set_optimizer_pending_stats_true.sql
oracle/admin:scripts/performance/sql_tuning/set_pending_stats_off.sql,oracle/admin,scripts/performance/sql_tuning/set_pending_stats_off.sql,.sql,1060,e2ab6bfc17d6c7e318d1f52014ed0c5eaecad05fbc9050c727fe487e0b2b6a23,script,performance/sql_tuning,Oracle SQL performance and tuning helper: set pending stats off.,CHANGES,True,['variables'],False,scripts/performance/sql_tuning/set_pending_stats_off.sql
oracle/admin:scripts/performance/sql_tuning/show_pending_stats.sql,oracle/admin,scripts/performance/sql_tuning/show_pending_stats.sql,.sql,1571,244c72b73e77d963f5853b8aec0d705d4a87bd8b342709dd910efbe01baf8632,script,performance/sql_tuning,Oracle SQL performance and tuning helper: show pending stats.,CHANGES,True,['variables'],False,scripts/performance/sql_tuning/show_pending_stats.sql
oracle/admin:scripts/performance/sql_tuning/show_public_stats.sql,oracle/admin,scripts/performance/sql_tuning/show_public_stats.sql,.sql,1454,573ea123052b0b20a15f6409913ecb2530c7a4a99b2b8c162942e16984755049,script,performance/sql_tuning,Oracle SQL performance and tuning helper: show public stats.,READ_ONLY,True,['variables'],False,scripts/performance/sql_tuning/show_public_stats.sql
oracle/admin:scripts/performance/sql_tuning/spb.set_my_plan.sql,oracle/admin,scripts/performance/sql_tuning/spb.set_my_plan.sql,.sql,3295,aa9b02d324adf8d069d5a12aee94420cd983bf61ef374c5d9f916fa044f57d3e,script,performance/sql_tuning,Oracle SQL performance and tuning helper: spb set my plan.,DESTRUCTIVE,True,"['ENABLED', 'variables']",False,scripts/performance/sql_tuning/spb.set_my_plan.sql
oracle/admin:scripts/performance/sql_tuning/spb.set_my_plan_notstored.sql,oracle/admin,scripts/performance/sql_tuning/spb.set_my_plan_notstored.sql,.sql,3415,ca85194ff5dbc182beff0e36406b9fdeac402321415b4e637291b7ccd4f80910,script,performance/sql_tuning,Oracle SQL performance and tuning helper: spb set my plan notstored.,DESTRUCTIVE,True,"['ENABLED', 'for_sqlid', 'new_phv', 'new_plan_sqlid', 'variables']",False,scripts/performance/sql_tuning/spb.set_my_plan_notstored.sql
oracle/admin:scripts/performance/sql_tuning/spb_example_plan_stability.sql,oracle/admin,scripts/performance/sql_tuning/spb_example_plan_stability.sql,.sql,15398,af4bebb34e37373c6c0925d2305673c6c96bf5264c6bbd3de22c94ad55dc7872,script,performance/sql_tuning,Oracle SQL performance and tuning helper: spb example plan stability.,DESTRUCTIVE,True,"['CASCADE', 'ENABLED', 'FORMAT', 'variables']",False,scripts/performance/sql_tuning/spb_example_plan_stability.sql
oracle/admin:scripts/performance/sql_tuning/sql_monitor.sql,oracle/admin,scripts/performance/sql_tuning/sql_monitor.sql,.sql,1275,67ccf967c5c5a19f4a4ddb9de02130a7049ab35c2f0430253812fde2515c4097,script,performance/sql_tuning,Oracle SQL performance and tuning helper: sql monitor.,READ_ONLY,True,['variables'],False,scripts/performance/sql_tuning/sql_monitor.sql
oracle/admin:scripts/performance/sql_tuning/sql_plan.sql,oracle/admin,scripts/performance/sql_tuning/sql_plan.sql,.sql,1460,3a5edc80bbd5b25561af776e0e43919ad80156a9eafdc2ce66e51524537c4ee4,script,performance/sql_tuning,Oracle SQL performance and tuning helper: sql plan.,READ_ONLY,True,['variables'],False,scripts/performance/sql_tuning/sql_plan.sql
oracle/admin:scripts/performance/sql_tuning/sql_plan_statistics_all.sql,oracle/admin,scripts/performance/sql_tuning/sql_plan_statistics_all.sql,.sql,3881,4ee3a350fc22983f0a806cd818ea87481c111a3730495f65f8946ed710ac920d,script,performance/sql_tuning,Oracle SQL performance and tuning helper: sql plan statistics all.,DESTRUCTIVE,True,['variables'],False,scripts/performance/sql_tuning/sql_plan_statistics_all.sql
oracle/admin:scripts/performance/sql_tuning/sql_profile_hints.sql,oracle/admin,scripts/performance/sql_tuning/sql_profile_hints.sql,.sql,1527,32e5566a5446219fe192463112ec51813380bc9e1792cb21427cdcfdb8e21986,script,performance/sql_tuning,Oracle SQL performance and tuning helper: sql profile hints.,READ_ONLY,True,"['sqlprofilename', 'variables']",False,scripts/performance/sql_tuning/sql_profile_hints.sql
oracle/admin:scripts/performance/sql_tuning/sqlplan_list.sql,oracle/admin,scripts/performance/sql_tuning/sqlplan_list.sql,.sql,2873,29b98ba189b1f56e52305d29f08e79727dcec6c1b180bac706b8bbc16c1b8be4,script,performance/sql_tuning,Oracle SQL performance and tuning helper: sqlplan list.,READ_ONLY,True,['variables'],False,scripts/performance/sql_tuning/sqlplan_list.sql
oracle/admin:scripts/performance/sql_tuning/sqlstats_unshared.sql,oracle/admin,scripts/performance/sql_tuning/sqlstats_unshared.sql,.sql,1126,624e8028d7bc185d0919d31cc3383af3f22ae38a233b61631f98570d76455672,script,performance/sql_tuning,Oracle SQL performance and tuning helper: sqlstats unshared.,READ_ONLY,True,['variables'],False,scripts/performance/sql_tuning/sqlstats_unshared.sql
oracle/admin:scripts/performance/sql_tuning/stats_autotask_check.sql,oracle/admin,scripts/performance/sql_tuning/stats_autotask_check.sql,.sql,8533,9b9bcc448cd19c56b8d81f38f3b86e7e5b5342c5c09a0226921801f29d4cc17c,script,performance/sql_tuning,Oracle SQL performance and tuning helper: stats autotask check.,DESTRUCTIVE,True,"['WINDOW_GROUP_NAME', 'mi', 'variables']",False,scripts/performance/sql_tuning/stats_autotask_check.sql
oracle/admin:scripts/performance/sql_tuning/stats_dbas_package.sql,oracle/admin,scripts/performance/sql_tuning/stats_dbas_package.sql,.sql,3543,c3de4bcca39e9f3d005f341b2906191a678f0cd09c7edbc9addce4e35be51a60,script,performance/sql_tuning,Oracle SQL performance and tuning helper: stats dbas package.,CHANGES,True,['variables'],False,scripts/performance/sql_tuning/stats_dbas_package.sql
oracle/admin:scripts/performance/sql_tuning/stats_io.sql,oracle/admin,scripts/performance/sql_tuning/stats_io.sql,.sql,3383,ef703332c2dbb003fe9381189f454662c3ef70c0aca47c2f7edd604e68df6b19,script,performance/sql_tuning,Oracle SQL performance and tuning helper: stats io.,READ_ONLY,True,['variables'],False,scripts/performance/sql_tuning/stats_io.sql
oracle/admin:scripts/performance/sql_tuning/stats_io_csv.sql,oracle/admin,scripts/performance/sql_tuning/stats_io_csv.sql,.sql,3815,10eaf0cc2e522cb0da984254ac4570df1b7bb86d297c0a29be62900eac49b586,script,performance/sql_tuning,Oracle SQL performance and tuning helper: stats io csv.,DESTRUCTIVE,True,"['_connect_identifier', '_date', '_user', 'variables']",False,scripts/performance/sql_tuning/stats_io_csv.sql
oracle/admin:scripts/performance/sql_tuning/stats_io_fs_mes.sql,oracle/admin,scripts/performance/sql_tuning/stats_io_fs_mes.sql,.sql,2185,bf5da42e7f60aa5393eef17f7f12c485d69e342155add245668139a2799ed500,script,performance/sql_tuning,Oracle SQL performance and tuning helper: stats io fs mes.,CHANGES,True,"['mi', 'ss', 'variables']",False,scripts/performance/sql_tuning/stats_io_fs_mes.sql
oracle/admin:scripts/performance/sql_tuning/stats_io_fs_sem.sql,oracle/admin,scripts/performance/sql_tuning/stats_io_fs_sem.sql,.sql,2256,9d97d6205122946225544e26716f9e4b631a830d296bdb9741ee81f893f086dc,script,performance/sql_tuning,Oracle SQL performance and tuning helper: stats io fs sem.,CHANGES,True,"['mi', 'ss', 'variables']",False,scripts/performance/sql_tuning/stats_io_fs_sem.sql
oracle/admin:scripts/performance/sql_tuning/stats_obj_hist.sql,oracle/admin,scripts/performance/sql_tuning/stats_obj_hist.sql,.sql,1409,aa98f63304440200d78791e97f2c1d8478575080ea78a91c30fe189c3d8998f8,script,performance/sql_tuning,Oracle SQL performance and tuning helper: stats obj hist.,READ_ONLY,True,"['partition_name', 'schema_name', 'table_name', 'variables']",False,scripts/performance/sql_tuning/stats_obj_hist.sql
oracle/admin:scripts/performance/sql_tuning/stats_rpt.sql,oracle/admin,scripts/performance/sql_tuning/stats_rpt.sql,.sql,3570,d0959fd0b9056999441e02e7039d343af58d897b3c230f6cfdc693184fa4c2f8,script,performance/sql_tuning,Oracle SQL performance and tuning helper: stats rpt.,CHANGES,True,"['MI', 'SS', 'variables']",False,scripts/performance/sql_tuning/stats_rpt.sql
oracle/admin:scripts/performance/sql_tuning/stats_rpt_schema.sql,oracle/admin,scripts/performance/sql_tuning/stats_rpt_schema.sql,.sql,1285,e2d579ac5b458024f10c270103fe91ab4ed9146634234d13666b5f1362983ba3,script,performance/sql_tuning,Oracle SQL performance and tuning helper: stats rpt schema.,READ_ONLY,True,"['schema_name', 'variables']",False,scripts/performance/sql_tuning/stats_rpt_schema.sql
oracle/admin:scripts/performance/sql_tuning/stats_schema_exec.sql,oracle/admin,scripts/performance/sql_tuning/stats_schema_exec.sql,.sql,1384,53b3671831f99bcb669aaf7e1b40e44a4719627da6c4ca0f11373086c42fa188,script,performance/sql_tuning,Oracle SQL performance and tuning helper: stats schema exec.,CHANGES,True,"['OWNER', 'variables']",False,scripts/performance/sql_tuning/stats_schema_exec.sql
oracle/admin:scripts/performance/sql_tuning/stats_schema_stale.sql,oracle/admin,scripts/performance/sql_tuning/stats_schema_stale.sql,.sql,2319,911b751cf7b800c898f9b178856c5e8fbee0937a2ffba0638dbef64614a6bb6e,script,performance/sql_tuning,Oracle SQL performance and tuning helper: stats schema stale.,REVIEW,True,"['owner', 'variables']",False,scripts/performance/sql_tuning/stats_schema_stale.sql
oracle/admin:scripts/performance/sql_tuning/stats_schema_stale_exec.sql,oracle/admin,scripts/performance/sql_tuning/stats_schema_stale_exec.sql,.sql,2588,38cad82f510de09f20746eabdbe6b8b3158df355591d1d55e75d09b99a80577d,script,performance/sql_tuning,Oracle SQL performance and tuning helper: stats schema stale exec.,CHANGES,True,"['OWNER', 'variables']",False,scripts/performance/sql_tuning/stats_schema_stale_exec.sql
oracle/admin:scripts/performance/sql_tuning/stats_table_exec.sql,oracle/admin,scripts/performance/sql_tuning/stats_table_exec.sql,.sql,1711,fd46ea5c07665175707bf4b716fcf80cb2b430d2a41e902c346aee348abe76c0,script,performance/sql_tuning,Oracle SQL performance and tuning helper: stats table exec.,CHANGES,True,"['OWNER', 'POR', 'TABLE', 'variables']",False,scripts/performance/sql_tuning/stats_table_exec.sql
oracle/admin:scripts/performance/sql_tuning/tabla_stats.sql,oracle/admin,scripts/performance/sql_tuning/tabla_stats.sql,.sql,5142,7b57bc0bc3234248b0bd037d30eb1c57ec0947dda4cd31df8f7e8f900e4e28ee,script,performance/sql_tuning,Oracle SQL performance and tuning helper: tabla stats.,CHANGES,True,"['ESTIMATE_PERCENT', 'METHOD_OPT', 'MI', 'OWNNAME', 'SS', 'TABNAME', 'variables']",False,scripts/performance/sql_tuning/tabla_stats.sql
oracle/admin:scripts/performance/sql_tuning/tune_set_awr.sql,oracle/admin,scripts/performance/sql_tuning/tune_set_awr.sql,.sql,1511,7cc08c52078c92e11c9aa7b8f09a99a81d29ea62b5255e09f7d85081474d04b5,script,performance/sql_tuning,Oracle SQL performance and tuning helper: tune set awr.,CHANGES,True,"['name', 'schema', 'snap_begin', 'snap_end', 'variables']",False,scripts/performance/sql_tuning/tune_set_awr.sql
oracle/admin:scripts/performance/sql_tuning/tune_set_awr_cron.sql,oracle/admin,scripts/performance/sql_tuning/tune_set_awr_cron.sql,.sql,1836,f0d079985cca6adbad14f1af52e0789b4d7c6d930f56391873509d149b9f08ac,script,performance/sql_tuning,Oracle SQL performance and tuning helper: tune set awr cron.,CHANGES,True,"['name', 'schema', 'snap_begin', 'snap_end', 'variables']",False,scripts/performance/sql_tuning/tune_set_awr_cron.sql
oracle/admin:scripts/performance/sql_tuning/tune_set_capture.sql,oracle/admin,scripts/performance/sql_tuning/tune_set_capture.sql,.sql,1312,b955c58060e6d5195c6f01cdce349906e3e00c4dead795162f1b8f3b057831d1,script,performance/sql_tuning,Oracle SQL performance and tuning helper: tune set capture.,REVIEW,True,"['name', 'schema', 'variables']",False,scripts/performance/sql_tuning/tune_set_capture.sql
oracle/admin:scripts/performance/sql_tuning/tune_set_create.sql,oracle/admin,scripts/performance/sql_tuning/tune_set_create.sql,.sql,1282,8e1d734ba0ef4e13a78806223c0523f2c3c49930e2e68875b2eca6e2ea292a3a,script,performance/sql_tuning,Oracle SQL performance and tuning helper: tune set create.,CHANGES,True,"['description', 'name', 'variables']",False,scripts/performance/sql_tuning/tune_set_create.sql
oracle/admin:scripts/performance/sql_tuning/tune_set_delete.sql,oracle/admin,scripts/performance/sql_tuning/tune_set_delete.sql,.sql,1081,ed55568ec2871d2297cacdf46068088c8323415f08c5df701bc3e987d3bf2370,script,performance/sql_tuning,Oracle SQL performance and tuning helper: tune set delete.,DESTRUCTIVE,True,"['name', 'variables']",False,scripts/performance/sql_tuning/tune_set_delete.sql
oracle/admin:scripts/performance/sql_tuning/tune_set_load.sql,oracle/admin,scripts/performance/sql_tuning/tune_set_load.sql,.sql,1400,83c4fc498dc58d959ef70eeb76278f8fd6a7ed90d9751eea482f6515fa1bec70,script,performance/sql_tuning,Oracle SQL performance and tuning helper: tune set load.,CHANGES,True,"['name', 'schema', 'variables']",False,scripts/performance/sql_tuning/tune_set_load.sql
oracle/admin:scripts/performance/sql_tuning/tune_set_load_cron.sql,oracle/admin,scripts/performance/sql_tuning/tune_set_load_cron.sql,.sql,1906,e256c39c0b6ec60aec1a6ff1217dd10dad54e67336b3ba02ba130607bd0b80cf,script,performance/sql_tuning,Oracle SQL performance and tuning helper: tune set load cron.,CHANGES,True,"['name', 'schema', 'variables']",False,scripts/performance/sql_tuning/tune_set_load_cron.sql
oracle/admin:scripts/performance/sql_tuning/tune_set_select.sql,oracle/admin,scripts/performance/sql_tuning/tune_set_select.sql,.sql,1426,13e201d461577413dccba935c0db90ca69147e3846c1eac70ce09477df09b460,script,performance/sql_tuning,Oracle SQL performance and tuning helper: tune set select.,READ_ONLY,True,"['name', 'variables']",False,scripts/performance/sql_tuning/tune_set_select.sql
oracle/admin:scripts/performance/sql_tuning/tune_task_create.sql,oracle/admin,scripts/performance/sql_tuning/tune_task_create.sql,.sql,1932,311a828218030fd4e284a17fb1e788ab7083b8994ec20a06a6600f55a9571e4b,script,performance/sql_tuning,Oracle SQL performance and tuning helper: tune task create.,CHANGES,True,"['plan', 'schema', 'sql_id', 'variables']",False,scripts/performance/sql_tuning/tune_task_create.sql
oracle/admin:scripts/performance/sql_tuning/tune_task_create_awr.sql,oracle/admin,scripts/performance/sql_tuning/tune_task_create_awr.sql,.sql,1831,f2ff048805699ed1d64d8118c592646dd2cfb5d2c58a98ab77a2063dd406e538,script,performance/sql_tuning,Oracle SQL performance and tuning helper: tune task create awr.,CHANGES,True,"['end_snap', 'schema', 'sql_id', 'start_snap', 'variables']",False,scripts/performance/sql_tuning/tune_task_create_awr.sql
oracle/admin:scripts/performance/sql_tuning/tune_task_create_sqlset.sql,oracle/admin,scripts/performance/sql_tuning/tune_task_create_sqlset.sql,.sql,1785,7b4d0177331f0b11fc36d5db5605d04f2065d825734566740cd7cc57d03d4bd8,script,performance/sql_tuning,Oracle SQL performance and tuning helper: tune task create sqlset.,CHANGES,True,"['schema', 'sqlset', 'variables']",False,scripts/performance/sql_tuning/tune_task_create_sqlset.sql
oracle/admin:scripts/performance/sql_tuning/tune_task_exec.sql,oracle/admin,scripts/performance/sql_tuning/tune_task_exec.sql,.sql,1073,5c88708f67795913f54bf4167bd612ffcb3bee878466b794897328311376d9af,script,performance/sql_tuning,Oracle SQL performance and tuning helper: tune task exec.,CHANGES,True,"['task', 'variables']",False,scripts/performance/sql_tuning/tune_task_exec.sql
oracle/admin:scripts/performance/sql_tuning/tune_task_report.sql,oracle/admin,scripts/performance/sql_tuning/tune_task_report.sql,.sql,1134,f30f5e0fd374a58688e6c337b342b3bd6ae1131ca52832a56c68d171b96f210c,script,performance/sql_tuning,Oracle SQL performance and tuning helper: tune task report.,READ_ONLY,True,"['task', 'taskname', 'variables']",False,scripts/performance/sql_tuning/tune_task_report.sql
oracle/admin:scripts/performance/sql_tuning/tune_task_reset.sql,oracle/admin,scripts/performance/sql_tuning/tune_task_reset.sql,.sql,1074,121ab57c25460ada4430b33aabb5d80857a2c3a1ec89130428eb6712a3d4af22,script,performance/sql_tuning,Oracle SQL performance and tuning helper: tune task reset.,REVIEW,True,"['task', 'variables']",False,scripts/performance/sql_tuning/tune_task_reset.sql
oracle/admin:scripts/performance/sql_tuning/tuning_stats.sql,oracle/admin,scripts/performance/sql_tuning/tuning_stats.sql,.sql,10285,9016342446f9087786a0aa90f07db8ce09f91dbacadc26bff25582e4ca98615b,script,performance/sql_tuning,Oracle SQL performance and tuning helper: tuning stats.,READ_ONLY,True,"['PINS', 'variables', 'xxv1', 'xxv2', 'xxv3']",False,scripts/performance/sql_tuning/tuning_stats.sql
oracle/admin:scripts/performance/sql_tuning/unstable_plans.sql,oracle/admin,scripts/performance/sql_tuning/unstable_plans.sql,.sql,3148,d48982443170bdb5ad426ce2e2b96f1bcb3ecac7a90a422bc4fac0d0e4665817,script,performance/sql_tuning,Oracle SQL performance and tuning helper: unstable plans.,READ_ONLY,True,"['min_etime', 'min_stddev', 'variables']",False,scripts/performance/sql_tuning/unstable_plans.sql
oracle/admin:scripts/performance/sql_tuning/work_areas_stats.sql,oracle/admin,scripts/performance/sql_tuning/work_areas_stats.sql,.sql,1581,e62006e95a77a020c9ee6f228482792065fd62dac501d9d534a0a6b24182c317,script,performance/sql_tuning,oracle/admin performance/sql_tuning helper: work areas stats.,CHANGES,True,[],False,scripts/performance/sql_tuning/work_areas_stats.sql
oracle/admin:scripts/platform/exadata/GetExaWatcherResults.sh,oracle/admin,scripts/platform/exadata/GetExaWatcherResults.sh,.sh,1075,9eba5f226cacec45912f6d2f63731b86beb7e801f5a2032579c378539a9a0c3b,script,platform/exadata,Oracle Exadata administration helper: GetExaWatcherResults.,REVIEW,True,[],False,scripts/platform/exadata/GetExaWatcherResults.sh
oracle/admin:scripts/platform/exadata/README.md,oracle/admin,scripts/platform/exadata/README.md,.md,341,e2d47871475d8741d6f2ef04aa0579fd522623be3af3d120ec4511f052239299,documentation,platform/exadata,oracle/admin platform/exadata helper: README.,REVIEW,False,[],False,scripts/platform/exadata/README.md
oracle/admin:scripts/platform/exadata/cellash.sh,oracle/admin,scripts/platform/exadata/cellash.sh,.sh,1378,3f63dac74111da9d23e2a6aa50ab9da841a1342f4ef7b8c726513545a241e1a1,script,platform/exadata,Oracle Exadata administration helper: cellash.,REVIEW,True,"['CMD', 'CMD2']",False,scripts/platform/exadata/cellash.sh
oracle/admin:scripts/platform/exadata/cellcli_cellstatus.sh,oracle/admin,scripts/platform/exadata/cellcli_cellstatus.sh,.sh,895,ad202b205ab5c5358e37138971f9875af30cf2aeff41baa972b2ac0689e7e385,script,platform/exadata,Oracle Exadata administration helper: cellcli cellstatus.,REVIEW,True,[],False,scripts/platform/exadata/cellcli_cellstatus.sh
oracle/admin:scripts/platform/exadata/osw/oswextract.sh,oracle/admin,scripts/platform/exadata/osw/oswextract.sh,.sh,796,a1d757acf72e77d853cd9138ec298d765762535f7cc33656bb6e7a046be26acd,script,platform/exadata,Extract a specific metric from OS Watcher cellsrvstat archives,REVIEW,True,"['METRIC', 'arg1', 'arg10', 'arg11', 'arg3', 'arg4', 'arg5', 'arg6', 'arg7']",False,scripts/platform/exadata/osw/oswextract.sh
oracle/admin:scripts/platform/exadata/runcellash.sh,oracle/admin,scripts/platform/exadata/runcellash.sh,.sh,922,4b4562ba73d25b85606021cf20b2b764be706eb1831e388a1abf86af23099ae7,script,platform/exadata,Oracle Exadata administration helper: runcellash.,REVIEW,True,[],False,scripts/platform/exadata/runcellash.sh
oracle/admin:scripts/platform/rac/AnalyzeNonSharedRAC.sql,oracle/admin,scripts/platform/rac/AnalyzeNonSharedRAC.sql,.sql,3203,8ce5002449bfc5011f20c8a223e0cf379bbbebb73d4cc232c8728bd638cb6072,script,platform/rac,Oracle RAC or cluster administration helper: AnalyzeNonSharedRAC.,READ_ONLY,True,['variables'],False,scripts/platform/rac/AnalyzeNonSharedRAC.sql
oracle/admin:scripts/platform/rac/CandidateSearch10RAC.sql,oracle/admin,scripts/platform/rac/CandidateSearch10RAC.sql,.sql,2385,7ff54dadc09d9f59aaf1834d50ace8ed9da10db6e6cae8f58450f415cbabc5f5,script,platform/rac,Oracle RAC or cluster administration helper: CandidateSearch10RAC.,READ_ONLY,True,['variables'],False,scripts/platform/rac/CandidateSearch10RAC.sql
oracle/admin:scripts/platform/rac/CurrentSQLRAC.sql,oracle/admin,scripts/platform/rac/CurrentSQLRAC.sql,.sql,1625,a26720043234f3bc0946c6fb0c1bf01d4a7d597c6f285416e31d31d7c087d7ff,script,platform/rac,Oracle RAC or cluster administration helper: CurrentSQLRAC.,READ_ONLY,True,['variables'],False,scripts/platform/rac/CurrentSQLRAC.sql
oracle/admin:scripts/platform/rac/CursorInfoRAC.sql,oracle/admin,scripts/platform/rac/CursorInfoRAC.sql,.sql,1530,e191740c806f159d4eeb7f85f241cb785261f6229c618ab07b001f53be6b4576,script,platform/rac,Oracle RAC or cluster administration helper: CursorInfoRAC.,READ_ONLY,True,['variables'],False,scripts/platform/rac/CursorInfoRAC.sql
oracle/admin:scripts/platform/rac/LibCacheOverview10gRAC.sql,oracle/admin,scripts/platform/rac/LibCacheOverview10gRAC.sql,.sql,11275,9cb1eaa07751a16be1377e9cce8ad1007583721e923d0471c61276c603f8e9da,script,platform/rac,Oracle RAC or cluster administration helper: LibCacheOverview10gRAC.,READ_ONLY,True,"['mi', 'ss', 'variables', 'x_1time_sum', 'x_1time_ttl', 'x_KGH', 'x_bc_size', 'x_jp_size', 'x_lp_size', 'x_other_size', 'x_ra', 'x_sgasize', 'x_sp_free_chks', 'x_sp_no_kept_chks', 'x_sp_no_obj', 'x_sp_no_pins', 'x_sp_no_stmts', 'x_sp_other', 'x_sp_size', 'x_sp_sz_kept_chks', 'x_sp_sz_pins', 'x_sp_used', 'x_sp_used_per', 'x_sp_used_run', 'x_sp_used_shr', 'x_sp_vers', 'x_str_size', 'x_tot_lc', 'x_trend_4031', 'x_trend_rs', 'x_trend_rs_size', 'x_trend_size']",False,scripts/platform/rac/LibCacheOverview10gRAC.sql
oracle/admin:scripts/platform/rac/LibCacheOverview9iRAC.sql,oracle/admin,scripts/platform/rac/LibCacheOverview9iRAC.sql,.sql,10225,9c4d1db24e751eae3a2ef67cfd188254437d42fdd34b7c8e4a4e8cccf94404e7,script,platform/rac,Oracle RAC or cluster administration helper: LibCacheOverview9iRAC.,READ_ONLY,True,"['mi', 'ss', 'variables', 'x_1time_sum', 'x_1time_ttl', 'x_bc_size', 'x_jp_size', 'x_lp_size', 'x_other_size', 'x_sgasize', 'x_sp_free_chks', 'x_sp_no_kept_chks', 'x_sp_no_obj', 'x_sp_no_pins', 'x_sp_no_stmts', 'x_sp_other', 'x_sp_size', 'x_sp_sz_kept_chks', 'x_sp_sz_pins', 'x_sp_used', 'x_sp_used_per', 'x_sp_used_run', 'x_sp_used_shr', 'x_sp_vers', 'x_tot_lc', 'x_trend_4031', 'x_trend_rs', 'x_trend_rs_size', 'x_trend_size']",False,scripts/platform/rac/LibCacheOverview9iRAC.sql
oracle/admin:scripts/platform/rac/README.md,oracle/admin,scripts/platform/rac/README.md,.md,6137,81daf00c8d94e52366214b979bcbd621a2ff7b7f0a56acffaa4787cbc81d03b9,documentation,platform/rac,oracle/admin platform/rac helper: README.,REVIEW,True,[],False,scripts/platform/rac/README.md
oracle/admin:scripts/platform/rac/ReservedAnalysisRAC.sql,oracle/admin,scripts/platform/rac/ReservedAnalysisRAC.sql,.sql,4400,b1a320181415557795cad8cfd6899e2953870770a024f207ef7547cf28aadefc,script,platform/rac,Oracle RAC or cluster administration helper: ReservedAnalysisRAC.,READ_ONLY,True,['variables'],False,scripts/platform/rac/ReservedAnalysisRAC.sql
oracle/admin:scripts/platform/rac/SGAComponents11gRAC.sql,oracle/admin,scripts/platform/rac/SGAComponents11gRAC.sql,.sql,3214,945b0b30780e58c90f96c8cf9a745e91f909d0e61ea163d1cf9ed35a0d59e2fc,script,platform/rac,Oracle RAC or cluster administration helper: SGAComponents11gRAC.,READ_ONLY,True,"['mi', 'ss', 'variables']",False,scripts/platform/rac/SGAComponents11gRAC.sql
oracle/admin:scripts/platform/rac/SGAComponentsRAC.sql,oracle/admin,scripts/platform/rac/SGAComponentsRAC.sql,.sql,3271,7952fa735d70e1e8ac49ae20249b436027a371e60ddb6de641bf88c41971548d,script,platform/rac,Oracle RAC or cluster administration helper: SGAComponentsRAC.,READ_ONLY,True,"['mi', 'ss', 'variables']",False,scripts/platform/rac/SGAComponentsRAC.sql
oracle/admin:scripts/platform/rac/SGAParametersRAC.sql,oracle/admin,scripts/platform/rac/SGAParametersRAC.sql,.sql,11393,b3d85ad56cd569213e4e456cf248979c071d93a308d10e70b48efbfac1c10c87,script,platform/rac,Oracle RAC or cluster administration helper: SGAParametersRAC.,READ_ONLY,True,['variables'],False,scripts/platform/rac/SGAParametersRAC.sql
oracle/admin:scripts/platform/rac/SGAStatRAC.sql,oracle/admin,scripts/platform/rac/SGAStatRAC.sql,.sql,4183,2de5fc5c96318db2afa042085309957d1fb5499193152871ce1cd088ca7d9972,script,platform/rac,Oracle RAC or cluster administration helper: SGAStatRAC.,READ_ONLY,True,"['PLW_STR_NEW_LEN_VEC', 'mi', 'ss', 'variables']",False,scripts/platform/rac/SGAStatRAC.sql
oracle/admin:scripts/platform/rac/block_change_tracking.sql,oracle/admin,scripts/platform/rac/block_change_tracking.sql,.sql,1050,495cc41c74623819642d7b336c2dd7181cf6cd3d9c1d7f3aec7d22c005f9e569,script,platform/rac,Oracle RAC or cluster administration helper: block change tracking.,READ_ONLY,True,['variables'],False,scripts/platform/rac/block_change_tracking.sql
oracle/admin:scripts/platform/rac/check_oracle_instant_nagios,oracle/admin,scripts/platform/rac/check_oracle_instant_nagios,,3870,d32089f812cd59b14abcdce8f4f507c3954c6f6cf8dca58788f23567a15e9438,script,platform/rac,Nagios health check for Oracle instance cache and wait metrics.,READ_ONLY,True,"['ADDRESS', 'CONNECT_DATA', 'DESCRIPTION', 'ERRORS', 'PROTOCOL', 'SID', 'arg1']",False,scripts/platform/rac/check_oracle_instant_nagios
oracle/admin:scripts/platform/rac/cluster_parameters.sql,oracle/admin,scripts/platform/rac/cluster_parameters.sql,.sql,1927,84d8a035c81debb315e37d2c1b02838ea192fc4c27d1c6ea9c4ad88b1bf6e7ce,script,platform/rac,Oracle RAC or cluster administration helper: cluster parameters.,CHANGES,True,"['ADDRESS', 'HOST', 'PORT', 'PROTOCOL', 'variables']",False,scripts/platform/rac/cluster_parameters.sql
oracle/admin:scripts/platform/rac/cluvfy.comp.ocr.status.sh,oracle/admin,scripts/platform/rac/cluvfy.comp.ocr.status.sh,.sh,1043,882335d3415523650ce405dfc1bbeca511a37ed2829972a43405c63bb2e4fd57,script,platform/rac,Oracle RAC or cluster administration helper: cluvfy comp ocr status.,REVIEW,True,[],False,scripts/platform/rac/cluvfy.comp.ocr.status.sh
oracle/admin:scripts/platform/rac/commands_summary.sh,oracle/admin,scripts/platform/rac/commands_summary.sh,.sh,7078,3187170f7d550cdbffeb3b6dc193db63a7e81d38f39eefa8ef5bc30c9335594a,script,platform/rac,Oracle RAC or cluster administration helper: commands summary.,DESTRUCTIVE,True,[],False,scripts/platform/rac/commands_summary.sh
oracle/admin:scripts/platform/rac/crs.cluster.check.all.sh,oracle/admin,scripts/platform/rac/crs.cluster.check.all.sh,.sh,932,4687c1b08d824f442e43c77be2eab56363dabfb07237cb6dd85503752a83652a,script,platform/rac,Oracle RAC or cluster administration helper: crs cluster check all.,REVIEW,True,[],False,scripts/platform/rac/crs.cluster.check.all.sh
oracle/admin:scripts/platform/rac/crs.cluster.check.sh,oracle/admin,scripts/platform/rac/crs.cluster.check.sh,.sh,915,cf4c3599e1501702df91cc92a34a76b1a2c10d76166717a75becdf007289da15,script,platform/rac,Oracle RAC or cluster administration helper: crs cluster check.,REVIEW,True,[],False,scripts/platform/rac/crs.cluster.check.sh
oracle/admin:scripts/platform/rac/crs.cluster.enable.sh,oracle/admin,scripts/platform/rac/crs.cluster.enable.sh,.sh,1003,8cdca1c2899694569130b527fee4af044bbada336ee25b2faee3f283fdf132e4,script,platform/rac,Oracle RAC or cluster administration helper: crs cluster enable.,REVIEW,True,[],False,scripts/platform/rac/crs.cluster.enable.sh
oracle/admin:scripts/platform/rac/crs.cluster_mode_status.sh,oracle/admin,scripts/platform/rac/crs.cluster_mode_status.sh,.sh,943,1b6d545246fe7217d9f830f0e276018905d4faf71e32b92b2c4027d26d6d1df8,script,platform/rac,Oracle RAC or cluster administration helper: crs cluster mode status.,REVIEW,True,[],False,scripts/platform/rac/crs.cluster_mode_status.sh
oracle/admin:scripts/platform/rac/crs.cluster_state.sh,oracle/admin,scripts/platform/rac/crs.cluster_state.sh,.sh,913,06df5a4fe874a16235d18cda68cca6f5d86fb42f911c9331a5822d34a1e66748,script,platform/rac,Oracle RAC or cluster administration helper: crs cluster state.,REVIEW,True,[],False,scripts/platform/rac/crs.cluster_state.sh
oracle/admin:scripts/platform/rac/crs.cluster_status.sh,oracle/admin,scripts/platform/rac/crs.cluster_status.sh,.sh,938,474760b7587c7c5f5637beac15790c469a946025ea3dcbbd201e8cfeb96ff05c,script,platform/rac,Oracle RAC or cluster administration helper: crs cluster status.,REVIEW,True,[],False,scripts/platform/rac/crs.cluster_status.sh
oracle/admin:scripts/platform/rac/crs.cluster_status_crs.sh,oracle/admin,scripts/platform/rac/crs.cluster_status_crs.sh,.sh,976,8e0d71b405adfa016c94d27746e9d42c24e96d00206813a22908be9eba6bd1d4,script,platform/rac,Oracle RAC or cluster administration helper: crs cluster status crs.,REVIEW,True,[],False,scripts/platform/rac/crs.cluster_status_crs.sh
oracle/admin:scripts/platform/rac/crs.cluster_stop.sh,oracle/admin,scripts/platform/rac/crs.cluster_stop.sh,.sh,911,5686267837226b0cd2a4a89e9a4195119f732b2ec2f075ead03aa11df2b22c71,script,platform/rac,Oracle RAC or cluster administration helper: crs cluster stop.,REVIEW,True,[],False,scripts/platform/rac/crs.cluster_stop.sh
oracle/admin:scripts/platform/rac/crs.cluster_stop_all.sh,oracle/admin,scripts/platform/rac/crs.cluster_stop_all.sh,.sh,928,7c28d84e7ed59509d341feb1d6c9ef4ce5f2ecc02ad6810b94012fb5560d7b70,script,platform/rac,Oracle RAC or cluster administration helper: crs cluster stop all.,REVIEW,True,[],False,scripts/platform/rac/crs.cluster_stop_all.sh
oracle/admin:scripts/platform/rac/crs.cluster_stop_crs.sh,oracle/admin,scripts/platform/rac/crs.cluster_stop_crs.sh,.sh,973,3fbb1923b4f572d2d0a6fe82b8c848ac07955c1f640b90aa1830f1860f5bd5ac,script,platform/rac,Oracle RAC or cluster administration helper: crs cluster stop crs.,REVIEW,True,[],False,scripts/platform/rac/crs.cluster_stop_crs.sh
oracle/admin:scripts/platform/rac/crs.local_stop.sh,oracle/admin,scripts/platform/rac/crs.local_stop.sh,.sh,901,e5e72236f66ba028e02592cc0d2cadc7bbd891e8c8d4d3e682d5a86a2f8ac156,script,platform/rac,Oracle RAC or cluster administration helper: crs local stop.,REVIEW,True,[],False,scripts/platform/rac/crs.local_stop.sh
oracle/admin:scripts/platform/rac/crs.query.softwareversion.sh,oracle/admin,scripts/platform/rac/crs.query.softwareversion.sh,.sh,984,f36499b27d7d9810a7d77646ff8cbc68aa459ed8b8bd0185551d5eba66215f16,script,platform/rac,Oracle RAC or cluster administration helper: crs query softwareversion.,REVIEW,True,[],False,scripts/platform/rac/crs.query.softwareversion.sh
oracle/admin:scripts/platform/rac/crs.resource.profile.sh,oracle/admin,scripts/platform/rac/crs.resource.profile.sh,.sh,939,31edbe9bb531f308aeb5017be9cf68ba16de87cf00080ca4c5aac1e38cf8400e,script,platform/rac,Oracle RAC or cluster administration helper: crs resource profile.,REVIEW,True,[],False,scripts/platform/rac/crs.resource.profile.sh
oracle/admin:scripts/platform/rac/crs.status.resource_database.sh,oracle/admin,scripts/platform/rac/crs.status.resource_database.sh,.sh,1036,3b30f172bb16c55ff70d0ed2084f22f88ab3349b9635430beba58926b4db4415,script,platform/rac,Oracle RAC or cluster administration helper: crs status resource database.,REVIEW,True,[],False,scripts/platform/rac/crs.status.resource_database.sh
oracle/admin:scripts/platform/rac/crs.version.sh,oracle/admin,scripts/platform/rac/crs.version.sh,.sh,908,b355e85d090d1a6f2fdbe8e16e951ac660aedf06aebbf9df5a07e92b0f80e963,script,platform/rac,Oracle RAC or cluster administration helper: crs version.,REVIEW,True,[],False,scripts/platform/rac/crs.version.sh
oracle/admin:scripts/platform/rac/crs.votedisk.move.sh,oracle/admin,scripts/platform/rac/crs.votedisk.move.sh,.sh,929,a6253e7a749396991c9b2247b5a98a7dadea76e4f35ad9a6d081a7fb3d918c8b,script,platform/rac,Oracle RAC or cluster administration helper: crs votedisk move.,REVIEW,True,[],False,scripts/platform/rac/crs.votedisk.move.sh
oracle/admin:scripts/platform/rac/crsctl.config.crs.sh,oracle/admin,scripts/platform/rac/crsctl.config.crs.sh,.sh,912,b785acff8f657eb88a60ee2a95f5364a162e07c6ab2ea29a6cd56147fe0f8ac9,script,platform/rac,Oracle RAC or cluster administration helper: crsctl config crs.,REVIEW,True,[],False,scripts/platform/rac/crsctl.config.crs.sh
oracle/admin:scripts/platform/rac/crsctl.ons.status.sh,oracle/admin,scripts/platform/rac/crsctl.ons.status.sh,.sh,1861,d4692d547fb8eb67dfca6ca54f0ab4d546a2fb17857bc3ce4bcfdfbfcbf210c2,script,platform/rac,Oracle RAC or cluster administration helper: crsctl ons status.,REVIEW,True,[],False,scripts/platform/rac/crsctl.ons.status.sh
oracle/admin:scripts/platform/rac/crsctl.query.css.votedisk.sh,oracle/admin,scripts/platform/rac/crsctl.query.css.votedisk.sh,.sh,944,737e447d820dedf74432704ea7bdd33d444b90e03429d074ceb3bd9f28a8bdde,script,platform/rac,Oracle RAC or cluster administration helper: crsctl query css votedisk.,REVIEW,True,[],False,scripts/platform/rac/crsctl.query.css.votedisk.sh
oracle/admin:scripts/platform/rac/crsctl.start.res.init.sh,oracle/admin,scripts/platform/rac/crsctl.start.res.init.sh,.sh,954,a2d25123c56bbb4dc0067490e1479b2f64df1d164d1e61527bd605a34beeaa42,script,platform/rac,Oracle RAC or cluster administration helper: crsctl start res init.,REVIEW,True,[],False,scripts/platform/rac/crsctl.start.res.init.sh
oracle/admin:scripts/platform/rac/crsctl.stat.res.sh,oracle/admin,scripts/platform/rac/crsctl.stat.res.sh,.sh,979,d5a4556302e559e576cd86753a58fc33555752415a8786c0d47d3fa4a74ba0e2,script,platform/rac,Oracle RAC or cluster administration helper: crsctl stat res.,REVIEW,True,[],False,scripts/platform/rac/crsctl.stat.res.sh
oracle/admin:scripts/platform/rac/crsctl.votedisk.replce.sh,oracle/admin,scripts/platform/rac/crsctl.votedisk.replce.sh,.sh,941,1a08fe77a4bac9b09ab7a767f9eb95eeab8f1a0c7f12f7fbe2cd62ba0bbc796a,script,platform/rac,Oracle RAC or cluster administration helper: crsctl votedisk replce.,REVIEW,True,[],False,scripts/platform/rac/crsctl.votedisk.replce.sh
oracle/admin:scripts/platform/rac/dbms_system.trace.sql,oracle/admin,scripts/platform/rac/dbms_system.trace.sql,.sql,1847,99b5a319406eb09f93389842e83e829c54b25ad6ebd4dfc8676e7da81aa619b6,script,platform/rac,oracle/admin platform/rac helper: dbms system.trace.,READ_ONLY,True,"['SSERIAL', 'SSID']",False,scripts/platform/rac/dbms_system.trace.sql
oracle/admin:scripts/platform/rac/diff_parameters_rac.sql,oracle/admin,scripts/platform/rac/diff_parameters_rac.sql,.sql,1250,ced786b0fc26b08ce7bac10a75cd25c9af641851f276779929066710dbc12332,script,platform/rac,Oracle RAC or cluster administration helper: diff parameters rac.,READ_ONLY,True,['variables'],False,scripts/platform/rac/diff_parameters_rac.sql
oracle/admin:scripts/platform/rac/enable_db_block_change_tracking.sql,oracle/admin,scripts/platform/rac/enable_db_block_change_tracking.sql,.sql,642,96bce22389b0f92490d330982d1107f601fd6768798b0901bc732c9cf23441a3,script,platform/rac,oracle/admin platform/rac helper: enable db block change tracking.,CHANGES,True,[],False,scripts/platform/rac/enable_db_block_change_tracking.sql
oracle/admin:scripts/platform/rac/exec_all.sql,oracle/admin,scripts/platform/rac/exec_all.sql,.sql,3770,395a982a24d4d619dc09f02c82245a6a6b190c4031ed58be13354b234429a68c,script,platform/rac,Oracle RAC or cluster administration helper: exec all.,CHANGES,True,"['MI', 'SS', 'dbname', 'err', 'nls_lang', 'numero_cambio', 'usuario', 'variables']",False,scripts/platform/rac/exec_all.sql
oracle/admin:scripts/platform/rac/instalacion_oracle_garba.sql,oracle/admin,scripts/platform/rac/instalacion_oracle_garba.sql,.sql,1038,73fbaf23efd33f88b2795199929fdd97808a2643097d77643f3ddb13b22584d9,script,platform/rac,oracle/admin platform/rac helper: instalacion oracle garba.,REVIEW,True,[],False,scripts/platform/rac/instalacion_oracle_garba.sql
oracle/admin:scripts/platform/rac/listnodes.sh,oracle/admin,scripts/platform/rac/listnodes.sh,.sh,937,97567a96de62abbcc16955d9a6562da97bf071a8db5a9cc22764f09016fc7841,script,platform/rac,Oracle RAC or cluster administration helper: listnodes.,REVIEW,True,[],False,scripts/platform/rac/listnodes.sh
oracle/admin:scripts/platform/rac/loksRAC9i.sql,oracle/admin,scripts/platform/rac/loksRAC9i.sql,.sql,6035,559b42b33c58ebf430d44573b61b5aa7d367e0363a4db215d0b5f9b0c6e5bab6,script,platform/rac,Oracle RAC or cluster administration helper: loksRAC9i.,DESTRUCTIVE,True,['variables'],False,scripts/platform/rac/loksRAC9i.sql
oracle/admin:scripts/platform/rac/nls_database_parameters_character_Set.sql,oracle/admin,scripts/platform/rac/nls_database_parameters_character_Set.sql,.sql,1048,45a7189591797d148730cc87ece85b9cfc1b58f8fa1f3810228af1db500176a5,script,platform/rac,Oracle RAC or cluster administration helper: nls database parameters character Set.,READ_ONLY,True,['variables'],False,scripts/platform/rac/nls_database_parameters_character_Set.sql
oracle/admin:scripts/platform/rac/oclumon.dumpnodeview.last.sh,oracle/admin,scripts/platform/rac/oclumon.dumpnodeview.last.sh,.sh,1062,42979fa4ab9bd8a80310b828a7a327a664c9cf5fa3dec2e6e39f1345a8a0f1c4,script,platform/rac,Oracle RAC or cluster administration helper: oclumon dumpnodeview last.,REVIEW,True,[],False,scripts/platform/rac/oclumon.dumpnodeview.last.sh
oracle/admin:scripts/platform/rac/ocrcheck.config.sh,oracle/admin,scripts/platform/rac/ocrcheck.config.sh,.sh,905,be4c55fe4c66171155e774018ef1e264e52609c61550da6a1f8893122714e4c0,script,platform/rac,Oracle RAC or cluster administration helper: ocrcheck config.,REVIEW,True,[],False,scripts/platform/rac/ocrcheck.config.sh
oracle/admin:scripts/platform/rac/ocrcheck.local.sh,oracle/admin,scripts/platform/rac/ocrcheck.local.sh,.sh,901,cc1cb8bd813502e7487d1c60ca9744911f4746fa3ba7d383ee4e368ad3ee7e15,script,platform/rac,Oracle RAC or cluster administration helper: ocrcheck local.,REVIEW,True,[],False,scripts/platform/rac/ocrcheck.local.sh
oracle/admin:scripts/platform/rac/ocrcheck.sh,oracle/admin,scripts/platform/rac/ocrcheck.sh,.sh,876,bc9ee33cabff710c806a6cebea428d1f553a856887b7ae71e6b708477cb39cda,script,platform/rac,Oracle RAC or cluster administration helper: ocrcheck.,REVIEW,True,[],False,scripts/platform/rac/ocrcheck.sh
oracle/admin:scripts/platform/rac/ocrconfig.add.sh,oracle/admin,scripts/platform/rac/ocrconfig.add.sh,.sh,905,4303ea28a0eee4aa22f7d036331e7e19fc2c087b92e5abfe4af85a11cf962b6f,script,platform/rac,Oracle RAC or cluster administration helper: ocrconfig add.,REVIEW,True,[],False,scripts/platform/rac/ocrconfig.add.sh
oracle/admin:scripts/platform/rac/ocrconfig.manualbackup.sh,oracle/admin,scripts/platform/rac/ocrconfig.manualbackup.sh,.sh,958,a5770028565323b0bc9187cd5991c191674ce8e0a263dbc08d173214dc8a048f,script,platform/rac,Oracle RAC or cluster administration helper: ocrconfig manualbackup.,REVIEW,True,[],False,scripts/platform/rac/ocrconfig.manualbackup.sh
oracle/admin:scripts/platform/rac/ocrconfig.showbackup.sh,oracle/admin,scripts/platform/rac/ocrconfig.showbackup.sh,.sh,930,4a73a334a5ab3e15d38b0f7ce54a08485e1915e7b6e8f5b8070e65d14e44ac51,script,platform/rac,Oracle RAC or cluster administration helper: ocrconfig showbackup.,REVIEW,True,[],False,scripts/platform/rac/ocrconfig.showbackup.sh
oracle/admin:scripts/platform/rac/oifcfg.getif.sh,oracle/admin,scripts/platform/rac/oifcfg.getif.sh,.sh,892,8d14a2d85d2f3cc98c2358da070ed0fb4e69f8bc7746dcb2700c1063f0ba1db6,script,platform/rac,Oracle RAC or cluster administration helper: oifcfg getif.,REVIEW,True,[],False,scripts/platform/rac/oifcfg.getif.sh
oracle/admin:scripts/platform/rac/oifcfg.iflist.sh,oracle/admin,scripts/platform/rac/oifcfg.iflist.sh,.sh,1045,3d97edfc7d581a53de20152691498439d61a896d51cb2544365b123c35f5f3cf,script,platform/rac,Oracle RAC or cluster administration helper: oifcfg iflist.,REVIEW,True,[],False,scripts/platform/rac/oifcfg.iflist.sh
oracle/admin:scripts/platform/rac/oracle.gstats.monitor.sh,oracle/admin,scripts/platform/rac/oracle.gstats.monitor.sh,.sh,9678,571fef6c4b6975fb7e45e2bf4d5e9cfb637a686894d2eb2083d5dc3a3ac3b82b,script,platform/rac,Global Daily Stats Monitor #,CHANGES,True,"['APPL_PATH', 'ARCHIVE', 'BIN', 'CONFIG', 'DEFAULT_ERROR_LOG', 'DEFAULT_OUTPUT_LOG', 'ERR_NUM', 'FUN_NAME', 'LIB', 'LOG', 'LOGFILE', 'LOG_STR', 'Local', 'MAIL_DBAS', 'MAIL_PS', 'MAIL_TO', 'MSG_LOG', 'NARG', 'ORACLE_SID', 'ORAUSER', 'PARAMETERS', 'PROGRAM', 'SCRIPT', 'SCRIPT_LOGS', 'SCRIPT_NAME', 'arg1', 'arg2', 'arg3', 'mi', 'ss']",False,scripts/platform/rac/oracle.gstats.monitor.sh
oracle/admin:scripts/platform/rac/oracle_check.sql,oracle/admin,scripts/platform/rac/oracle_check.sql,.sql,1662,ebf91ef9c5456b4fa76826d731c787f827be437d52c58f80ba78c42be281f670,script,platform/rac,Oracle RAC or cluster administration helper: oracle check.,CHANGES,True,['variables'],False,scripts/platform/rac/oracle_check.sql
oracle/admin:scripts/platform/rac/oracle_common_functions_linux.sh,oracle/admin,scripts/platform/rac/oracle_common_functions_linux.sh,.sh,37717,6cc2ecb47ddd47812d538073c165c062c4c8c390f8b8c3c8ed580077c207a58a,script,platform/rac,Oracle RAC or cluster administration helper: oracle common functions linux.,DESTRUCTIVE,True,"['CENTRAL_ORAINV', 'CRS_DB_RESOURCE', 'CRS_DB_STATE', 'CURRENT_HOST', 'DB_NAME', 'DB_ROLE', 'DB_UNIQUE_NAME', 'DIAGNOSTIC_DEST', 'DISPLAY', 'G_ORAEDITION', 'G_ORAVERSION', 'HOST', 'IFS', 'ISTTY', 'LD_LIBRARY_PATH', 'LOC', 'L_OH', 'L_OH_NAME', 'L_ORAEDITION', 'L_ORAVERSION', 'MGMTDB_HOST', 'NAME', 'NLS_CHARSET', 'NLS_LANG', 'OH2CHECK', 'OH_NAME', 'OLDIFS', 'ONLINE', 'ORACLE_BASE', 'ORACLE_HOME', 'ORACLE_SID', 'ORCL', 'ORCL1', 'ORCL_SITE1', 'PATH', 'PORT', 'PRIMARY', 'PS1', 'PSERR', 'REMOVED', 'SEARCH', 'SID', 'TNS_ADMIN', 'TOP', 'VER', 'arg1', 'arg2', 'arg3', 'arg4', 'arg5']",False,scripts/platform/rac/oracle_common_functions_linux.sh
oracle/admin:scripts/platform/rac/oracle_to_excel.sql,oracle/admin,scripts/platform/rac/oracle_to_excel.sql,.sql,5543,d3b2ce06132445f9719fb0ecf5432041c20667197759438c968803db1b4b5b94,script,platform/rac,Oracle RAC or cluster administration helper: oracle to excel.,CHANGES,True,"['Cell', 'Data', 'Format', 'ID', 'MI', 'Name', 'NumberFormat', 'Row', 'SS', 'Style', 'StyleID', 'Styles', 'Table', 'Type', 'Workbook', 'Worksheet', 'mm', 'office', 'schemas', 'spreadsheet', 'ss', 'variables']",False,scripts/platform/rac/oracle_to_excel.sql
oracle/admin:scripts/platform/rac/shell/deploy_management/oracle.db.deploy.sh,oracle/admin,scripts/platform/rac/shell/deploy_management/oracle.db.deploy.sh,.sh,10599,d9d7fc93a85cf90e951168cc673840ed7721f2b7b0c2da91bb428d7561b2d415,script,platform/rac,Deploy database scripts reliably #,CHANGES,True,"['APPL_CFG_DIR', 'APPL_LOG', 'APPL_PATH', 'DEFAULT_ERROR_LOG', 'DEFAULT_LOG', 'DPLY_STATUS', 'ERR_NUM', 'FUN_NAME', 'LOGFILE', 'LOG_DIR', 'LOG_STR', 'Local', 'MSG_LOG', 'PACKAGE_NAME', 'PARAMETERS', 'PROGRAM', 'SCRIPT_NAME', 'SQL_SCRIPT', 'VERSIONID', 'VERSIONS_TB_IMPLEMENTED', 'VERSION_ID_NAME', 'ZIPPED_FILE', 'ZIPPED_FILE_NAME', 'arg1', 'arg2', 'arg3', 'exp_']",False,scripts/platform/rac/shell/deploy_management/oracle.db.deploy.sh
oracle/admin:scripts/platform/rac/shell/test_oracledb.py,oracle/admin,scripts/platform/rac/shell/test_oracledb.py,.py,1359,dd9b6144799eb3b89a270439ac910a50fbf2694b9e2141fdf99d220c5801e65d,script,platform/rac,Oracle RAC or cluster administration helper: test oracledb.,CHANGES,True,"['ADDRESS', 'CONNECT_DATA', 'DESCRIPTION', 'PROTOCOL', 'SERVICE_NAME']",False,scripts/platform/rac/shell/test_oracledb.py
oracle/admin:scripts/platform/rac/srv.config.db.sh,oracle/admin,scripts/platform/rac/srv.config.db.sh,.sh,918,6d5b3f5bd94ce8975e13d145d1e18fe33830e538ce2a66df459763297fc7e60e,script,platform/rac,Oracle RAC or cluster administration helper: srv config db.,REVIEW,True,[],False,scripts/platform/rac/srv.config.db.sh
oracle/admin:scripts/platform/rac/srv.config.scan.sh,oracle/admin,scripts/platform/rac/srv.config.scan.sh,.sh,958,14fc4e0f5915615fa40727b62940ada007b4143fcb8d1151ad60cdc5c193f018,script,platform/rac,Oracle RAC or cluster administration helper: srv config scan.,REVIEW,True,[],False,scripts/platform/rac/srv.config.scan.sh
oracle/admin:scripts/platform/rac/srv.config.scan_listener.sh,oracle/admin,scripts/platform/rac/srv.config.scan_listener.sh,.sh,971,29caea3374e2b3c63dd61e505e4d260c9e146384754a2df6fa85699f35b38c7f,script,platform/rac,Oracle RAC or cluster administration helper: srv config scan listener.,REVIEW,True,[],False,scripts/platform/rac/srv.config.scan_listener.sh
oracle/admin:scripts/platform/rac/srv.config.service.sh,oracle/admin,scripts/platform/rac/srv.config.service.sh,.sh,965,020c0ab47696d625bf08468cc6d4e13ec2d6885d4857ea31a422d41d625ecf86,script,platform/rac,Oracle RAC or cluster administration helper: srv config service.,REVIEW,True,[],False,scripts/platform/rac/srv.config.service.sh
oracle/admin:scripts/platform/rac/srv.config.vips.sh,oracle/admin,scripts/platform/rac/srv.config.vips.sh,.sh,1082,cb09a9af301a3a9d506d8715351bef66ddf5c80173ca325f88df45c75994f5c2,script,platform/rac,Oracle RAC or cluster administration helper: srv config vips.,REVIEW,True,[],False,scripts/platform/rac/srv.config.vips.sh
oracle/admin:scripts/platform/rac/srv.gns_config.sh,oracle/admin,scripts/platform/rac/srv.gns_config.sh,.sh,963,cd804cb8dc8e7a955d6d1e7a4006f254dbea558de401e16b7ee0a2aca08a91f2,script,platform/rac,Oracle RAC or cluster administration helper: srv gns config.,REVIEW,True,[],False,scripts/platform/rac/srv.gns_config.sh
oracle/admin:scripts/platform/rac/srv.service.taf.sql,oracle/admin,scripts/platform/rac/srv.service.taf.sql,.sql,1050,6320859ade4ad35c16c1534e9f2b8695b7483a824aef91e21366f1de3fea8b9d,script,platform/rac,Oracle RAC or cluster administration helper: srv service taf.,READ_ONLY,True,['variables'],False,scripts/platform/rac/srv.service.taf.sql
oracle/admin:scripts/platform/rac/srv.start.instance.sh,oracle/admin,scripts/platform/rac/srv.start.instance.sh,.sh,952,70adb93b6ecedd3defb7381cf8c6b8c893e5a0d8c852e4ef18203650a9f688f9,script,platform/rac,Oracle RAC or cluster administration helper: srv start instance.,REVIEW,True,[],False,scripts/platform/rac/srv.start.instance.sh
oracle/admin:scripts/platform/rac/srv.status_database.sh,oracle/admin,scripts/platform/rac/srv.status_database.sh,.sh,933,f80e8c6be580e1111b000d37d46affc117b7b67445a65568e7fa7594005e33be,script,platform/rac,Oracle RAC or cluster administration helper: srv status database.,REVIEW,True,[],False,scripts/platform/rac/srv.status_database.sh
oracle/admin:scripts/platform/rac/srvctl.add_database.sh,oracle/admin,scripts/platform/rac/srvctl.add_database.sh,.sh,1072,266c90d9c48b8118c26e85bfb66cedb30a77972dd81d058b9d09547fa0235403,script,platform/rac,Oracle RAC or cluster administration helper: srvctl add database.,REVIEW,True,[],False,scripts/platform/rac/srvctl.add_database.sh
oracle/admin:scripts/platform/rac/srvctl.stop.home.sh,oracle/admin,scripts/platform/rac/srvctl.stop.home.sh,.sh,976,356d59ff2bfdbe9cf7fd7c84ba812e53c4ceef9e0fc7eb7e67d144734e652943,script,platform/rac,Oracle RAC or cluster administration helper: srvctl stop home.,REVIEW,True,[],False,scripts/platform/rac/srvctl.stop.home.sh
oracle/admin:scripts/platform/rac/trace/cbo_analyze.sh,oracle/admin,scripts/platform/rac/trace/cbo_analyze.sh,.sh,1069,75160b87f36024b1f9a10c71efa71fb5170ad77f38a5f1dcd630e7b0d3c54307,script,platform/rac,Oracle RAC or cluster administration helper: cbo analyze.,CHANGES,True,['arg1'],False,scripts/platform/rac/trace/cbo_analyze.sh
oracle/admin:scripts/platform/rac/trace_onlogon_trigger.sql,oracle/admin,scripts/platform/rac/trace_onlogon_trigger.sql,.sql,1806,9b9f6057ce4f64060800ab7b9befce13563fcec9cfada94bdc5caf00f6b490dc,script,platform/rac,Oracle RAC or cluster administration helper: trace onlogon trigger.,CHANGES,True,['variables'],False,scripts/platform/rac/trace_onlogon_trigger.sql
oracle/admin:scripts/platform/rac/trace_specific_error.sql,oracle/admin,scripts/platform/rac/trace_specific_error.sql,.sql,1937,2cc007651981b316226d96b87c271da3ab9e2faf2086970820260112f5d57fc3,script,platform/rac,Oracle RAC or cluster administration helper: trace specific error.,CHANGES,True,['variables'],False,scripts/platform/rac/trace_specific_error.sql
oracle/admin:scripts/platform/rac/trace_usuarios.sql,oracle/admin,scripts/platform/rac/trace_usuarios.sql,.sql,1655,d9dce02c91aa3568adc1ce2548704a3aaa3e4c02d0d98f7193c77c4ba9d4c243,script,platform/rac,Oracle RAC or cluster administration helper: trace usuarios.,CHANGES,True,"['SQL_TRACE', 'USER_ID', 'variables']",False,scripts/platform/rac/trace_usuarios.sql
oracle/admin:scripts/platform/rac/trigger_database_x_ip_trace.sql,oracle/admin,scripts/platform/rac/trigger_database_x_ip_trace.sql,.sql,3161,ec21d68e558dc46bb03d3a45e8b57c65bd36fd21454190fcf277180fbe066df6,script,platform/rac,Oracle RAC or cluster administration helper: trigger database x ip trace.,CHANGES,True,['variables'],False,scripts/platform/rac/trigger_database_x_ip_trace.sql
oracle/admin:scripts/platform/rac/xml_extract_example.sql,oracle/admin,scripts/platform/rac/xml_extract_example.sql,.sql,2230,0ea5841f2ca764e084c4e75d3f8769ef155900c6164180f71b74df209cfad355,script,platform/rac,Oracle RAC or cluster administration helper: xml extract example.,READ_ONLY,True,['variables'],False,scripts/platform/rac/xml_extract_example.sql
oracle/admin:scripts/security/Auditoria.sql,oracle/admin,scripts/security/Auditoria.sql,.sql,3003,2611339393912f02982436cc8e4be97e0c9510055cb43357323190842f98bacf,script,security,"Oracle security, audit, user, role or grants helper: Auditoria.",DESTRUCTIVE,True,['variables'],False,scripts/security/Auditoria.sql
oracle/admin:scripts/security/Privilegios.sql,oracle/admin,scripts/security/Privilegios.sql,.sql,1509,18fdee4ed8509455ed2ba6f0e239b2bce5ddf9fd96975a0f38d52276251aea68,script,security,"Oracle security, audit, user, role or grants helper: Privilegios.",CHANGES,True,"['PRIVILEGE', 'variables']",False,scripts/security/Privilegios.sql
oracle/admin:scripts/security/README.md,oracle/admin,scripts/security/README.md,.md,5345,8664b823afaf5d7f66d3447b822a575199a1cbe99fcda0c1375bbd7db062bedb,documentation,security,oracle/admin security helper: README.,REVIEW,True,[],False,scripts/security/README.md
oracle/admin:scripts/security/audit.sql,oracle/admin,scripts/security/audit.sql,.sql,1728,83c4b033d6675e1fd14c1e0e8e105ba9ae88209df1cb7eb4c2e45e7d01470cbf,script,security,"Oracle security, audit, user, role or grants helper: audit(1).",READ_ONLY,True,['variables'],False,scripts/security/audit.sql
oracle/admin:scripts/security/audit1.sql,oracle/admin,scripts/security/audit1.sql,.sql,1213,83a678542eb1af55bb8bb2a7a150ae94420b09a26021f6d949c46b45d065b366,script,security,"Oracle security, audit, user, role or grants helper: audit1.",READ_ONLY,True,['variables'],False,scripts/security/audit1.sql
oracle/admin:scripts/security/audit_cp_files.sh,oracle/admin,scripts/security/audit_cp_files.sh,.sh,1101,6deef3b3f8d2f5beebbdda55fe39f87937f659651e27864acfddcc9c28aa84a6,script,security,"Oracle security, audit, user, role or grants helper: audit cp files(1).",REVIEW,True,['arg9'],False,scripts/security/audit_cp_files.sh
oracle/admin:scripts/security/audit_unified_enabled_policies.sql,oracle/admin,scripts/security/audit_unified_enabled_policies.sql,.sql,1011,b2e88720d2328c02873610ff4bd0687ba9b72c2e3a0371cce507224ff5382a6b,script,security,"Oracle security, audit, user, role or grants helper: audit unified enabled policies.",READ_ONLY,True,['variables'],False,scripts/security/audit_unified_enabled_policies.sql
oracle/admin:scripts/security/audit_unified_policies.sql,oracle/admin,scripts/security/audit_unified_policies.sql,.sql,1352,0841d4c334d488af55a7020682635177226f9f6ad6b6ac364db4cbbf0d9cbe47,script,security,"Oracle security, audit, user, role or grants helper: audit unified policies.",READ_ONLY,True,['variables'],False,scripts/security/audit_unified_policies.sql
oracle/admin:scripts/security/auditoria_vistas.sql,oracle/admin,scripts/security/auditoria_vistas.sql,.sql,1132,57f243b1b0f3297ce3c7b3b83a861b802f69a8e16756153e0f45ec9268873104,script,security,"Oracle security, audit, user, role or grants helper: auditoria vistas.",READ_ONLY,True,['variables'],False,scripts/security/auditoria_vistas.sql
oracle/admin:scripts/security/cdb_unified_audit_trail.sql,oracle/admin,scripts/security/cdb_unified_audit_trail.sql,.sql,1234,e9e4ce7422aab72585a46433d7b17c9b9a9b8e7270e72511f537af9cd7947652,script,security,"Oracle security, audit, user, role or grants helper: cdb unified audit trail.",READ_ONLY,True,['variables'],False,scripts/security/cdb_unified_audit_trail.sql
oracle/admin:scripts/security/cdb_users.sql,oracle/admin,scripts/security/cdb_users.sql,.sql,1200,559979e1a1ef427ae9b35e0c01281d6be034584ac0f2e0d19bc370031fcf1a63,script,security,"Oracle security, audit, user, role or grants helper: cdb users(1).",READ_ONLY,True,['variables'],False,scripts/security/cdb_users.sql
oracle/admin:scripts/security/copyuser.sql,oracle/admin,scripts/security/copyuser.sql,.sql,2584,7f96e847c5f65e510e26e5323504d613e07c1235353bacc0564a90b6d9b94102,script,security,Script to create a new user (with privs) like an existing,CHANGES,True,"['newname', 'oldname', 'psw']",False,scripts/security/copyuser.sql
oracle/admin:scripts/security/cr_create_user.sql,oracle/admin,scripts/security/cr_create_user.sql,.sql,1040,58fd610142fe4a5d08f89957e29b73f5cbc2e0c575eb4e6fcf12110c59e6387f,script,security,"Oracle security, audit, user, role or grants helper: cr create user.",CHANGES,True,['variables'],False,scripts/security/cr_create_user.sql
oracle/admin:scripts/security/create_policy_unified_audit_db_schema_changes.sql,oracle/admin,scripts/security/create_policy_unified_audit_db_schema_changes.sql,.sql,2622,d19ddbea2415b21109ef08005f8d6398134ac6948277235c9990c16e6efb5a00,script,security,"Oracle security, audit, user, role or grants helper: create policy unified audit db schema changes.",DESTRUCTIVE,True,['variables'],False,scripts/security/create_policy_unified_audit_db_schema_changes.sql
oracle/admin:scripts/security/crs.get.node.role.status.sh,oracle/admin,scripts/security/crs.get.node.role.status.sh,.sh,963,8933ce991c802113487b7a65d5a6395a6b9243a851ab8958fc41ecc0b21a37a7,script,security,"Oracle security, audit, user, role or grants helper: crs get node role status.",REVIEW,True,[],False,scripts/security/crs.get.node.role.status.sh
oracle/admin:scripts/security/db_link_dbms_sys_sql.parse_as_user.sql,oracle/admin,scripts/security/db_link_dbms_sys_sql.parse_as_user.sql,.sql,1550,7786d480d1fa61caf66638412dc40b1533df43e72f4a132317b8f4b720044d18,script,security,"Oracle security, audit, user, role or grants helper: db link dbms sys sql parse as user.",CHANGES,True,['variables'],False,scripts/security/db_link_dbms_sys_sql.parse_as_user.sql
oracle/admin:scripts/security/dba_audit_mgmt_config_params.sql,oracle/admin,scripts/security/dba_audit_mgmt_config_params.sql,.sql,1078,93367b9c2ebeb6fb210470491cd430fd85e3b4282204f76beebbb2440a411917,script,security,"Oracle security, audit, user, role or grants helper: dba audit mgmt config params.",READ_ONLY,True,['variables'],False,scripts/security/dba_audit_mgmt_config_params.sql
oracle/admin:scripts/security/dba_audit_mgmt_last_arch_ts.sql,oracle/admin,scripts/security/dba_audit_mgmt_last_arch_ts.sql,.sql,989,c9f5aa0289afccf22a90b4a672cbb5cbc0d3186a976061b18d613ff29425667d,script,security,"Oracle security, audit, user, role or grants helper: dba audit mgmt last arch ts.",READ_ONLY,True,['variables'],False,scripts/security/dba_audit_mgmt_last_arch_ts.sql
oracle/admin:scripts/security/dba_audit_policies.sql,oracle/admin,scripts/security/dba_audit_policies.sql,.sql,1388,146af1c361b17200326f4f0a18c6e93ad5b60d5d30a24e8826e9038ae1d5a1bb,script,security,"Oracle security, audit, user, role or grants helper: dba audit policies.",READ_ONLY,True,['variables'],False,scripts/security/dba_audit_policies.sql
oracle/admin:scripts/security/dba_audit_trail.sql,oracle/admin,scripts/security/dba_audit_trail.sql,.sql,1807,3d4bf094202399dfd385086b2dd2ed4ba52f9b295a75f657ebc8357ec85b0aa9,script,security,"Oracle security, audit, user, role or grants helper: dba audit trail.",READ_ONLY,True,"['action_name', 'days', 'os_username', 'returncode', 'username', 'variables']",False,scripts/security/dba_audit_trail.sql
oracle/admin:scripts/security/dba_audit_trail_html.sql,oracle/admin,scripts/security/dba_audit_trail_html.sql,.sql,1401,c0820217a95edff582f9024f87a9f12b88224f57bd4cf074dd24c54346838195,script,security,"Oracle security, audit, user, role or grants helper: dba audit trail html.",READ_ONLY,True,['variables'],False,scripts/security/dba_audit_trail_html.sql
oracle/admin:scripts/security/dba_fga_audit_trail.sql,oracle/admin,scripts/security/dba_fga_audit_trail.sql,.sql,1218,f87d7f3069d06164db02e18340d57fd1b5dfd7986d86aba42640560257dfc14f,script,security,"Oracle security, audit, user, role or grants helper: dba fga audit trail.",READ_ONLY,True,['variables'],False,scripts/security/dba_fga_audit_trail.sql
oracle/admin:scripts/security/dba_hist_snapshot_username.sql,oracle/admin,scripts/security/dba_hist_snapshot_username.sql,.sql,2423,235e52d7d797321e0129a6d7f788f152f31555acc3302f56e317beea397c565b,script,security,"Oracle security, audit, user, role or grants helper: dba hist snapshot username.",READ_ONLY,True,"['SNAPF', 'SNAPI', 'days', 'schema', 'variables']",False,scripts/security/dba_hist_snapshot_username.sql
oracle/admin:scripts/security/dba_role_privs.sql,oracle/admin,scripts/security/dba_role_privs.sql,.sql,1605,71225050cb8101a29f01f0bf930389bf20963029d3f963788a66994f0d38d21f,script,security,"Oracle security, audit, user, role or grants helper: dba role privs.",CHANGES,True,"['admin_option', 'default_role', 'granted_role', 'grantee', 'variables']",False,scripts/security/dba_role_privs.sql
oracle/admin:scripts/security/dba_role_privs_x.sql,oracle/admin,scripts/security/dba_role_privs_x.sql,.sql,1060,b80fe8987993ab7dd22b780aaccedbb30d98c796029d32cd396151a61265d323,script,security,"Oracle security, audit, user, role or grants helper: dba role privs x (1).",READ_ONLY,True,"['ROLE', 'variables']",False,scripts/security/dba_role_privs_x.sql
oracle/admin:scripts/security/dba_roles.sql,oracle/admin,scripts/security/dba_roles.sql,.sql,950,f951eb2316bfd14b41fa5495b3b24bd097ae9a055aba1d27c355220d179c8d5d,script,security,"Oracle security, audit, user, role or grants helper: dba roles.",READ_ONLY,True,"['role', 'variables']",False,scripts/security/dba_roles.sql
oracle/admin:scripts/security/dba_rsrc_consumer_group_privs.sql,oracle/admin,scripts/security/dba_rsrc_consumer_group_privs.sql,.sql,1194,96fc2d59401488b9aaf8641f1d56cfd5f535065c29203e7170add88327c96d8a,script,security,"Oracle security, audit, user, role or grants helper: dba rsrc consumer group privs.",READ_ONLY,True,['variables'],False,scripts/security/dba_rsrc_consumer_group_privs.sql
oracle/admin:scripts/security/dba_sys_privs.sql,oracle/admin,scripts/security/dba_sys_privs.sql,.sql,1464,2a3cde37677bdeafedcc18c4f3c4c13cac90f60ba18b04047ad99a8949bfa84d,script,security,"Oracle security, audit, user, role or grants helper: dba sys privs.",CHANGES,True,"['admin_option', 'grantee', 'privilege', 'variables']",False,scripts/security/dba_sys_privs.sql
oracle/admin:scripts/security/dba_sys_privs_x.sql,oracle/admin,scripts/security/dba_sys_privs_x.sql,.sql,1415,5a59bba7290fa76b57f8622eea371b005b3acf041877cc328f00ea12a6abe4fc,script,security,"Oracle security, audit, user, role or grants helper: dba sys privs x.",CHANGES,True,"['admin_option', 'grantee', 'privilege', 'variables']",False,scripts/security/dba_sys_privs_x.sql
oracle/admin:scripts/security/dba_tab_privs.sql,oracle/admin,scripts/security/dba_tab_privs.sql,.sql,1718,6b885989de8ea26f52f6c673d9c39599f8f7c6141f50bf1225a7ad01f8518e03,script,security,"Oracle security, audit, user, role or grants helper: dba tab privs.",CHANGES,True,"['grantable', 'grantee', 'grantor', 'owner', 'privilege', 'table_name', 'variables']",False,scripts/security/dba_tab_privs.sql
oracle/admin:scripts/security/dba_tab_privs_x.sql,oracle/admin,scripts/security/dba_tab_privs_x.sql,.sql,1334,74e914e20144326ba487710d7a3e338a1343cdd0158cb279b5356cc9b9c2e65f,script,security,"Oracle security, audit, user, role or grants helper: dba tab privs x.",READ_ONLY,True,"['grantable', 'grantee', 'grantor', 'owner', 'privilege', 'table_name', 'variables']",False,scripts/security/dba_tab_privs_x.sql
oracle/admin:scripts/security/dba_tab_privs_xd.sql,oracle/admin,scripts/security/dba_tab_privs_xd.sql,.sql,1222,38b868c8a393500e4734b27b90d820c40c90bda5ac3aef89242a947f148f1697,script,security,"Oracle security, audit, user, role or grants helper: dba tab privs xd.",READ_ONLY,True,"['GRANTEE', 'USUARIO', 'usuario', 'variables']",False,scripts/security/dba_tab_privs_xd.sql
oracle/admin:scripts/security/dba_users.sql,oracle/admin,scripts/security/dba_users.sql,.sql,1869,e38f5aaf6d61de2ca8aa3346d0ea3362ff4f79cda2e6093af3fa6438305682dc,script,security,"Oracle security, audit, user, role or grants helper: dba users.",DESTRUCTIVE,True,"['username', 'variables']",False,scripts/security/dba_users.sql
oracle/admin:scripts/security/dba_users_password_changed.sql,oracle/admin,scripts/security/dba_users_password_changed.sql,.sql,1187,1fc84e036a53561f7ad2c8b6ee213c7a1515ebf2df82e0cc90f0c6f4490a2ce9,script,security,"Oracle security, audit, user, role or grants helper: dba users password changed.",READ_ONLY,True,"['sysdate', 'username', 'variables']",False,scripts/security/dba_users_password_changed.sql
oracle/admin:scripts/security/dba_users_x.sql,oracle/admin,scripts/security/dba_users_x.sql,.sql,1373,891f63450dfc61f2543319444c4963ba6be369231c4e95d6cf6a8d3a86259aba,script,security,"Oracle security, audit, user, role or grants helper: dba users x.",READ_ONLY,True,"['usuario', 'variables']",False,scripts/security/dba_users_x.sql
oracle/admin:scripts/security/depura_orabpel_audit.sh,oracle/admin,scripts/security/depura_orabpel_audit.sh,.sh,5295,ecf4ff96eaedcef751999c758515e7e57108fa6f3e12580be0daa70461e3f2ae,script,security,"Oracle security, audit, user, role or grants helper: depura orabpel audit.",DESTRUCTIVE,True,"['AMBIENTE', 'CRITICAL', 'DATFILE', 'HOST', 'MAIL_DBAS', 'MAIL_MSG', 'MAIL_OPERADORES', 'MAIL_TO', 'NOTIFICATION', 'ORACLE_SID', 'TIPO', 'TMPFILE', 'WARNING', 'arg1', 'arg2', 'arg3', 'arg4']",False,scripts/security/depura_orabpel_audit.sh
oracle/admin:scripts/security/drop_user_cascade.sql,oracle/admin,scripts/security/drop_user_cascade.sql,.sql,2225,4291fc1a8f7b6d88f4720aed21fd5f4c2487fe439019e67329cf91a49ea1146f,script,security,"Oracle security, audit, user, role or grants helper: drop user cascade.",DESTRUCTIVE,True,"['OWNER', 'variables']",False,scripts/security/drop_user_cascade.sql
oracle/admin:scripts/security/drop_user_cascade_new.sql,oracle/admin,scripts/security/drop_user_cascade_new.sql,.sql,2510,d039aed8450910bd127bb9e789cab0089f07adc72898cf608d207e6ec4ea5545,script,security,"Oracle security, audit, user, role or grants helper: drop user cascade new.",DESTRUCTIVE,True,"['OWNER', 'variables']",False,scripts/security/drop_user_cascade_new.sql
oracle/admin:scripts/security/enable_trace_role_plustrace.sql,oracle/admin,scripts/security/enable_trace_role_plustrace.sql,.sql,1274,e9426ff64c650f9c9f53518b37cd9f895e07f4b2d54eeb896660e09f409a0a4c,script,security,"Oracle security, audit, user, role or grants helper: enable trace role plustrace.",CHANGES,True,['variables'],False,scripts/security/enable_trace_role_plustrace.sql
oracle/admin:scripts/security/get_ddl_indexes_grants.sql,oracle/admin,scripts/security/get_ddl_indexes_grants.sql,.sql,1986,5c51a1605febe09b40fb12694354f37d2901fa91f013d5254b8845a6a68846de,script,security,"Oracle security, audit, user, role or grants helper: get ddl indexes grants.",CHANGES,True,"['OWNER', 'TABLE_NAME', 'owner', 'table_name', 'variables']",False,scripts/security/get_ddl_indexes_grants.sql
oracle/admin:scripts/security/get_ddl_user.sql,oracle/admin,scripts/security/get_ddl_user.sql,.sql,1740,46a6e011a6c181d6f17c90f33f110a45e431825e3050a36757972cd810c4e8c7,script,security,"Oracle security, audit, user, role or grants helper: get ddl user.",CHANGES,True,"['username', 'variables']",False,scripts/security/get_ddl_user.sql
oracle/admin:scripts/security/grant_all_readonly.sql,oracle/admin,scripts/security/grant_all_readonly.sql,.sql,1392,02a42d0ecd41de9290bf94ce56819dbaf3c91081867e29325437ac90490e59fd,script,security,"Oracle security, audit, user, role or grants helper: grant all readonly.",CHANGES,True,"['grantee', 'owner', 'variables']",False,scripts/security/grant_all_readonly.sql
oracle/admin:scripts/security/grants_all.sql,oracle/admin,scripts/security/grants_all.sql,.sql,2094,6748f0deefd1965d3df61d490e88be15db7d356c10327d523c4ee3990e17acfe,script,security,"Oracle security, audit, user, role or grants helper: grants all.",DESTRUCTIVE,True,"['grantee', 'owner', 'variables']",False,scripts/security/grants_all.sql
oracle/admin:scripts/security/grants_obj_esquema_users.sql,oracle/admin,scripts/security/grants_obj_esquema_users.sql,.sql,1603,395dcf149c70bb636e274d10cb67e355cbdbfc5aca00182c28619f6971cb6968,script,security,oracle/admin security helper: grants obj esquema users.,CHANGES,True,['SCHEMA'],False,scripts/security/grants_obj_esquema_users.sql
oracle/admin:scripts/security/iduser.sql,oracle/admin,scripts/security/iduser.sql,.sql,1284,c38b811a78772fe668be08c0cd8baf845049dccd33c44a0a950729a025b91611,script,security,"Oracle security, audit, user, role or grants helper: iduser.",READ_ONLY,True,"['MI', 'SS', 'variables']",False,scripts/security/iduser.sql
oracle/admin:scripts/security/iduser1.sql,oracle/admin,scripts/security/iduser1.sql,.sql,1290,cb00fe9450c2c2142ad3fba03f9e7c0a7d1139b3571ce240b03034b93745fff5,script,security,"Oracle security, audit, user, role or grants helper: iduser1.",READ_ONLY,True,"['MI', 'SS', 'variables']",False,scripts/security/iduser1.sql
oracle/admin:scripts/security/iduser2.sql,oracle/admin,scripts/security/iduser2.sql,.sql,1375,291dc902919bf0878062c85bef1e79a9e9ec84eac2163018cbe19b9570168257,script,security,"Oracle security, audit, user, role or grants helper: iduser2.",DESTRUCTIVE,True,"['MI', 'SS', 'variables']",False,scripts/security/iduser2.sql
oracle/admin:scripts/security/listener_log_grep_users_host.sh,oracle/admin,scripts/security/listener_log_grep_users_host.sh,.sh,1498,85ccdb02c4eca677a4d9d54ea5737b07972f2bd20ad614108c8e76c3d8650c28,script,security,"Oracle security, audit, user, role or grants helper: listener log grep users host.",REVIEW,True,"['HOST', 'ORASID', 'PROGRAM', 'USER', 'arg1']",False,scripts/security/listener_log_grep_users_host.sh
oracle/admin:scripts/security/mem_by_users.sh,oracle/admin,scripts/security/mem_by_users.sh,.sh,1124,c596df8e8eacfa3c2b610ec18e96f2a7077444609b63f6d9271dfac7875c5cc9,script,security,"Oracle security, audit, user, role or grants helper: mem by users.",REVIEW,True,"['arg1', 'arg2']",False,scripts/security/mem_by_users.sh
oracle/admin:scripts/security/owb_runtime.wb_rt_audit_etl_udt_suc_4.sql,oracle/admin,scripts/security/owb_runtime.wb_rt_audit_etl_udt_suc_4.sql,.sql,3545,cc1d8728f49e4301f51ca7d31933b026ffd68f2b17f5d00646efd501e0a5afc2,script,security,"Oracle security, audit, user, role or grants helper: owb runtime wb rt audit etl udt suc 4.",READ_ONLY,True,['variables'],False,scripts/security/owb_runtime.wb_rt_audit_etl_udt_suc_4.sql
oracle/admin:scripts/security/pga_by_users.sql,oracle/admin,scripts/security/pga_by_users.sql,.sql,1931,eee087a6af00d467da96f411c85cf2e5cd80ff61fcde9f8588292dc93a0336f7,script,security,"Oracle security, audit, user, role or grants helper: pga by users.",DESTRUCTIVE,True,"['MI', 'SS', 'variables']",False,scripts/security/pga_by_users.sql
oracle/admin:scripts/security/ps_mon_chklist_det_history_guser.sql,oracle/admin,scripts/security/ps_mon_chklist_det_history_guser.sql,.sql,1992,34f5b56fa20207401e1be7eec98d0a397b97fcc406f07e53ba44db4185f5fe73,script,security,"Oracle security, audit, user, role or grants helper: ps mon chklist det history guser.",CHANGES,True,"['btime', 'etime', 'spool_name', 'variables']",False,scripts/security/ps_mon_chklist_det_history_guser.sql
oracle/admin:scripts/security/role_privs_x.sql,oracle/admin,scripts/security/role_privs_x.sql,.sql,1973,0d71954cba1ee8652b60513ac924e0f463822ad20bbd576e03724d0e18f6c018,script,security,oracle/admin security helper: role privs x.,READ_ONLY,True,['ROLE'],False,scripts/security/role_privs_x.sql
oracle/admin:scripts/security/role_sys_privs.sql,oracle/admin,scripts/security/role_sys_privs.sql,.sql,1189,b56f644c5a6f341b941d2df131a7f792d43ba910ce6699f237d959c5436efed6,script,security,"Oracle security, audit, user, role or grants helper: role sys privs.",READ_ONLY,True,"['admin_option', 'privilege', 'role', 'variables']",False,scripts/security/role_sys_privs.sql
oracle/admin:scripts/security/role_tab_privs.sql,oracle/admin,scripts/security/role_tab_privs.sql,.sql,1283,613e36ebf9a3964a1c8e6586d71652c658d0f81d879f33c7012cb4051404838e,script,security,"Oracle security, audit, user, role or grants helper: role tab privs.",READ_ONLY,True,"['column_name', 'grantable', 'owner', 'privilege', 'role', 'table_name', 'variables']",False,scripts/security/role_tab_privs.sql
oracle/admin:scripts/security/roleprivs.sql,oracle/admin,scripts/security/roleprivs.sql,.sql,1028,dbe02ed5978824028d9f704651f0380a9936a2dfbb3a4581cdb2fb7def51604c,script,security,"Oracle security, audit, user, role or grants helper: roleprivs.",READ_ONLY,True,['variables'],False,scripts/security/roleprivs.sql
oracle/admin:scripts/security/roles_usuariosxrol.sql,oracle/admin,scripts/security/roles_usuariosxrol.sql,.sql,1391,db35114bb1c6698bbf28d7df23b6f17111cf2bf9920ad5cec9d7c7c7d5e93087,script,security,oracle/admin security helper: roles usuariosxrol.,READ_ONLY,True,['ROL'],False,scripts/security/roles_usuariosxrol.sql
oracle/admin:scripts/security/selectGRANTs.sql,oracle/admin,scripts/security/selectGRANTs.sql,.sql,1152,b918347fb07c4c22e7d1c6a78417112b64d9a006f1c395bccc73d0fb58efcbc1,script,security,"Oracle security, audit, user, role or grants helper: selectGRANTs.",READ_ONLY,True,"['LOWNER', 'TNAME', 'variables']",False,scripts/security/selectGRANTs.sql
oracle/admin:scripts/security/show_user_mem_usage.sh,oracle/admin,scripts/security/show_user_mem_usage.sh,.sh,1252,1991ad18c0cd6990eda03ac1594a5d36f59bd756a4ec13b160bbd9bc4dbd6326,script,security,"Oracle security, audit, user, role or grants helper: show user mem usage.",READ_ONLY,True,"['arg1', 'arg4']",False,scripts/security/show_user_mem_usage.sh
oracle/admin:scripts/security/sqlarea_user_io_w_time.sql,oracle/admin,scripts/security/sqlarea_user_io_w_time.sql,.sql,1260,f07ee6492bd75f5412dc6aedd537b9ef4b426fc2f02b51bcb6e9cc5cb8ea2001,script,security,"Oracle security, audit, user, role or grants helper: sqlarea user io w time.",READ_ONLY,True,['variables'],False,scripts/security/sqlarea_user_io_w_time.sql
oracle/admin:scripts/security/sysprivs.sql,oracle/admin,scripts/security/sysprivs.sql,.sql,1143,d2c8a7eb414333676fb6480794e65157c5000836dd73e99cbfddc758bceaaa2e,script,security,"Oracle security, audit, user, role or grants helper: sysprivs.",READ_ONLY,True,['variables'],False,scripts/security/sysprivs.sql
oracle/admin:scripts/security/system_privilege_map.sql,oracle/admin,scripts/security/system_privilege_map.sql,.sql,1231,1c13072783afaf39a20a2afe585f5b4434e2783e483aa4b1585b354036676be8,script,security,"Oracle security, audit, user, role or grants helper: system privilege map.",READ_ONLY,True,['variables'],False,scripts/security/system_privilege_map.sql
oracle/admin:scripts/security/tabprivs.sql,oracle/admin,scripts/security/tabprivs.sql,.sql,1193,2d49d20c374f3ae2e46ee9cc98c77781932c97c8a58ba1a415b15de6d24324b1,script,security,"Oracle security, audit, user, role or grants helper: tabprivs.",READ_ONLY,True,['variables'],False,scripts/security/tabprivs.sql
oracle/admin:scripts/security/temp_x_user.sql,oracle/admin,scripts/security/temp_x_user.sql,.sql,1272,4810300733c85c71a91e2b10b7c55d3c92fc8621e136ba5264d7f94a3466770c,script,security,"Oracle security, audit, user, role or grants helper: temp x user.",READ_ONLY,True,['variables'],False,scripts/security/temp_x_user.sql
oracle/admin:scripts/security/truncate_audit_execution_tables_10_1.sql,oracle/admin,scripts/security/truncate_audit_execution_tables_10_1.sql,.sql,3707,477046cba746e732ba8b08617220b59ec4d741aefe8546d13c7e9d311645e26a,script,security,"Oracle security, audit, user, role or grants helper: truncate audit execution tables 10 1.",DESTRUCTIVE,True,['variables'],False,scripts/security/truncate_audit_execution_tables_10_1.sql
oracle/admin:scripts/security/truncate_audit_execution_tables_10_2.sql,oracle/admin,scripts/security/truncate_audit_execution_tables_10_2.sql,.sql,4003,4aa9676e3c9a4acf82c0fe1144d03dd9b018ffc28b1bbd420f32b9840cc526c3,script,security,"Oracle security, audit, user, role or grants helper: truncate audit execution tables 10 2.",DESTRUCTIVE,True,['variables'],False,scripts/security/truncate_audit_execution_tables_10_2.sql
oracle/admin:scripts/security/undo_xuser.sql,oracle/admin,scripts/security/undo_xuser.sql,.sql,2106,4b8acb7e387d78e90b33d381b8d24a371629924e8e0b85b783ccf4c7a0736e12,script,security,oracle/admin security helper: undo xuser.,READ_ONLY,True,[],False,scripts/security/undo_xuser.sql
oracle/admin:scripts/security/unified_audit_policies_examples.sql,oracle/admin,scripts/security/unified_audit_policies_examples.sql,.sql,1652,631f5cd0889ef88cb0f2c1e6d20cdcfebb7bf15aab8992e3b6a775e859ec42c1,script,security,"Oracle security, audit, user, role or grants helper: unified audit policies examples.",DESTRUCTIVE,True,['variables'],False,scripts/security/unified_audit_policies_examples.sql
oracle/admin:scripts/security/unified_audit_trail.sql,oracle/admin,scripts/security/unified_audit_trail.sql,.sql,1335,8c1bcc55dda96b0489a6dc380de2201d7c47878da41c90ce0fc8e6b99fc9ea22,script,security,"Oracle security, audit, user, role or grants helper: unified audit trail.",DESTRUCTIVE,True,['variables'],False,scripts/security/unified_audit_trail.sql
oracle/admin:scripts/security/user.sql,oracle/admin,scripts/security/user.sql,.sql,1073,d1012a35d09f97b551f20c5b200ce4e25ad652ed1c813fa9318f6edf19209026,script,security,"Oracle security, audit, user, role or grants helper: user.",READ_ONLY,True,['variables'],False,scripts/security/user.sql
oracle/admin:scripts/security/user_base_table.sql,oracle/admin,scripts/security/user_base_table.sql,.sql,1003,b9abbe8c5bc42c6aaab367a5266d1287d3f6bf7fa8a98baa6ad6b98125312359,script,security,"Oracle security, audit, user, role or grants helper: user$.",READ_ONLY,True,"['name', 'variables']",False,scripts/security/user_base_table.sql
oracle/admin:scripts/security/user_clone.sql,oracle/admin,scripts/security/user_clone.sql,.sql,2821,905641086899b5c618c1dbe56daf9781e97389b69fe6f2795b821a7d60561fe1,script,security,oracle/admin security helper: user clone.,CHANGES,True,"['newuser', 'passwd', 'poo', 'userid']",False,scripts/security/user_clone.sql
oracle/admin:scripts/security/user_conf.sql,oracle/admin,scripts/security/user_conf.sql,.sql,2024,feb78028c9297dbd7b465e20f4be3212ca950a615946452b3d69479e7bcf96cb,script,security,oracle/admin security helper: user conf.,READ_ONLY,True,['userid'],False,scripts/security/user_conf.sql
oracle/admin:scripts/security/user_deps_obj.sql,oracle/admin,scripts/security/user_deps_obj.sql,.sql,2151,3505ed7ad479870f3f0f72ff6692e0e5e76ba7bccb8bd12e76268af1082c428c,script,security,oracle/admin security helper: user deps obj.,READ_ONLY,True,['owner'],False,scripts/security/user_deps_obj.sql
oracle/admin:scripts/security/user_deps_obj_x.sql,oracle/admin,scripts/security/user_deps_obj_x.sql,.sql,2124,78b5b650e76dad9aa0ac0d0eddf70ead21dac356ac98a302bf6450a49c650698,script,security,oracle/admin security helper: user deps obj x.,READ_ONLY,True,"['OBJ', 'OWNER', 'owner']",False,scripts/security/user_deps_obj_x.sql
oracle/admin:scripts/security/user_obj_grants.sql,oracle/admin,scripts/security/user_obj_grants.sql,.sql,5098,2ab6e8b95ad31b6e259fc075c4a06a3fde9148cf78e1374db7c3cfb89b750338,script,security,oracle/admin security helper: user obj grants.,READ_ONLY,True,['usuario'],False,scripts/security/user_obj_grants.sql
oracle/admin:scripts/security/user_recrea.sql,oracle/admin,scripts/security/user_recrea.sql,.sql,4497,1b5d72911e2246dd77e7bb32f7c0048fef8a2d80c34b0e16ab04a4d939263c1b,script,security,oracle/admin security helper: user recrea.,DESTRUCTIVE,True,"['direc', 'mi', 'ss', 'userid']",False,scripts/security/user_recrea.sql
oracle/admin:scripts/security/user_segments.sql,oracle/admin,scripts/security/user_segments.sql,.sql,1618,eac199bf0b940522a6c8715925ec926154f470cc41b3571c2d1cd3a2add1ad9b,script,security,"Oracle security, audit, user, role or grants helper: user segments.",DESTRUCTIVE,True,"['gb', 'partition_mame', 'segment_name', 'segment_type', 'tablespace_name', 'variables']",False,scripts/security/user_segments.sql
oracle/admin:scripts/security/user_sql_trace.sql,oracle/admin,scripts/security/user_sql_trace.sql,.sql,1149,baebcfd823d82ec0e9b09a2372cd06a134b204e104f5716ffe5d9e3ff8909ac3,script,security,"Oracle security, audit, user, role or grants helper: user sql trace.",CHANGES,True,['variables'],False,scripts/security/user_sql_trace.sql
oracle/admin:scripts/storage/README.md,oracle/admin,scripts/storage/README.md,.md,3801,d16ffd03cdcfcb38d4bbc972c09abc1fd5d79694c2c0eb9f4e20b4e0e25af84d,documentation,storage,oracle/admin storage helper: README.,REVIEW,True,[],False,scripts/storage/README.md
oracle/admin:scripts/storage/acfs_create.sh,oracle/admin,scripts/storage/acfs_create.sh,.sh,4253,f997eba08113ac9b474e6391e9c26b9362bc0b7220c0b3baa357350bdf544ee8,script,storage,"Oracle storage, ASM, ACFS or tablespace helper: acfs create.",CHANGES,True,"['ORACLE_HOME', 'ORACLE_SID', 'PATH']",False,scripts/storage/acfs_create.sh
oracle/admin:scripts/storage/acfs_drop.sh,oracle/admin,scripts/storage/acfs_drop.sh,.sh,3338,be2382c1bb8a94c750e3e83d783347d5898769d78b7a33dc0d6649421a85c048,script,storage,"Oracle storage, ASM, ACFS or tablespace helper: acfs drop.",DESTRUCTIVE,True,[],False,scripts/storage/acfs_drop.sh
oracle/admin:scripts/storage/acfs_mount.sh,oracle/admin,scripts/storage/acfs_mount.sh,.sh,1964,7a76075041383cda3519ac07924762d5b2cf3c144e2d69ee207568a85544025e,script,storage,"Oracle storage, ASM, ACFS or tablespace helper: acfs mount.",CHANGES,True,[],False,scripts/storage/acfs_mount.sh
oracle/admin:scripts/storage/acfs_resize.sh,oracle/admin,scripts/storage/acfs_resize.sh,.sh,905,a51d1c4a85e537ecc4802979b6ffbb4d375263867074eb667a06928b23e73d01,script,storage,"Oracle storage, ASM, ACFS or tablespace helper: acfs resize.",REVIEW,True,[],False,scripts/storage/acfs_resize.sh
oracle/admin:scripts/storage/acfs_throubleshooting.sh,oracle/admin,scripts/storage/acfs_throubleshooting.sh,.sh,23680,ed8cd016a5791d8b55681587e31ffe24bc75ac39e1a2295e767f1b5a1fe2866d,script,storage,"Oracle storage, ASM, ACFS or tablespace helper: acfs throubleshooting.",READ_ONLY,True,[],False,scripts/storage/acfs_throubleshooting.sh
oracle/admin:scripts/storage/acfs_volinfo.sh,oracle/admin,scripts/storage/acfs_volinfo.sh,.sh,896,ab117e200c22304122ea8d1ad8602c8a2859b72a31684fd7810ebdf2eff7f4e5,script,storage,"Oracle storage, ASM, ACFS or tablespace helper: acfs volinfo.",REVIEW,True,[],False,scripts/storage/acfs_volinfo.sh
oracle/admin:scripts/storage/afd_asmlib.sh,oracle/admin,scripts/storage/afd_asmlib.sh,.sh,2141,0f42a29328216c2bebacbcfa8122f08df8e0cb2edf14f65f6cc951e2683677e7,script,storage,"Oracle storage, ASM, ACFS or tablespace helper: afd asmlib.",REVIEW,True,"['ACL', 'grid', 'oinstall', 'rwx']",False,scripts/storage/afd_asmlib.sh
oracle/admin:scripts/storage/afd_asmlib_unlabel.sh,oracle/admin,scripts/storage/afd_asmlib_unlabel.sh,.sh,1348,cd19094ea2136125ec04c1a0582a575bb4ef25d2ce10058ed7dcba20c95b0846,script,storage,"Oracle storage, ASM, ACFS or tablespace helper: afd asmlib unlabel.",REVIEW,True,[],False,scripts/storage/afd_asmlib_unlabel.sh
oracle/admin:scripts/storage/asfs.acfsutil.info.sh,oracle/admin,scripts/storage/asfs.acfsutil.info.sh,.sh,918,7084cb2589533d126bd90ee948ce092d157a184523bc6aae4f29b424f4bdc223,script,storage,"Oracle storage, ASM, ACFS or tablespace helper: asfs acfsutil info(1).",REVIEW,True,[],False,scripts/storage/asfs.acfsutil.info.sh
oracle/admin:scripts/storage/asm.pwmove.sh,oracle/admin,scripts/storage/asm.pwmove.sh,.sh,931,f5a981c68d5d61fd05f8789dfb1e63df38f5926c2917343c73f8c1493a9d7976,script,storage,"Oracle storage, ASM, ACFS or tablespace helper: asm pwmove(1).",REVIEW,True,[],False,scripts/storage/asm.pwmove.sh
oracle/admin:scripts/storage/asm_adddisk_asmlib.sh,oracle/admin,scripts/storage/asm_adddisk_asmlib.sh,.sh,1405,869df190d3280482fc9c5559b1fdc2313c37ebb0e1392c4045afaa24c2888947,script,storage,"Oracle storage, ASM, ACFS or tablespace helper: asm adddisk asmlib(1).",CHANGES,True,['DATA013'],False,scripts/storage/asm_adddisk_asmlib.sh
oracle/admin:scripts/storage/asm_attribute.sql,oracle/admin,scripts/storage/asm_attribute.sql,.sql,1063,e92515f343f568618298e93e7aae5c88b8dccf4cbf620d3761ce1f0a6ffc8821,script,storage,"Oracle storage, ASM, ACFS or tablespace helper: asm attribute.",READ_ONLY,True,['variables'],False,scripts/storage/asm_attribute.sql
oracle/admin:scripts/storage/asm_cp.sh,oracle/admin,scripts/storage/asm_cp.sh,.sh,986,8c44916c2bd6f2f513dad1594332b374353b3d1d674b7bb37a17a63cdc59efa5,script,storage,"Oracle storage, ASM, ACFS or tablespace helper: asm cp(1).",REVIEW,True,['DBI_TRACE'],False,scripts/storage/asm_cp.sh
oracle/admin:scripts/storage/asm_dg.sql,oracle/admin,scripts/storage/asm_dg.sql,.sql,1421,ba3e1a5a96ae6d8f3813d45d070d82994f0f0326c1311b568150d064acef3393,script,storage,"Oracle storage, ASM, ACFS or tablespace helper: asm dg.",READ_ONLY,True,"['dg', 'variables']",False,scripts/storage/asm_dg.sql
oracle/admin:scripts/storage/asm_dg2.sql,oracle/admin,scripts/storage/asm_dg2.sql,.sql,1543,41190367c957a5162309619f6c83af05a30104c569693953d2aa2049db2ce3f9,script,storage,"Oracle storage, ASM, ACFS or tablespace helper: asm dg2.",READ_ONLY,True,"['dg', 'variables']",False,scripts/storage/asm_dg2.sql
oracle/admin:scripts/storage/asm_disk.sql,oracle/admin,scripts/storage/asm_disk.sql,.sql,1563,5e81f027900bc40e64a8cbf1cb722ec8477a8acf9f0ea569ab9c3e1a49ef79eb,script,storage,"Oracle storage, ASM, ACFS or tablespace helper: asm disk.",READ_ONLY,True,"['dg', 'variables']",False,scripts/storage/asm_disk.sql
oracle/admin:scripts/storage/asm_disk_balanced.sql,oracle/admin,scripts/storage/asm_disk_balanced.sql,.sql,1337,561f5c6d0ad419532dbb1e3c1ce908e1cb29f5aba5c618c7e31aac9bc6994b2c,script,storage,"Oracle storage, ASM, ACFS or tablespace helper: asm disk balanced.",READ_ONLY,True,"['DG', 'variables']",False,scripts/storage/asm_disk_balanced.sql
oracle/admin:scripts/storage/asm_disk_iostat.sql,oracle/admin,scripts/storage/asm_disk_iostat.sql,.sql,3319,87f5ed19ae7b5b23312484bdb0f2b62f1f854abfb42a4aeea73df148fbfcd944,script,storage,"Oracle storage, ASM, ACFS or tablespace helper: asm disk iostat(1).",DESTRUCTIVE,True,"['INST_ID', 'variables']",False,scripts/storage/asm_disk_iostat.sql
oracle/admin:scripts/storage/asm_disk_stat_balanced.sql,oracle/admin,scripts/storage/asm_disk_stat_balanced.sql,.sql,2046,08574b48a14d10b50481439399a9465d90c3d0fb0480738cce79f564d27f9e8e,script,storage,"Oracle storage, ASM, ACFS or tablespace helper: asm disk stat balanced.",READ_ONLY,True,['variables'],False,scripts/storage/asm_disk_stat_balanced.sql
oracle/admin:scripts/storage/asm_diskgroup.sql,oracle/admin,scripts/storage/asm_diskgroup.sql,.sql,1553,9b922aa5cfbab1fc3f9f683e0374970dea7704fc18e81cdf19021751980dc35d,script,storage,"Oracle storage, ASM, ACFS or tablespace helper: asm diskgroup.",READ_ONLY,True,['variables'],False,scripts/storage/asm_diskgroup.sql
oracle/admin:scripts/storage/asm_disks.sql,oracle/admin,scripts/storage/asm_disks.sql,.sql,1510,c4621911fa1df578d29405c5e5f1eab4d488666edcd6fd99a7990e84d7b9ab4a,script,storage,"Oracle storage, ASM, ACFS or tablespace helper: asm disks.",READ_ONLY,True,"['dg', 'variables']",False,scripts/storage/asm_disks.sql
oracle/admin:scripts/storage/asm_disks_dg.sql,oracle/admin,scripts/storage/asm_disks_dg.sql,.sql,1365,a9d839c6ddc1a75e2d097765b3f0eedb2378a60f528f39536864120e4a5c481a,script,storage,"Oracle storage, ASM, ACFS or tablespace helper: asm disks dg.",READ_ONLY,True,"['dg', 'variables']",False,scripts/storage/asm_disks_dg.sql
oracle/admin:scripts/storage/asm_get_formatted_metadata.sql,oracle/admin,scripts/storage/asm_get_formatted_metadata.sql,.sql,6100,5429c292ff1f2d31de4eb4bd7e78642d22f4bd12c39456aefac59fe08df5b3b8,script,storage,"Oracle storage, ASM, ACFS or tablespace helper: asm get formatted metadata(1).",CHANGES,True,"['MI', 'NLS_DATE_FORMAT', 'SS', 'variables']",False,scripts/storage/asm_get_formatted_metadata.sql
oracle/admin:scripts/storage/asm_healthcheck.sql,oracle/admin,scripts/storage/asm_healthcheck.sql,.sql,9943,b84456ef6e9cd986bbd5390797a84bde4b0efacdcdfe1bc622b5671a15b248ba,script,storage,"Oracle storage, ASM, ACFS or tablespace helper: asm healthcheck(1).",DESTRUCTIVE,True,"['asm_disk', 'asm_diskgroup', 'variables']",False,scripts/storage/asm_healthcheck.sql
oracle/admin:scripts/storage/asm_io.sql,oracle/admin,scripts/storage/asm_io.sql,.sql,1965,3b7bfa3616de145ddd97987302fd1c3ce34b3c05c0a104b5c5b1222817cd7471,script,storage,"Oracle storage, ASM, ACFS or tablespace helper: asm io.",READ_ONLY,True,['variables'],False,scripts/storage/asm_io.sql
oracle/admin:scripts/storage/asm_list_files.sql,oracle/admin,scripts/storage/asm_list_files.sql,.sql,1983,dbd3cfc5de57c189393d267a3ebfa094c63f33b929f09990304109ea9a2ba2df,script,storage,"Oracle storage, ASM, ACFS or tablespace helper: asm list files.",READ_ONLY,True,['variables'],False,scripts/storage/asm_list_files.sql
oracle/admin:scripts/storage/asm_op.sql,oracle/admin,scripts/storage/asm_op.sql,.sql,1241,73226e185d963f9a620d1d300ddc96b285299bb499579e224d4c2ea2c1574d31,script,storage,"Oracle storage, ASM, ACFS or tablespace helper: asm op.",READ_ONLY,True,['variables'],False,scripts/storage/asm_op.sql
oracle/admin:scripts/storage/asm_operation.sql,oracle/admin,scripts/storage/asm_operation.sql,.sql,1068,e24275b0ceb3308dbbf3556cf49a82a2fec1713ad6475e74a4ffd010258e0daf,script,storage,"Oracle storage, ASM, ACFS or tablespace helper: asm operation.",READ_ONLY,True,['variables'],False,scripts/storage/asm_operation.sql
oracle/admin:scripts/storage/asm_status.sql,oracle/admin,scripts/storage/asm_status.sql,.sql,2794,2887592c54c47c9a2c68cbff19eff3be53100ae13eba3e42a1be945365706880,script,storage,"Oracle storage, ASM, ACFS or tablespace helper: asm status.",READ_ONLY,True,['variables'],False,scripts/storage/asm_status.sql
oracle/admin:scripts/storage/asmcmd_clustermode.sh,oracle/admin,scripts/storage/asmcmd_clustermode.sh,.sh,915,85e418227b67621270ab80cc3d7ab5c95b30fce98befa39af775048842456a5f,script,storage,"Oracle storage, ASM, ACFS or tablespace helper: asmcmd clustermode.",REVIEW,True,[],False,scripts/storage/asmcmd_clustermode.sh
oracle/admin:scripts/storage/asmcmd_script.sh,oracle/admin,scripts/storage/asmcmd_script.sh,.sh,7404,f0f20ccf2641448432baa51bcc4bfa756d4ebb11bb61ffa308e6a264312dc371,script,storage,"Oracle storage, ASM, ACFS or tablespace helper: asmcmd script(1).",REVIEW,True,[],False,scripts/storage/asmcmd_script.sh
oracle/admin:scripts/storage/asmdu.sh,oracle/admin,scripts/storage/asmdu.sh,.sh,1930,2c00920b36cb45629d201226096dc06dc70a2ec561ccd456859b62e1d0bb0ac6,script,storage,"Oracle storage, ASM, ACFS or tablespace helper: asmdu(1).",REVIEW,True,"['arg1', 'arg2', 'arg3']",False,scripts/storage/asmdu.sh
oracle/admin:scripts/storage/asmdu2.sh,oracle/admin,scripts/storage/asmdu2.sh,.sh,12743,d740f644fcc470424834e61f651a79023868f879ef607e885f6238f00b7d34a5,script,storage,oracle/admin storage helper: asmdu2.,DESTRUCTIVE,True,"['COLOR', 'CRITICAL', 'DEFAULT_NOCOLOR', 'DEFAULT_UNIT', 'DEFAULT_VERBOSE', 'DIVIDER', 'END_COLOR', 'NOCOLOR', 'OLD_SID', 'ORACLE_SID', 'ORAENV_ASK', 'PARAM_NOCOLOR', 'PARAM_UNIT', 'PARAM_VERBOSE', 'RED_DIV', 'SUBDIR', 'UNIT', 'VERBOSE', 'VERSION', 'WARNING', 'WHITE', 'arg1', 'arg2', 'arg3', 'mgtnvhV']",False,scripts/storage/asmdu2.sh
oracle/admin:scripts/storage/asmiostat.sh,oracle/admin,scripts/storage/asmiostat.sh,.sh,7951,7663849bd7aeee0f95ebebfd9d54436aeaa03f9f57b31430289c01e9c6921a9a,script,storage,oracle/admin storage helper: asmiostat.,READ_ONLY,True,"['LD_LIBRARY_PATH', 'MI', 'NLS_DATE_FORMAT', 'NLS_LANG', 'ORACLE_HOME', 'ORACLE_SID', 'SS', 'arg1', 'arg10', 'arg11', 'arg12', 'arg2', 'arg3', 'arg4', 'arg5', 'arg6', 'arg7', 'arg8', 'arg9']",False,scripts/storage/asmiostat.sh
oracle/admin:scripts/storage/asmlib.sh,oracle/admin,scripts/storage/asmlib.sh,.sh,3603,1c5fdd506a98e792e098b675f339cbd6ca2293dc1b8953bbeee648126116e4fc,script,storage,"Oracle storage, ASM, ACFS or tablespace helper: asmlib(1).",REVIEW,True,[],False,scripts/storage/asmlib.sh
oracle/admin:scripts/storage/asmlib_diskslists.sh,oracle/admin,scripts/storage/asmlib_diskslists.sh,.sh,8666,33d4f3e48035581f323b0f4769001b8abacc62bbaf7007136c69611482037039,script,storage,"Oracle storage, ASM, ACFS or tablespace helper: asmlib diskslists.",REVIEW,True,"['arg1', 'arg10', 'arg2']",False,scripts/storage/asmlib_diskslists.sh
oracle/admin:scripts/storage/cdb_tablespaces.sql,oracle/admin,scripts/storage/cdb_tablespaces.sql,.sql,974,a88fbbe4eb1f59f2a5d1f02c2c733495fbe964ff6a43142bd578488531c0f54a,script,storage,"Oracle storage, ASM, ACFS or tablespace helper: cdb tablespaces(1).",READ_ONLY,True,['variables'],False,scripts/storage/cdb_tablespaces.sql
oracle/admin:scripts/storage/datafile_free_space_ftablespace.sql,oracle/admin,scripts/storage/datafile_free_space_ftablespace.sql,.sql,1467,56e1e64f774dea7c7372da59d401789388309c5d63a4496b2d3b2fbc4aac214b,script,storage,oracle/admin storage helper: datafile free space ftablespace.,READ_ONLY,True,['TABLESPACE'],False,scripts/storage/datafile_free_space_ftablespace.sql
oracle/admin:scripts/storage/dba_hist_tablespace_stat.sql,oracle/admin,scripts/storage/dba_hist_tablespace_stat.sql,.sql,1731,a4976e489db031d420caad4182860dc969da1ba71d8a2f516ce63423404c33ea,script,storage,"Oracle storage, ASM, ACFS or tablespace helper: dba hist tablespace stat.",READ_ONLY,True,"['days', 'm_dbid', 'm_instance', 'status', 'variables']",False,scripts/storage/dba_hist_tablespace_stat.sql
oracle/admin:scripts/storage/dba_hist_tbspc_space_tablespace_usage.sql,oracle/admin,scripts/storage/dba_hist_tbspc_space_tablespace_usage.sql,.sql,2641,bec0559a6818f0b3773e10248ec6916c78eb28b2ab6230be9c72b7644beaad70,script,storage,"Oracle storage, ASM, ACFS or tablespace helper: dba hist tbspc space tablespace usage.",READ_ONLY,True,"['MI', 'SS', 'variables']",False,scripts/storage/dba_hist_tbspc_space_tablespace_usage.sql
oracle/admin:scripts/storage/dba_tablespace_usage_metrics.sql,oracle/admin,scripts/storage/dba_tablespace_usage_metrics.sql,.sql,1411,5cbb1f595242470ff78a9337b7521c9cfaf023503e6e268178376e18fe42417f,script,storage,"Oracle storage, ASM, ACFS or tablespace helper: dba tablespace usage metrics.",READ_ONLY,True,['variables'],False,scripts/storage/dba_tablespace_usage_metrics.sql
oracle/admin:scripts/storage/dba_tablespaces.sql,oracle/admin,scripts/storage/dba_tablespaces.sql,.sql,989,9380fff74d134659b638e137e4a691826f78d8ed598b0ea90f30bb93d3d8fac4,script,storage,"Oracle storage, ASM, ACFS or tablespace helper: dba tablespaces.",READ_ONLY,True,['variables'],False,scripts/storage/dba_tablespaces.sql
oracle/admin:scripts/storage/espacioenFSxtablespace-datafile-xFileSystem.sql,oracle/admin,scripts/storage/espacioenFSxtablespace-datafile-xFileSystem.sql,.sql,6447,5e7baf4a9251d488e839706df814c6704123a39574defff2776631cccf258fc6,script,storage,"Oracle storage, ASM, ACFS or tablespace helper: espacioenFSxtablespace datafile xFileSystem.",READ_ONLY,True,"['FILE_NAME', 'variables']",False,scripts/storage/espacioenFSxtablespace-datafile-xFileSystem.sql
oracle/admin:scripts/storage/espacioenFSxtablespace-datafile.sql,oracle/admin,scripts/storage/espacioenFSxtablespace-datafile.sql,.sql,4538,b293873950751fc003d62bc7a141a75ee416c72a5d4f3209bf9c5cecc796c81e,script,storage,"Oracle storage, ASM, ACFS or tablespace helper: espacioenFSxtablespace datafile.",DESTRUCTIVE,True,"['TABLESPACE_NAME', 'variables']",False,scripts/storage/espacioenFSxtablespace-datafile.sql
oracle/admin:scripts/storage/get_ddl_tablespaces.sql,oracle/admin,scripts/storage/get_ddl_tablespaces.sql,.sql,2749,9c53fca25501a13f998ee0ebf31665f711308796092930cb46d2365d330377a3,script,storage,"Oracle storage, ASM, ACFS or tablespace helper: get ddl tablespaces (1).",CHANGES,True,['variables'],False,scripts/storage/get_ddl_tablespaces.sql
oracle/admin:scripts/storage/objetosenTablespace.sql,oracle/admin,scripts/storage/objetosenTablespace.sql,.sql,1369,0acd2061e0a301d3c8a39a033f965dcc2f7601a2e58b11960bd8d24aeafa8ebe,script,storage,"Oracle storage, ASM, ACFS or tablespace helper: objetosenTablespace.",READ_ONLY,True,"['TABLESPACE', 'variables']",False,scripts/storage/objetosenTablespace.sql
oracle/admin:scripts/storage/pwcopy_passwordfile.asm.sh,oracle/admin,scripts/storage/pwcopy_passwordfile.asm.sh,.sh,1409,a9159758b18adea63ed9b4a4b8113ce6b485f87e51a680e32600dadd47618a50,script,storage,"Oracle storage, ASM, ACFS or tablespace helper: pwcopy passwordfile asm.",REVIEW,True,[],False,scripts/storage/pwcopy_passwordfile.asm.sh
oracle/admin:scripts/storage/srvctl.asm.status.sh,oracle/admin,scripts/storage/srvctl.asm.status.sh,.sh,935,0d351675466a33d53ec77518e4d11fd022c500da6922b46591e6282e2453b85e,script,storage,"Oracle storage, ASM, ACFS or tablespace helper: srvctl asm status.",REVIEW,True,[],False,scripts/storage/srvctl.asm.status.sh
oracle/admin:scripts/storage/tablespace_growth.sql,oracle/admin,scripts/storage/tablespace_growth.sql,.sql,2533,49792522956b6e9b5040e2fe03f05f46aff4bd8c000752fbc6e13127c26c6dc1,script,storage,"Oracle storage, ASM, ACFS or tablespace helper: tablespace growth.",READ_ONLY,True,"['MI', 'SS', 'variables']",False,scripts/storage/tablespace_growth.sql
oracle/admin:scripts/storage/tbs.sql,oracle/admin,scripts/storage/tbs.sql,.sql,1262,a867b1b2971af8f31883391c7bc93e4a6821062f8e4665e3caf89666af51c0d9,script,storage,"Oracle storage, ASM, ACFS or tablespace helper: tbs (2).",READ_ONLY,True,['variables'],False,scripts/storage/tbs.sql
oracle/admin:scripts/storage/tbs2.sql,oracle/admin,scripts/storage/tbs2.sql,.sql,2571,794e8907e96d8da78bef6fc8173bdbbe7d1a97276ffc81d6913700712b462776,script,storage,oracle/admin storage helper: tbs2.,READ_ONLY,True,"['xxhost', 'xxinst', 'xxrun_date']",False,scripts/storage/tbs2.sql
oracle/admin:scripts/storage/tbs3.sql,oracle/admin,scripts/storage/tbs3.sql,.sql,2718,094afe199b6f03a83e325cae1249ca53a43fddf30d28d68d26e436f6099fb624,script,storage,"Oracle storage, ASM, ACFS or tablespace helper: tbs3.",READ_ONLY,True,['variables'],False,scripts/storage/tbs3.sql
oracle/admin:scripts/storage/tbs_df.sql,oracle/admin,scripts/storage/tbs_df.sql,.sql,1353,379ba711074b27c629ef6e33c1b50f4511ea376f497d1e29d8942a80bc7d6093,script,storage,"Oracle storage, ASM, ACFS or tablespace helper: tbs df.",READ_ONLY,True,['variables'],False,scripts/storage/tbs_df.sql
oracle/admin:scripts/storage/tbs_espacioaAsignar.sql,oracle/admin,scripts/storage/tbs_espacioaAsignar.sql,.sql,3339,085f898a53bab31685ba69b738838166bc25f97811afa825011351c301e92006,script,storage,"Oracle storage, ASM, ACFS or tablespace helper: tbs espacioaAsignar.",READ_ONLY,True,['variables'],False,scripts/storage/tbs_espacioaAsignar.sql
oracle/admin:scripts/storage/tbs_temp.sql,oracle/admin,scripts/storage/tbs_temp.sql,.sql,971,e01e5735dfd84070479f8e0d15c43782e029285863e90743d915f917d0eb95b5,script,storage,"Oracle storage, ASM, ACFS or tablespace helper: tbs temp (1).",READ_ONLY,True,"['PROPERTY_NAME', 'variables']",False,scripts/storage/tbs_temp.sql
oracle/admin:scripts/storage/tbs_temp_state.sql,oracle/admin,scripts/storage/tbs_temp_state.sql,.sql,875,a52364a216bdfa646ed58f9a04a38e506a453575800fcd535679aae5783d29d4,script,storage,oracle/admin storage helper: tbs temp state.,READ_ONLY,True,[],False,scripts/storage/tbs_temp_state.sql
oracle/admin:scripts/storage/tbs_x.sql,oracle/admin,scripts/storage/tbs_x.sql,.sql,6134,f043c96b3de9563b47261f4154e62e02551364969dbc9f91310dcfe313e686a3,script,storage,"Oracle storage, ASM, ACFS or tablespace helper: tbs x.",READ_ONLY,True,"['TABLESPACE', 'variables']",False,scripts/storage/tbs_x.sql
oracle/admin:scripts/storage/tbspaces_add_space_ae_pl.sql,oracle/admin,scripts/storage/tbspaces_add_space_ae_pl.sql,.sql,5433,f2a51441e6e92f0bcf50826564733619bcd0bf0297c8b06e0ddd7a7db0c0be5a,script,storage,"Oracle storage, ASM, ACFS or tablespace helper: tbspaces add space ae pl.",CHANGES,True,"['exec_yn', 'free_space_margin', 'max_df_size', 'variables']",False,scripts/storage/tbspaces_add_space_ae_pl.sql
oracle/admin:scripts/storage/tbsx.sql,oracle/admin,scripts/storage/tbsx.sql,.sql,3230,022978b1f785279f3a6e6a7e55facb832788710cd819b24f2b0571cdac0dcbdd,script,storage,"Oracle storage, ASM, ACFS or tablespace helper: tbsx (2).",READ_ONLY,True,"['base', 'variables']",False,scripts/storage/tbsx.sql
oracle/admin:scripts/third_party/README.md,oracle/admin,scripts/third_party/README.md,.md,10078,47422460574f4e716572e51591065610e5d15d8788344f6be586334678db4ebf,documentation,third_party,oracle/admin third_party helper: README.,REVIEW,True,[],False,scripts/third_party/README.md
oracle/admin:scripts/third_party/diagnostics_sessions_waits/waits.sql,oracle/admin,scripts/third_party/diagnostics_sessions_waits/waits.sql,.sql,883,c7a68c489dbc478289fe5ac816d450c841358b7aa8d9ada94954b8b9f69c45aa,script,third_party,Displays information on all database session waits.,CHANGES,True,[],False,scripts/third_party/diagnostics_sessions_waits/waits.sql
oracle/admin:scripts/third_party/diagnostics_sessions_waits/waits1.sql,oracle/admin,scripts/third_party/diagnostics_sessions_waits/waits1.sql,.sql,1202,4f34c1e1f955943c848662b060a81b862ddf2263359f35106bc5f60fd0c2174e,script,third_party,Displays information on the current wait states for all active database sessions.,CHANGES,True,"['MI', 'SS']",False,scripts/third_party/diagnostics_sessions_waits/waits1.sql
oracle/admin:scripts/third_party/performance_sql_tuning/create_sql_profile.sql,oracle/admin,scripts/third_party/performance_sql_tuning/create_sql_profile.sql,.sql,3012,f3bf8a5a45519d6908e9b425b6b7df4bcbf9c85be51088540340bd5d5947682e,script,third_party,Create SQL Profile based on Outline hints in V$SQL.OTHER_XML.,CHANGES,True,"['category', 'child_no', 'force_matching', 'plan_hash_value', 'profile_name', 'sql_id']",False,scripts/third_party/performance_sql_tuning/create_sql_profile.sql
oracle/admin:scripts/third_party/performance_sql_tuning/create_sql_profile_awr.sql,oracle/admin,scripts/third_party/performance_sql_tuning/create_sql_profile_awr.sql,.sql,2961,13cae1b810ac9bef8fc327967232e0815b831dce976be4f76294d394eca767bb,script,third_party,Create SQL Profile based on Outline hints in V$SQL.OTHER_XML.,CHANGES,True,"['category', 'child_no', 'force_matching', 'plan_hash_value', 'profile_name', 'sql_id']",False,scripts/third_party/performance_sql_tuning/create_sql_profile_awr.sql
oracle/admin:scripts/third_party/performance_sql_tuning/fix_sql_profile_hint.sql,oracle/admin,scripts/third_party/performance_sql_tuning/fix_sql_profile_hint.sql,.sql,3398,de2b259680b4cf4f598a36c5f212bc1ca4164f8464e66661a107a914e41e766e,script,third_party,Replaces a hint in a sql profile.,CHANGES,True,"['arg5', 'bad_hint', 'good_hint', 'profile_name']",False,scripts/third_party/performance_sql_tuning/fix_sql_profile_hint.sql
oracle/admin:scripts/third_party/performance_sql_tuning/runstats.anon.sql,oracle/admin,scripts/third_party/performance_sql_tuning/runstats.anon.sql,.sql,6273,124f343b1967cb926477bb66871a72ae34cc4da2427da57cdd0782e1704470e6,script,third_party,This version of Tom Kyte's RUNSTATS uses an anonymous block,DESTRUCTIVE,True,"['method1', 'method2']",False,scripts/third_party/performance_sql_tuning/runstats.anon.sql
oracle/admin:scripts/third_party/performance_sql_tuning/runstats_pkg.advanced.sql,oracle/admin,scripts/third_party/performance_sql_tuning/runstats_pkg.advanced.sql,.sql,19693,f73feab667f00d50a16b760a4f21e13df8699345167b3667b54c89cd81ed8a18,script,third_party,oracle/admin third_party helper: runstats pkg advanced.,DESTRUCTIVE,True,"['mi', 'ss']",False,scripts/third_party/performance_sql_tuning/runstats_pkg.advanced.sql
oracle/admin:scripts/third_party/performance_sql_tuning/runstats_pkg.gtt.sql,oracle/admin,scripts/third_party/performance_sql_tuning/runstats_pkg.gtt.sql,.sql,11303,39f62c96726a68a46b240b12c84a467f4e9da4357bd09aae7183aaf5b9f8d629,script,third_party,oracle/admin third_party helper: runstats pkg gtt.,DESTRUCTIVE,True,['runid'],False,scripts/third_party/performance_sql_tuning/runstats_pkg.gtt.sql
oracle/admin:scripts/third_party/performance_sql_tuning/runstats_pkg.simple.sql,oracle/admin,scripts/third_party/performance_sql_tuning/runstats_pkg.simple.sql,.sql,14791,4905329550cccdf9384939088d0f932ccba57e725e97da0febc7cbe7738db7a8,script,third_party,oracle/admin third_party helper: runstats pkg simple.,DESTRUCTIVE,True,[],False,scripts/third_party/performance_sql_tuning/runstats_pkg.simple.sql
oracle/admin:scripts/third_party/tanel_poder/ash/ash_log_file_sync.sql,oracle/admin,scripts/third_party/tanel_poder/ash/ash_log_file_sync.sql,.sql,469,edd695764fe0cfcaa49700813058534325ece0c5bf7de75e5d521c7b7fbdbb06,script,third_party,oracle/admin third_party helper: ash log file sync.,READ_ONLY,True,[],False,scripts/third_party/tanel_poder/ash/ash_log_file_sync.sql
oracle/admin:scripts/third_party/tanel_poder/ash/ash_wait_chains.sql,oracle/admin,scripts/third_party/tanel_poder/ash/ash_wait_chains.sql,.sql,7742,68a8a2d61936fdefdad7655740a4b036485345c223a694e538ee46ee48b4865d,script,third_party,"Display ASH wait chains (multi-session wait signature, a session",READ_ONLY,True,"['MI', 'SS']",False,scripts/third_party/tanel_poder/ash/ash_wait_chains.sql
oracle/admin:scripts/third_party/tanel_poder/ash/ash_wait_chains2.sql,oracle/admin,scripts/third_party/tanel_poder/ash/ash_wait_chains2.sql,.sql,5092,c45895b0b35ea5ebdc9d10af850d5956868c20b2dbce5bd791b3075a6caed926,script,third_party,"Display ASH wait chains (multi-session wait signature, a session",READ_ONLY,True,"['MI', 'SS']",False,scripts/third_party/tanel_poder/ash/ash_wait_chains2.sql
oracle/admin:scripts/third_party/tanel_poder/ash/ashmem.sql,oracle/admin,scripts/third_party/tanel_poder/ash/ashmem.sql,.sql,1339,5c3ce4bdf441dbf056fbc69c5210af011c458ca0f724d40c0ee4da084886adb6,script,third_party,oracle/admin third_party helper: ashmem.,READ_ONLY,True,"['MI', 'SS']",False,scripts/third_party/tanel_poder/ash/ashmem.sql
oracle/admin:scripts/third_party/tanel_poder/ash/ashtop.sql,oracle/admin,scripts/third_party/tanel_poder/ash/ashtop.sql,.sql,15911,d03fb1f492aaf22cb67b6ab7c5ba0ee494016ce4c85174577ca6f6585c928174,script,third_party,Display top ASH time (count of ASH samples) grouped by your,DESTRUCTIVE,True,"['MI', 'SS', 'minutes']",False,scripts/third_party/tanel_poder/ash/ashtop.sql
oracle/admin:scripts/third_party/tanel_poder/ash/asqlflame.sql,oracle/admin,scripts/third_party/tanel_poder/ash/asqlflame.sql,.sql,1502,156248a7c91664d77b476928e78741db96fa16ffc0a2dbfba2123ac6fcee3c13,script,third_party,oracle/admin third_party helper: asqlflame.,READ_ONLY,True,[],False,scripts/third_party/tanel_poder/ash/asqlflame.sql
oracle/admin:scripts/third_party/tanel_poder/ash/asqlmon.sql,oracle/admin,scripts/third_party/tanel_poder/ash/asqlmon.sql,.sql,4445,e4f4ba58700de2d641e0b6d1c86f759904e74f9377ed6ef713576b4495fb4014,script,third_party,Report SQL-monitoring-style drill-down into where in an execution plan the execution time is spent,CHANGES,True,[],False,scripts/third_party/tanel_poder/ash/asqlmon.sql
oracle/admin:scripts/third_party/tanel_poder/ash/bash_wait_chains.sql,oracle/admin,scripts/third_party/tanel_poder/ash/bash_wait_chains.sql,.sql,7242,6e3729447b882621ba599b704e56ac52d5d1bfea72d9e0c459ced43b20689aa5,script,third_party,"Display ASH wait chains (multi-session wait signature, a session",READ_ONLY,True,"['MI', 'SS', 'ashtable']",False,scripts/third_party/tanel_poder/ash/bash_wait_chains.sql
oracle/admin:scripts/third_party/tanel_poder/ash/bashtop.sql,oracle/admin,scripts/third_party/tanel_poder/ash/bashtop.sql,.sql,6839,8d2f8271fc2ce9844842a207e73a8867c9356edf54ed3401a1247cd78dd6b6aa,script,third_party,Display top ASH time (count of ASH samples) grouped by your,DESTRUCTIVE,True,"['MI', 'SS', 'ashtable']",False,scripts/third_party/tanel_poder/ash/bashtop.sql
oracle/admin:scripts/third_party/tanel_poder/ash/bevent_hist.sql,oracle/admin,scripts/third_party/tanel_poder/ash/bevent_hist.sql,.sql,2417,81670388f96414d019acc8e3d44a91c6aaea69fa311fe13fae4ae6cbcfd09476,script,third_party,oracle/admin third_party helper: bevent hist.,DESTRUCTIVE,True,"['MI', 'SS', 'ashtable']",False,scripts/third_party/tanel_poder/ash/bevent_hist.sql
oracle/admin:scripts/third_party/tanel_poder/ash/bevent_hist_micro.sql,oracle/admin,scripts/third_party/tanel_poder/ash/bevent_hist_micro.sql,.sql,2202,8e52308d68b7974632137d55c70dc21c2d7c34e42332cdfc2d83e114cedc1122,script,third_party,oracle/admin third_party helper: bevent hist micro.,DESTRUCTIVE,True,['ashtable'],False,scripts/third_party/tanel_poder/ash/bevent_hist_micro.sql
oracle/admin:scripts/third_party/tanel_poder/ash/bshortmon_logfilesync.sql,oracle/admin,scripts/third_party/tanel_poder/ash/bshortmon_logfilesync.sql,.sql,2584,d6a31dbe04d6c4e1e1f079fa73712d67f2663378c4175b4683e1f30f7d69b83b,script,third_party,oracle/admin third_party helper: bshortmon logfilesync.,READ_ONLY,True,[],False,scripts/third_party/tanel_poder/ash/bshortmon_logfilesync.sql
oracle/admin:scripts/third_party/tanel_poder/ash/btime_model_phases.sql,oracle/admin,scripts/third_party/tanel_poder/ash/btime_model_phases.sql,.sql,3212,1d23b7e40af0044d9d30201f81c9c7628fa1691d96b43e97cc7543ac33ef9e5e,script,third_party,oracle/admin third_party helper: btime model phases.,READ_ONLY,True,[],False,scripts/third_party/tanel_poder/ash/btime_model_phases.sql
oracle/admin:scripts/third_party/tanel_poder/ash/create_ash_without_timestamps.sql,oracle/admin,scripts/third_party/tanel_poder/ash/create_ash_without_timestamps.sql,.sql,7099,767e44fe2837c9c4d0f8e1ec715dd955c8b72d647662481d431558e8ebc84fd2,script,third_party,oracle/admin third_party helper: create ash without timestamps.,CHANGES,True,[],False,scripts/third_party/tanel_poder/ash/create_ash_without_timestamps.sql
oracle/admin:scripts/third_party/tanel_poder/ash/daplanline.sql,oracle/admin,scripts/third_party/tanel_poder/ash/daplanline.sql,.sql,3275,ed7fab3bbf3ee369ae8d915d2e3adc3dafd6e9b74f62f6c5ce57ef57df69afd9,script,third_party,Report response time consumption data from DBA_HIST_ACTIVE_SESS_HISTORY,READ_ONLY,True,[],False,scripts/third_party/tanel_poder/ash/daplanline.sql
oracle/admin:scripts/third_party/tanel_poder/ash/dash_wait_chains.sql,oracle/admin,scripts/third_party/tanel_poder/ash/dash_wait_chains.sql,.sql,7390,ee7dfd8b22391551a55af16a0219e501875e21443c5176c83d33c773fa9294ed,script,third_party,"Display ASH wait chains (multi-session wait signature, a session",READ_ONLY,True,"['MI', 'SS']",False,scripts/third_party/tanel_poder/ash/dash_wait_chains.sql
oracle/admin:scripts/third_party/tanel_poder/ash/dash_wait_chains2.sql,oracle/admin,scripts/third_party/tanel_poder/ash/dash_wait_chains2.sql,.sql,5271,0103866d0742932e76d147fcc52e4403b3a545edca41f825e889c86192a42da1,script,third_party,"Display ASH wait chains (multi-session wait signature, a session",READ_ONLY,True,"['MI', 'SS']",False,scripts/third_party/tanel_poder/ash/dash_wait_chains2.sql
oracle/admin:scripts/third_party/tanel_poder/ash/dashtop.sql,oracle/admin,scripts/third_party/tanel_poder/ash/dashtop.sql,.sql,8054,b64ce6724aa93b7751b13a56965b1cb3b6b44eb7622d80a3c3ab33fc3e641b0b,script,third_party,Display top ASH time (count of ASH samples) grouped by your,DESTRUCTIVE,True,"['MI', 'SS']",False,scripts/third_party/tanel_poder/ash/dashtop.sql
oracle/admin:scripts/third_party/tanel_poder/ash/dasqlmon.sql,oracle/admin,scripts/third_party/tanel_poder/ash/dasqlmon.sql,.sql,4545,7a874e68876a1a84b972cb920085ce74f8b54ad4ba5acdcb066976ae725c0536,script,third_party,Report SQL-monitoring-style drill-down into where in an execution plan the execution time is spent,CHANGES,True,[],False,scripts/third_party/tanel_poder/ash/dasqlmon.sql
oracle/admin:scripts/third_party/tanel_poder/ash/devent_hist.sql,oracle/admin,scripts/third_party/tanel_poder/ash/devent_hist.sql,.sql,3095,b5b4085dbee112bb9067ab59fc42dc2814343f4d0524bbcc2a0056fb6e1a9be3,script,third_party,Display wait event duration histogram from DBA_HIST_ACTIVE_SESS_HISTORY,DESTRUCTIVE,True,"['MI', 'SS']",False,scripts/third_party/tanel_poder/ash/devent_hist.sql
oracle/admin:scripts/third_party/tanel_poder/ash/disk_rereads.sql,oracle/admin,scripts/third_party/tanel_poder/ash/disk_rereads.sql,.sql,994,de4ea56a68d838e93317b9b12816f63bd72e1bdeff9fd9f7b83247d022f6b590,script,third_party,oracle/admin third_party helper: disk rereads.,READ_ONLY,True,[],False,scripts/third_party/tanel_poder/ash/disk_rereads.sql
oracle/admin:scripts/third_party/tanel_poder/ash/event_hist.sql,oracle/admin,scripts/third_party/tanel_poder/ash/event_hist.sql,.sql,2396,2870529bd812ec39e127c36838ab31598f127c63707bd37e40dc8cf14d870d81,script,third_party,oracle/admin third_party helper: event hist.,DESTRUCTIVE,True,"['MI', 'SS']",False,scripts/third_party/tanel_poder/ash/event_hist.sql
oracle/admin:scripts/third_party/tanel_poder/ash/event_hist_cell.sql,oracle/admin,scripts/third_party/tanel_poder/ash/event_hist_cell.sql,.sql,2502,d62df24785253c60ac041ad182897bc5415d70b3a629b3824fc83679cfcd4dc8,script,third_party,oracle/admin third_party helper: event hist cell.,DESTRUCTIVE,True,[],False,scripts/third_party/tanel_poder/ash/event_hist_cell.sql
oracle/admin:scripts/third_party/tanel_poder/ash/event_hist_micro.sql,oracle/admin,scripts/third_party/tanel_poder/ash/event_hist_micro.sql,.sql,2182,984905553855c4818c8b3cae55c67de0da1ac326ba113da05fd79acab1c16d21,script,third_party,oracle/admin third_party helper: event hist micro.,DESTRUCTIVE,True,[],False,scripts/third_party/tanel_poder/ash/event_hist_micro.sql
oracle/admin:scripts/third_party/tanel_poder/ash/evet_hist_cell.sql,oracle/admin,scripts/third_party/tanel_poder/ash/evet_hist_cell.sql,.sql,2634,c04efabf017eb1eba85a722c5acc9537b128c600ce5f7f2540a5bcb5b1293b90,script,third_party,oracle/admin third_party helper: evet hist cell.,DESTRUCTIVE,True,[],False,scripts/third_party/tanel_poder/ash/evet_hist_cell.sql
oracle/admin:scripts/third_party/tanel_poder/ash/examples/ash10.sql,oracle/admin,scripts/third_party/tanel_poder/ash/examples/ash10.sql,.sql,2009,1cdebe402649240fd6006b7f56e2634417e0013fc4189f9a54207bcdbe0019a9,script,third_party,oracle/admin third_party helper: ash10.,READ_ONLY,True,[],False,scripts/third_party/tanel_poder/ash/examples/ash10.sql
oracle/admin:scripts/third_party/tanel_poder/ash/examples/ash11.sql,oracle/admin,scripts/third_party/tanel_poder/ash/examples/ash11.sql,.sql,1592,d30f76b5fa79ce4f35032da12a7916f11d21185cd5536abc36074ae4a73a1e5f,script,third_party,oracle/admin third_party helper: ash11.,READ_ONLY,True,[],False,scripts/third_party/tanel_poder/ash/examples/ash11.sql
oracle/admin:scripts/third_party/tanel_poder/ash/examples/ash12a.sql,oracle/admin,scripts/third_party/tanel_poder/ash/examples/ash12a.sql,.sql,3588,2abfa34a98fbad06674f5a25c5931364fea01bf489a7c10806c9960815bca993,script,third_party,oracle/admin third_party helper: ash12a.,READ_ONLY,True,"['FROM_TIME', 'IN_CONNECTION_MGMT', 'TO_TIME', 'cols', 'from_time', 'to_time']",False,scripts/third_party/tanel_poder/ash/examples/ash12a.sql
oracle/admin:scripts/third_party/tanel_poder/ash/examples/ash13.sql,oracle/admin,scripts/third_party/tanel_poder/ash/examples/ash13.sql,.sql,2047,48075eabb2932a2ea361768101d1b87987f59d45a3e0dfcc70fd0ae9de854114,script,third_party,oracle/admin third_party helper: ash13.,READ_ONLY,True,"['FROM_TIME', 'TO_TIME', 'cols', 'from_time', 'to_time']",False,scripts/third_party/tanel_poder/ash/examples/ash13.sql
oracle/admin:scripts/third_party/tanel_poder/ash/examples/ash13a.sql,oracle/admin,scripts/third_party/tanel_poder/ash/examples/ash13a.sql,.sql,2051,a5abfd3684c2a74e330577ad254a5c6f3f63dd6d6693a0a8c754b1e3f27abdb2,script,third_party,oracle/admin third_party helper: ash13a.,READ_ONLY,True,"['FROM_TIME', 'TO_TIME', 'cols', 'from_time', 'to_time']",False,scripts/third_party/tanel_poder/ash/examples/ash13a.sql
oracle/admin:scripts/third_party/tanel_poder/ash/examples/ash2.sql,oracle/admin,scripts/third_party/tanel_poder/ash/examples/ash2.sql,.sql,3859,a8e26dd1b57879e8cf7f66003af1edbc3793e292f75b6d70d711d44dfa953ede,script,third_party,oracle/admin third_party helper: ash2.,READ_ONLY,True,"['FROM_TIME', 'IN_CONNECTION_MGMT', 'TO_TIME', 'cols', 'from_time', 'to_time']",False,scripts/third_party/tanel_poder/ash/examples/ash2.sql
oracle/admin:scripts/third_party/tanel_poder/ash/examples/ash3.sql,oracle/admin,scripts/third_party/tanel_poder/ash/examples/ash3.sql,.sql,3596,d0051f8610d367dcf817987605168da6b791392892263710ca4f54f6b54511d2,script,third_party,oracle/admin third_party helper: ash3.,READ_ONLY,True,"['FROM_TIME', 'IN_CONNECTION_MGMT', 'TO_TIME', 'cols', 'from_time', 'to_time']",False,scripts/third_party/tanel_poder/ash/examples/ash3.sql
oracle/admin:scripts/third_party/tanel_poder/ash/examples/ash5.sql,oracle/admin,scripts/third_party/tanel_poder/ash/examples/ash5.sql,.sql,2333,8769e8d76ffe6629870cb0af910e93c348374af62dfd55e1b142ba7885fafffd,script,third_party,oracle/admin third_party helper: ash5.,READ_ONLY,True,[],False,scripts/third_party/tanel_poder/ash/examples/ash5.sql
oracle/admin:scripts/third_party/tanel_poder/ash/examples/ash7.sql,oracle/admin,scripts/third_party/tanel_poder/ash/examples/ash7.sql,.sql,2196,17011412a0976e56dbbad4f2377b3e0af3367bb7886ed9beed9a91b3c5dda81d,script,third_party,oracle/admin third_party helper: ash7.,READ_ONLY,True,[],False,scripts/third_party/tanel_poder/ash/examples/ash7.sql
oracle/admin:scripts/third_party/tanel_poder/ash/examples/ash8.sql,oracle/admin,scripts/third_party/tanel_poder/ash/examples/ash8.sql,.sql,2630,3192c86828c4f8ef93f976cce772e2f74990800458f3233e8f2bf0d8e65eab8c,script,third_party,oracle/admin third_party helper: ash8.,READ_ONLY,True,[],False,scripts/third_party/tanel_poder/ash/examples/ash8.sql
oracle/admin:scripts/third_party/tanel_poder/ash/examples/ash9.sql,oracle/admin,scripts/third_party/tanel_poder/ash/examples/ash9.sql,.sql,2618,ee554e020a15a426ccdaf7cc4c957913417aee54a259fa87bf7bc60a53edb67d,script,third_party,oracle/admin third_party helper: ash9.,READ_ONLY,True,[],False,scripts/third_party/tanel_poder/ash/examples/ash9.sql
oracle/admin:scripts/third_party/tanel_poder/ash/gashtop.sql,oracle/admin,scripts/third_party/tanel_poder/ash/gashtop.sql,.sql,2626,ee12648b7b28fb04388ff5cfa4feccd3f0e8b99f330a1c1d2dd8d88e39553b98,script,third_party,oracle/admin third_party helper: gashtop.,READ_ONLY,True,[],False,scripts/third_party/tanel_poder/ash/gashtop.sql
oracle/admin:scripts/third_party/tanel_poder/ash/gasqlmon.sql,oracle/admin,scripts/third_party/tanel_poder/ash/gasqlmon.sql,.sql,3374,3806f7a18212d4dae6098d4dc2d1b83c60d5f798dc5f53807de74673bf024a59,script,third_party,oracle/admin third_party helper: gasqlmon.,READ_ONLY,True,[],False,scripts/third_party/tanel_poder/ash/gasqlmon.sql
oracle/admin:scripts/third_party/tanel_poder/ash/gen_ash_report_html.sql,oracle/admin,scripts/third_party/tanel_poder/ash/gen_ash_report_html.sql,.sql,2034,836ecae4a4247c34524a0c47aee44860f9bd46ddf9c81b9180e64a2459cb837c,script,third_party,oracle/admin third_party helper: gen ash report html.,READ_ONLY,True,"['MI', '_start', 'bdate', 'dbid', 'def_bdate', 'def_edate', 'edate', 'inst_id']",False,scripts/third_party/tanel_poder/ash/gen_ash_report_html.sql
oracle/admin:scripts/third_party/tanel_poder/ash/gen_ash_report_text.sql,oracle/admin,scripts/third_party/tanel_poder/ash/gen_ash_report_text.sql,.sql,1979,699083838ad605e7f2698fb4c6ef0b2add03cd966b4298069255fbac8ddb5330,script,third_party,oracle/admin third_party helper: gen ash report text.,READ_ONLY,True,"['MI', '_start', 'bdate', 'dbid', 'def_bdate', 'def_edate', 'edate', 'inst_id']",False,scripts/third_party/tanel_poder/ash/gen_ash_report_text.sql
oracle/admin:scripts/third_party/tanel_poder/ash/old.event_hist_cell.sql,oracle/admin,scripts/third_party/tanel_poder/ash/old.event_hist_cell.sql,.sql,3378,eaaf53405d81862ba8b7388f0f79842557d2a89506cb5a6ceba2e5d91df3533a,script,third_party,oracle/admin third_party helper: old.event hist cell.,DESTRUCTIVE,True,[],False,scripts/third_party/tanel_poder/ash/old.event_hist_cell.sql
oracle/admin:scripts/third_party/tanel_poder/ash/old_devent_hist.sql,oracle/admin,scripts/third_party/tanel_poder/ash/old_devent_hist.sql,.sql,2302,890e94c5a20b8134fca1943050fdd8ad3304a6f779f995d741a7d2998a69c3ec,script,third_party,oracle/admin third_party helper: old devent hist.,DESTRUCTIVE,True,[],False,scripts/third_party/tanel_poder/ash/old_devent_hist.sql
oracle/admin:scripts/third_party/tanel_poder/ash/perfsheet_ash.sql,oracle/admin,scripts/third_party/tanel_poder/ash/perfsheet_ash.sql,.sql,2213,7c687d77a207231d11b950ad667f45da8638f4c13bc02926527389cb488072ee,script,third_party,oracle/admin third_party helper: perfsheet ash.,READ_ONLY,True,[],False,scripts/third_party/tanel_poder/ash/perfsheet_ash.sql
oracle/admin:scripts/third_party/tanel_poder/ash/rowsource_events.sql,oracle/admin,scripts/third_party/tanel_poder/ash/rowsource_events.sql,.sql,1512,a7836bbded9c143443e7e8d1e715ca8766a558d2c5a7a4628b6ce1dd2fa4a820,script,third_party,Display top ASH time (count of ASH samples) grouped by,READ_ONLY,True,[],False,scripts/third_party/tanel_poder/ash/rowsource_events.sql
oracle/admin:scripts/third_party/tanel_poder/ash/sample_drift.sql,oracle/admin,scripts/third_party/tanel_poder/ash/sample_drift.sql,.sql,1292,4f1c195106394fcee2adb723baad87f9b8108d47a7f84a1c7692b16bc57fe9ee,script,third_party,oracle/admin third_party helper: sample drift.,READ_ONLY,True,['MI'],False,scripts/third_party/tanel_poder/ash/sample_drift.sql
oracle/admin:scripts/third_party/tanel_poder/ash/shortmon.sql,oracle/admin,scripts/third_party/tanel_poder/ash/shortmon.sql,.sql,2769,058b3aaa18c1b693e2885769646ac762febc6b6bf6455acd80e89f3294d4c028,script,third_party,oracle/admin third_party helper: shortmon.,READ_ONLY,True,['arg4'],False,scripts/third_party/tanel_poder/ash/shortmon.sql
oracle/admin:scripts/third_party/tanel_poder/ash/shortmon_cell.sql,oracle/admin,scripts/third_party/tanel_poder/ash/shortmon_cell.sql,.sql,2972,fe8b205b22c1e8d931d64ca3e94d9b40bf2accb388c7b3cb5b96e9b8dcb3ba94,script,third_party,oracle/admin third_party helper: shortmon cell.,READ_ONLY,True,['arg4'],False,scripts/third_party/tanel_poder/ash/shortmon_cell.sql
oracle/admin:scripts/third_party/tanel_poder/ash/shortmon_logfilesync.sql,oracle/admin,scripts/third_party/tanel_poder/ash/shortmon_logfilesync.sql,.sql,2493,844a50a37ef499798321ca7587e8bbd743be2dcefdec23555068c31f83c0b361,script,third_party,oracle/admin third_party helper: shortmon logfilesync.,READ_ONLY,True,[],False,scripts/third_party/tanel_poder/ash/shortmon_logfilesync.sql
oracle/admin:scripts/third_party/tanel_poder/ash/shortmon_numblocks.sql,oracle/admin,scripts/third_party/tanel_poder/ash/shortmon_numblocks.sql,.sql,2749,13e755b4526eace3afcd20392d0404af3eedadfe9c466f50750fea09daf6c27f,script,third_party,oracle/admin third_party helper: shortmon numblocks.,READ_ONLY,True,['arg4'],False,scripts/third_party/tanel_poder/ash/shortmon_numblocks.sql
oracle/admin:scripts/third_party/tanel_poder/ash/sqlid_activity.sql,oracle/admin,scripts/third_party/tanel_poder/ash/sqlid_activity.sql,.sql,4483,c2dfbe3c08081724dce9f3927357b05661aa236180e6094e6026efba0350c877,script,third_party,oracle/admin third_party helper: sqlid activity.,READ_ONLY,True,"['MI', 'SS', 'bdate', 'dbid', 'def_bdate', 'def_edate', 'edate', 'inst_id', 'sqlid', 'sqlset_name']",False,scripts/third_party/tanel_poder/ash/sqlid_activity.sql
oracle/admin:scripts/third_party/tanel_poder/ash/sqlid_plan_activity.sql,oracle/admin,scripts/third_party/tanel_poder/ash/sqlid_plan_activity.sql,.sql,1264,42d5500d61753ebc751a82c0c64a26f6c9d4832cdf14c4b1dd984ff5783c5db6,script,third_party,oracle/admin third_party helper: sqlid plan activity.,READ_ONLY,True,[],False,scripts/third_party/tanel_poder/ash/sqlid_plan_activity.sql
oracle/admin:scripts/third_party/tanel_poder/ash/time_model.sql,oracle/admin,scripts/third_party/tanel_poder/ash/time_model.sql,.sql,4573,97fdbd7754c644c70f6740761847033bfff300ba932a8c8e1ee7e0ef0cd5a796,script,third_party,oracle/admin third_party helper: time model.,READ_ONLY,True,['IN_TABLESPACE_ENCRYPTION'],False,scripts/third_party/tanel_poder/ash/time_model.sql
oracle/admin:scripts/third_party/tanel_poder/ash/w.sql,oracle/admin,scripts/third_party/tanel_poder/ash/w.sql,.sql,1180,5f68c525d923f6a2be39fc00bdf8c2449d3b9b1455d7f8d58726a2bc601a55be,script,third_party,oracle/admin third_party helper: w.,READ_ONLY,True,['filter'],False,scripts/third_party/tanel_poder/ash/w.sql
oracle/admin:scripts/third_party/tanel_poder/ash/wsqlmon.sql,oracle/admin,scripts/third_party/tanel_poder/ash/wsqlmon.sql,.sql,4370,5cd8bea0bfa5b9e00438578302145372e172e8e8a70fb5b83c34f12ce654fc94,script,third_party,Report SQL-monitoring-style drill-down into where in an execution plan the execution time is spent,DESTRUCTIVE,True,[],False,scripts/third_party/tanel_poder/ash/wsqlmon.sql
oracle/admin:scripts/third_party/tanel_poder/ast/01_sql_plan_layout_intro.sql,oracle/admin,scripts/third_party/tanel_poder/ast/01_sql_plan_layout_intro.sql,.sql,1770,5639e2666500763e776135399f579dac109932bb3c53582ec39336ae68cd5787,script,third_party,oracle/admin third_party helper: 01 sql plan layout intro.,CHANGES,True,[],False,scripts/third_party/tanel_poder/ast/01_sql_plan_layout_intro.sql
oracle/admin:scripts/third_party/tanel_poder/ast/02_advanced_rewrite.sql,oracle/admin,scripts/third_party/tanel_poder/ast/02_advanced_rewrite.sql,.sql,1930,be89ccd4f70c6ebcb4541c04e69e1bccce114ecda10f2f27032e39e76e3514d8,script,third_party,oracle/admin third_party helper: 02 advanced rewrite.,CHANGES,True,['user'],False,scripts/third_party/tanel_poder/ast/02_advanced_rewrite.sql
oracle/admin:scripts/third_party/tanel_poder/ast/02_badly_correlated.sql,oracle/admin,scripts/third_party/tanel_poder/ast/02_badly_correlated.sql,.sql,3953,d3a68e2525dcd18af799b2a847aa8303649ae6dfda5d017c8ba6fe09b7a46d56,script,third_party,oracle/admin third_party helper: 02 badly correlated.,DESTRUCTIVE,True,[],False,scripts/third_party/tanel_poder/ast/02_badly_correlated.sql
oracle/admin:scripts/third_party/tanel_poder/ast/02_bind_peeking_nested_loops.sql,oracle/admin,scripts/third_party/tanel_poder/ast/02_bind_peeking_nested_loops.sql,.sql,4307,ec33a1aadfa30610be10599d70544bcc044cce5ab832f0e63c6b0c5ecf04ce12,script,third_party,"this script demos how a ""wrong"" bind variable value",DESTRUCTIVE,True,"['OPTIMIZER_INDEX_COST_ADJ', 'v1', 'v2', 'v3', 'v4', 'v5']",False,scripts/third_party/tanel_poder/ast/02_bind_peeking_nested_loops.sql
oracle/admin:scripts/third_party/tanel_poder/ast/02_bind_peeking_nested_loops_2.sql,oracle/admin,scripts/third_party/tanel_poder/ast/02_bind_peeking_nested_loops_2.sql,.sql,2646,d452f69b0b4e70143e31a387bccede09f3a8efde11210085939cdd60b987a281,script,third_party,"this script demos how a ""wrong"" bind variable value",DESTRUCTIVE,True,['OPTIMIZER_INDEX_COST_ADJ'],False,scripts/third_party/tanel_poder/ast/02_bind_peeking_nested_loops_2.sql
oracle/admin:scripts/third_party/tanel_poder/ast/02_bind_peeking_nested_loops_nohist.sql,oracle/admin,scripts/third_party/tanel_poder/ast/02_bind_peeking_nested_loops_nohist.sql,.sql,2640,f84d4ff0305b904fabcc3f9cf429eb5e59f6ebc77a062b3708af11ea95e6fdb9,script,third_party,"this script demos how a ""wrong"" bind variable value",DESTRUCTIVE,True,['OPTIMIZER_INDEX_COST_ADJ'],False,scripts/third_party/tanel_poder/ast/02_bind_peeking_nested_loops_nohist.sql
oracle/admin:scripts/third_party/tanel_poder/ast/02_bind_peeking_nested_loops_proc.sql,oracle/admin,scripts/third_party/tanel_poder/ast/02_bind_peeking_nested_loops_proc.sql,.sql,4382,e9d57633621c6cb47851736195c00a8385580c7d257cd72d00a39db56d9e58f6,script,third_party,"this script demos how a ""wrong"" bind variable value",DESTRUCTIVE,True,['OPTIMIZER_INDEX_COST_ADJ'],False,scripts/third_party/tanel_poder/ast/02_bind_peeking_nested_loops_proc.sql
oracle/admin:scripts/third_party/tanel_poder/ast/02_choosing_join_order.sql,oracle/admin,scripts/third_party/tanel_poder/ast/02_choosing_join_order.sql,.sql,4347,7d633e6f9fa2932f3e0ba7f030da20aa416e2b162a432ec8c0e1fbd5ce47deec,script,third_party,Advanced Oracle SQL Tuning demo script,DESTRUCTIVE,True,"['NO_INVALIDATE', 'NUMBLKS', 'NUMROWS', 'arg1', 'bad_sqlid', 'good_plan_hash_value', 'good_sql_id', 'sql_fulltext', 'sql_handle_for_original']",False,scripts/third_party/tanel_poder/ast/02_choosing_join_order.sql
oracle/admin:scripts/third_party/tanel_poder/ast/02_distinct_agg_transform.sql,oracle/admin,scripts/third_party/tanel_poder/ast/02_distinct_agg_transform.sql,.sql,1724,467e0424df9fee06f7efce27416b6e169caffd9784ac121e1ce0c77ca1514954,script,third_party,oracle/admin third_party helper: 02 distinct agg transform.,DESTRUCTIVE,True,[],False,scripts/third_party/tanel_poder/ast/02_distinct_agg_transform.sql
oracle/admin:scripts/third_party/tanel_poder/ast/02_join_nested_loops.sql,oracle/admin,scripts/third_party/tanel_poder/ast/02_join_nested_loops.sql,.sql,1412,3c43ae4cec32bf3f17a5dfbc906bea425bd9e0a9881eb1736a538ad51b91fb42,script,third_party,oracle/admin third_party helper: 02 join nested loops.,READ_ONLY,True,[],False,scripts/third_party/tanel_poder/ast/02_join_nested_loops.sql
oracle/admin:scripts/third_party/tanel_poder/ast/02_leading_sq.sql,oracle/admin,scripts/third_party/tanel_poder/ast/02_leading_sq.sql,.sql,1434,d9912500dfd443415d1cfb5699c3334e2e310ae07f7718860aa868571a09d5b3,script,third_party,oracle/admin third_party helper: 02 leading sq.,READ_ONLY,True,[],False,scripts/third_party/tanel_poder/ast/02_leading_sq.sql
oracle/admin:scripts/third_party/tanel_poder/ast/02_outline_force_plan_from_cursor.sql,oracle/admin,scripts/third_party/tanel_poder/ast/02_outline_force_plan_from_cursor.sql,.sql,5110,d3fe7ede5b912182cc978ed40d6bd99e7cb0265a314aa78005f600b44c049ce3,script,third_party,oracle/admin third_party helper: 02 outline force plan from cursor.,DESTRUCTIVE,True,"['outline_name_bad', 'outline_name_good']",False,scripts/third_party/tanel_poder/ast/02_outline_force_plan_from_cursor.sql
oracle/admin:scripts/third_party/tanel_poder/ast/02_qt_troubleshooting.sql,oracle/admin,scripts/third_party/tanel_poder/ast/02_qt_troubleshooting.sql,.sql,1354,e68ad7d8db7dc4f5ff98eab3ff3b5c0a94b6c990995dd5f10b06099d385cec64,script,third_party,oracle/admin third_party helper: 02 qt troubleshooting.,DESTRUCTIVE,True,[],False,scripts/third_party/tanel_poder/ast/02_qt_troubleshooting.sql
oracle/admin:scripts/third_party/tanel_poder/ast/02_sql_plan_baseline_from_cursor.sql,oracle/admin,scripts/third_party/tanel_poder/ast/02_sql_plan_baseline_from_cursor.sql,.sql,2279,e140f8d90a54b75a398f329f8424bda681ff40d204254cbb5551bc2122308407,script,third_party,oracle/admin third_party helper: 02 sql plan baseline from cursor.,CHANGES,True,"['bad_sqlid', 'good_plan_hash_value', 'good_sql_id', 'sql_handle_for_original']",False,scripts/third_party/tanel_poder/ast/02_sql_plan_baseline_from_cursor.sql
oracle/admin:scripts/third_party/tanel_poder/ast/02_sqlprofile_force_plan_with_custom_hints.sql,oracle/admin,scripts/third_party/tanel_poder/ast/02_sqlprofile_force_plan_with_custom_hints.sql,.sql,2061,ff4b231fe8361322537ece1a790682a600a9b4c55803e84361c6f6df46553246,script,third_party,oracle/admin third_party helper: 02 sqlprofile force plan with custom hints.,DESTRUCTIVE,True,"['SCALE_ROWS', 'arg1', 'arg2', 'arg26', 'sql_fulltext']",False,scripts/third_party/tanel_poder/ast/02_sqlprofile_force_plan_with_custom_hints.sql
oracle/admin:scripts/third_party/tanel_poder/ast/03_bitmap_star_transformation.sql,oracle/admin,scripts/third_party/tanel_poder/ast/03_bitmap_star_transformation.sql,.sql,1002,4f0c833a0e3d148cbeb41c447df7df020e214d0cb1a87e4db31e76433e4426f7,script,third_party,oracle/admin third_party helper: 03 bitmap star transformation.,CHANGES,True,[],False,scripts/third_party/tanel_poder/ast/03_bitmap_star_transformation.sql
oracle/admin:scripts/third_party/tanel_poder/ast/03_constraints_not_null.sql,oracle/admin,scripts/third_party/tanel_poder/ast/03_constraints_not_null.sql,.sql,1976,61830046a4df812475e7ebcdcbd4b5dd5cdaed28b91afdbd1ee5d42ae3fefac0,script,third_party,oracle/admin third_party helper: 03 constraints not null.,DESTRUCTIVE,True,[],False,scripts/third_party/tanel_poder/ast/03_constraints_not_null.sql
oracle/admin:scripts/third_party/tanel_poder/ast/03_index_density.sql,oracle/admin,scripts/third_party/tanel_poder/ast/03_index_density.sql,.sql,2365,221267cec26a2a3eebfae8ec894931b28c1c210b740539db5e980640ac775870,script,third_party,oracle/admin third_party helper: 03 index density.,CHANGES,True,[],False,scripts/third_party/tanel_poder/ast/03_index_density.sql
oracle/admin:scripts/third_party/tanel_poder/ast/03_index_inefficiency_1.sql,oracle/admin,scripts/third_party/tanel_poder/ast/03_index_inefficiency_1.sql,.sql,715,576d2851c84885cda559e66ea0734740924995fbd4d8edbfa83099a9a83b623c,script,third_party,oracle/admin third_party helper: 03 index inefficiency 1.,DESTRUCTIVE,True,[],False,scripts/third_party/tanel_poder/ast/03_index_inefficiency_1.sql
oracle/admin:scripts/third_party/tanel_poder/ast/03_index_skip_scan.sql,oracle/admin,scripts/third_party/tanel_poder/ast/03_index_skip_scan.sql,.sql,1471,d3c0fa91b7dfc2cfc4e1cb49bc56655b541e94a23ec6e4c937ee842a660a50ab,script,third_party,oracle/admin third_party helper: 03 index skip scan.,DESTRUCTIVE,True,[],False,scripts/third_party/tanel_poder/ast/03_index_skip_scan.sql
oracle/admin:scripts/third_party/tanel_poder/ast/03_index_supporting_sorts.sql,oracle/admin,scripts/third_party/tanel_poder/ast/03_index_supporting_sorts.sql,.sql,809,ab85c18f49ac49b81684ed2f4f4d01508afa3136a2c23ce7c5f7efbd9219d633,script,third_party,oracle/admin third_party helper: 03 index supporting sorts.,DESTRUCTIVE,True,[],False,scripts/third_party/tanel_poder/ast/03_index_supporting_sorts.sql
oracle/admin:scripts/third_party/tanel_poder/ast/04_cbo_selectivity_decay.sql,oracle/admin,scripts/third_party/tanel_poder/ast/04_cbo_selectivity_decay.sql,.sql,1192,922a2159d70799710029733a42877966918ad104e503fa989346adf48523412c,script,third_party,oracle/admin third_party helper: 04 cbo selectivity decay.,DESTRUCTIVE,True,[],False,scripts/third_party/tanel_poder/ast/04_cbo_selectivity_decay.sql
oracle/admin:scripts/third_party/tanel_poder/ast/04_cbo_troubleshoot_1.sql,oracle/admin,scripts/third_party/tanel_poder/ast/04_cbo_troubleshoot_1.sql,.sql,2042,cfec6b5f4b8270be6a1275ba95bd99d1d09a73dcb3caa70944c5c3f15e64afeb,script,third_party,oracle/admin third_party helper: 04 cbo troubleshoot 1.,READ_ONLY,True,[],False,scripts/third_party/tanel_poder/ast/04_cbo_troubleshoot_1.sql
oracle/admin:scripts/third_party/tanel_poder/ast/04_cbo_troubleshoot_2.sql,oracle/admin,scripts/third_party/tanel_poder/ast/04_cbo_troubleshoot_2.sql,.sql,2430,7559c56f3e0c3b6a3e8b8109d0209ccfff0d371bceffc6de38384650d87ca31d,script,third_party,oracle/admin third_party helper: 04 cbo troubleshoot 2.,READ_ONLY,True,"['arg1', 'arg4', 'arg5488']",False,scripts/third_party/tanel_poder/ast/04_cbo_troubleshoot_2.sql
oracle/admin:scripts/third_party/tanel_poder/ast/04_cbo_troubleshoot_3.sql,oracle/admin,scripts/third_party/tanel_poder/ast/04_cbo_troubleshoot_3.sql,.sql,2370,7ab351903104c29121b9d494ed6c1502437f91ea5903af849ecb127676785664,script,third_party,oracle/admin third_party helper: 04 cbo troubleshoot 3.,READ_ONLY,True,"['SCALE_ROWS', 'arg1']",False,scripts/third_party/tanel_poder/ast/04_cbo_troubleshoot_3.sql
oracle/admin:scripts/third_party/tanel_poder/ast/04_cbo_troubleshoot_denormalized.sql,oracle/admin,scripts/third_party/tanel_poder/ast/04_cbo_troubleshoot_denormalized.sql,.sql,2805,19729e74ce40f6d45d211afa844762c243d04aaa659f5266ea9fb388585c05b8,script,third_party,oracle/admin third_party helper: 04 cbo troubleshoot denormalized.,READ_ONLY,True,"['arg2', 'arg4']",False,scripts/third_party/tanel_poder/ast/04_cbo_troubleshoot_denormalized.sql
oracle/admin:scripts/third_party/tanel_poder/ast/04_cbo_troubleshoot_save.sql,oracle/admin,scripts/third_party/tanel_poder/ast/04_cbo_troubleshoot_save.sql,.sql,2289,747c5940f3845635517a11fa88b83544840bec34f0ea0c413db752758eb36ec6,script,third_party,oracle/admin third_party helper: 04 cbo troubleshoot save.,READ_ONLY,True,['arg5488'],False,scripts/third_party/tanel_poder/ast/04_cbo_troubleshoot_save.sql
oracle/admin:scripts/third_party/tanel_poder/ast/04_cbo_troubleshoot_setup.sql,oracle/admin,scripts/third_party/tanel_poder/ast/04_cbo_troubleshoot_setup.sql,.sql,6973,e60c27fb39bab07bd31dd8c23d30bcba0634d7766b5ef96d18426354afc7b03c,script,third_party,oracle/admin third_party helper: 04 cbo troubleshoot setup.,DESTRUCTIVE,True,['NO_INVALIDATE'],False,scripts/third_party/tanel_poder/ast/04_cbo_troubleshoot_setup.sql
oracle/admin:scripts/third_party/tanel_poder/ast/ast_setup.sql,oracle/admin,scripts/third_party/tanel_poder/ast/ast_setup.sql,.sql,804,14157407b616f43ce0c5ecfc985c89964899164b0e37f4ae782129378e9d9fc8,script,third_party,oracle/admin third_party helper: ast setup.,CHANGES,True,['datafile_dir'],False,scripts/third_party/tanel_poder/ast/ast_setup.sql
oracle/admin:scripts/third_party/tanel_poder/ast/ast_setup_schema.sql,oracle/admin,scripts/third_party/tanel_poder/ast/ast_setup_schema.sql,.sql,2995,b9e530375a87581660a8fcc66b9023439e095f98d35143323ee38e84119800a7,script,third_party,oracle/admin third_party helper: ast setup schema.,DESTRUCTIVE,True,[],False,scripts/third_party/tanel_poder/ast/ast_setup_schema.sql
oracle/admin:scripts/third_party/tanel_poder/ast/index_coalesce_candidate.sql,oracle/admin,scripts/third_party/tanel_poder/ast/index_coalesce_candidate.sql,.sql,4050,47cdcba0d3f4e54cc19aaaeb6b6153aa1705faa7ff0af21950fbb7ed24189254,script,third_party,oracle/admin third_party helper: index coalesce candidate.,READ_ONLY,True,[],False,scripts/third_party/tanel_poder/ast/index_coalesce_candidate.sql
oracle/admin:scripts/third_party/tanel_poder/ast/index_coalesce_candidate_detail.sql,oracle/admin,scripts/third_party/tanel_poder/ast/index_coalesce_candidate_detail.sql,.sql,1421,fffc77aa74634577872fb00cfbd345e487513edd9fd6b556af746ca635c87cfe,script,third_party,oracle/admin third_party helper: index coalesce candidate detail.,READ_ONLY,True,[],False,scripts/third_party/tanel_poder/ast/index_coalesce_candidate_detail.sql
oracle/admin:scripts/third_party/tanel_poder/ast/index_compress_candidate.sql,oracle/admin,scripts/third_party/tanel_poder/ast/index_compress_candidate.sql,.sql,1020,d50bf8dc7aae7ab71b8382a4e2a2389ca0ea98a3fc558cad26b36ece4244db5e,script,third_party,oracle/admin third_party helper: index compress candidate.,READ_ONLY,True,[],False,scripts/third_party/tanel_poder/ast/index_compress_candidate.sql
oracle/admin:scripts/third_party/tanel_poder/ast/index_range_scan_rereads.sql,oracle/admin,scripts/third_party/tanel_poder/ast/index_range_scan_rereads.sql,.sql,1407,7558dd401fac4f7f5c3f12ced5e44f1fd23442667489d7cfc03f5877a992546d,script,third_party,oracle/admin third_party helper: index range scan rereads.,CHANGES,True,[],False,scripts/third_party/tanel_poder/ast/index_range_scan_rereads.sql
oracle/admin:scripts/third_party/tanel_poder/ast/new_outer_join_and_or.sql,oracle/admin,scripts/third_party/tanel_poder/ast/new_outer_join_and_or.sql,.sql,2120,9f4e1431518bd223c4e74d693ad1eacbd13f6f0940a9cfda0c88a22d6cb7003f,script,third_party,oracle/admin third_party helper: new outer join and or.,DESTRUCTIVE,True,"['arg1', 'arg2', 'arg64']",False,scripts/third_party/tanel_poder/ast/new_outer_join_and_or.sql
oracle/admin:scripts/third_party/tanel_poder/ast/scalar_subquery_in_where_clause.sql,oracle/admin,scripts/third_party/tanel_poder/ast/scalar_subquery_in_where_clause.sql,.sql,3108,344a3870f1754a69f17d02e499ea3f1b43d6a8e105adc18a6d90ccfabc08c987,script,third_party,oracle/admin third_party helper: scalar subquery in where clause.,CHANGES,True,"['arg2', 'prev_child_number', 'prev_sql_id']",False,scripts/third_party/tanel_poder/ast/scalar_subquery_in_where_clause.sql
oracle/admin:scripts/third_party/tanel_poder/ast/scalar_subquery_unnesting.sql,oracle/admin,scripts/third_party/tanel_poder/ast/scalar_subquery_unnesting.sql,.sql,874,888e44802477945418981edfbf7d600880aa19855d473cd9fc5350d51e042a18,script,third_party,oracle/admin third_party helper: scalar subquery unnesting.,DESTRUCTIVE,True,[],False,scripts/third_party/tanel_poder/ast/scalar_subquery_unnesting.sql
oracle/admin:scripts/third_party/tanel_poder/ast/soe_query.sql,oracle/admin,scripts/third_party/tanel_poder/ast/soe_query.sql,.sql,1758,52d5b9350a72692dd9d00f6840f951157573e8d1098ffd37bf822cde3e844d0d,script,third_party,oracle/admin third_party helper: soe query.,CHANGES,True,[],False,scripts/third_party/tanel_poder/ast/soe_query.sql
oracle/admin:scripts/third_party/tanel_poder/ast/subquery_execution.sql,oracle/admin,scripts/third_party/tanel_poder/ast/subquery_execution.sql,.sql,1396,5e0514804ed020a424a5cfe6890b7ffe3314d585cd28bdd9d6330d506a2e6a1a,script,third_party,oracle/admin third_party helper: subquery execution.,READ_ONLY,True,[],False,scripts/third_party/tanel_poder/ast/subquery_execution.sql
oracle/admin:scripts/third_party/tanel_poder/ast/test_index_coalesce_candidate.sql,oracle/admin,scripts/third_party/tanel_poder/ast/test_index_coalesce_candidate.sql,.sql,2079,8aad19415fb20819f216cf05adde44409e2929815653cef8770492360aa4ca16,script,third_party,oracle/admin third_party helper: test index coalesce candidate.,DESTRUCTIVE,True,[],False,scripts/third_party/tanel_poder/ast/test_index_coalesce_candidate.sql
oracle/admin:scripts/third_party/tanel_poder/ast/use_concat.sql,oracle/admin,scripts/third_party/tanel_poder/ast/use_concat.sql,.sql,1273,c20ebc1fe2683a3727066a2a37ee6f05c264fdbd950860aba0f4b14ca3fa3b28,script,third_party,oracle/admin third_party helper: use concat.,DESTRUCTIVE,True,[],False,scripts/third_party/tanel_poder/ast/use_concat.sql
oracle/admin:scripts/third_party/tanel_poder/awr/awr_evh.sql,oracle/admin,scripts/third_party/tanel_poder/awr/awr_evh.sql,.sql,1074,c8cbe56d4287e2b41356789f3ba839de70f2e5b1d747e959791029f801123ac1,script,third_party,oracle/admin third_party helper: awr evh.,READ_ONLY,True,['MI'],False,scripts/third_party/tanel_poder/awr/awr_evh.sql
oracle/admin:scripts/third_party/tanel_poder/awr/awr_last.sql,oracle/admin,scripts/third_party/tanel_poder/awr/awr_last.sql,.sql,1405,f85a4b379668e1416076e5f55f059d3c7f5496a752a079e322e6888c59af4ada,script,third_party,oracle/admin third_party helper: awr last.,READ_ONLY,True,"['bid', 'dbid', 'eid', 'inst_num']",False,scripts/third_party/tanel_poder/awr/awr_last.sql
oracle/admin:scripts/third_party/tanel_poder/awr/awr_lasth.sql,oracle/admin,scripts/third_party/tanel_poder/awr/awr_lasth.sql,.sql,1501,41a51e6eabd003bb969268720213791850714dfe3db4764212da05f952d61f0a,script,third_party,oracle/admin third_party helper: awr lasth.,READ_ONLY,True,"['bid', 'dbid', 'eid', 'inst_num']",False,scripts/third_party/tanel_poder/awr/awr_lasth.sql
oracle/admin:scripts/third_party/tanel_poder/awr/awr_log_file_sync.sql,oracle/admin,scripts/third_party/tanel_poder/awr/awr_log_file_sync.sql,.sql,729,f8813acbfa028eaec9fbb653b2deb3a0768a9dbcdcafcbe9c6e49b7ecc280549,script,third_party,oracle/admin third_party helper: awr log file sync.,READ_ONLY,True,[],False,scripts/third_party/tanel_poder/awr/awr_log_file_sync.sql
oracle/admin:scripts/third_party/tanel_poder/awr/awr_mem_resize.sql,oracle/admin,scripts/third_party/tanel_poder/awr/awr_mem_resize.sql,.sql,1498,f79c8622ffe59f0ef5fcbb56282b7539860ba7d9c5c0b1d76ddff0946ec8afdf,script,third_party,oracle/admin third_party helper: awr mem resize.,READ_ONLY,True,"['MI', 'SS']",False,scripts/third_party/tanel_poder/awr/awr_mem_resize.sql
oracle/admin:scripts/third_party/tanel_poder/awr/awr_procmem.sql,oracle/admin,scripts/third_party/tanel_poder/awr/awr_procmem.sql,.sql,1421,e2f00832b8fe08fee12559b5532d40b335e719d5278f8afadb30bed1d19e2170,script,third_party,oracle/admin third_party helper: awr procmem.,READ_ONLY,True,['MI'],False,scripts/third_party/tanel_poder/awr/awr_procmem.sql
oracle/admin:scripts/third_party/tanel_poder/awr/awr_sqlid.sql,oracle/admin,scripts/third_party/tanel_poder/awr/awr_sqlid.sql,.sql,1041,c51988ca4b1d4a18fabf273511590099a80e38d92c8d1cc02aa574df640cdd26,script,third_party,oracle/admin third_party helper: awr sqlid.,READ_ONLY,True,[],False,scripts/third_party/tanel_poder/awr/awr_sqlid.sql
oracle/admin:scripts/third_party/tanel_poder/awr/awr_sqlstats.sql,oracle/admin,scripts/third_party/tanel_poder/awr/awr_sqlstats.sql,.sql,3073,c2de245b4f7e0621d7f9c5977c7022dd127b3ad2d94682e330e4968916563d47,script,third_party,oracle/admin third_party helper: awr sqlstats.,READ_ONLY,True,[],False,scripts/third_party/tanel_poder/awr/awr_sqlstats.sql
oracle/admin:scripts/third_party/tanel_poder/awr/awr_sqlstats_per_exec.sql,oracle/admin,scripts/third_party/tanel_poder/awr/awr_sqlstats_per_exec.sql,.sql,2579,eca611b1dcfe3e6ec18155853fcaec2d285689f62e049604e4614a49515da0ee,script,third_party,oracle/admin third_party helper: awr sqlstats per exec.,CHANGES,True,[],False,scripts/third_party/tanel_poder/awr/awr_sqlstats_per_exec.sql
oracle/admin:scripts/third_party/tanel_poder/awr/awr_sqlstats_unstable.sql,oracle/admin,scripts/third_party/tanel_poder/awr/awr_sqlstats_unstable.sql,.sql,4103,74faf4d530b7ed17bdb82c84591d6e2ad7dd5d0ab1e0afa4fc7ec7548ccf5fb3,script,third_party,oracle/admin third_party helper: awr sqlstats unstable.,READ_ONLY,True,['sqlid'],False,scripts/third_party/tanel_poder/awr/awr_sqlstats_unstable.sql
oracle/admin:scripts/third_party/tanel_poder/awr/awr_sysmetric_history.sql,oracle/admin,scripts/third_party/tanel_poder/awr/awr_sysmetric_history.sql,.sql,1400,861e1606b23519901dc038bc39690feb34bf6af2cd39140b10aed82f09599fb1,script,third_party,oracle/admin third_party helper: awr sysmetric history.,READ_ONLY,True,[],False,scripts/third_party/tanel_poder/awr/awr_sysmetric_history.sql
oracle/admin:scripts/third_party/tanel_poder/awr/awr_sysmetric_summary.sql,oracle/admin,scripts/third_party/tanel_poder/awr/awr_sysmetric_summary.sql,.sql,1429,1fc223b15bb746ceb8b0adfd32633b290bea14e3b2a2da4b064b3bcfa5a85202,script,third_party,oracle/admin third_party helper: awr sysmetric summary.,READ_ONLY,True,[],False,scripts/third_party/tanel_poder/awr/awr_sysmetric_summary.sql
oracle/admin:scripts/third_party/tanel_poder/awr/awr_sysstat.sql,oracle/admin,scripts/third_party/tanel_poder/awr/awr_sysstat.sql,.sql,2195,a43cf3930f044e31eab88f96a51fc25237aafe9c64d6b18be85df6dba16531d8,script,third_party,oracle/admin third_party helper: awr sysstat.,READ_ONLY,True,"['MI', 'SS']",False,scripts/third_party/tanel_poder/awr/awr_sysstat.sql
oracle/admin:scripts/third_party/tanel_poder/awr/awr_system_event.sql,oracle/admin,scripts/third_party/tanel_poder/awr/awr_system_event.sql,.sql,606,7a219fcd106d8d323fd765a30bcadb9d64b8406331d72843488a577640a6f390,script,third_party,oracle/admin third_party helper: awr system event.,READ_ONLY,True,[],False,scripts/third_party/tanel_poder/awr/awr_system_event.sql
oracle/admin:scripts/third_party/tanel_poder/awr/create_event_histogram_view.sql,oracle/admin,scripts/third_party/tanel_poder/awr/create_event_histogram_view.sql,.sql,2376,9cae114d04b391351f94e53c5a792659e2136cff4fa6046fa1aa285eeef86fc5,script,third_party,oracle/admin third_party helper: create event histogram view.,CHANGES,True,[],False,scripts/third_party/tanel_poder/awr/create_event_histogram_view.sql
oracle/admin:scripts/third_party/tanel_poder/awr/dbload.sql,oracle/admin,scripts/third_party/tanel_poder/awr/dbload.sql,.sql,3063,4ef583b861ac890bacf130065fbd847faf287de0f0f20f908d9f4420e0597eee,script,third_party,oracle/admin third_party helper: dbload.,READ_ONLY,True,[],False,scripts/third_party/tanel_poder/awr/dbload.sql
oracle/admin:scripts/third_party/tanel_poder/awr/gen_awr_report.sql,oracle/admin,scripts/third_party/tanel_poder/awr/gen_awr_report.sql,.sql,2059,42d106e10693bba9fdf3eab420032e02d81d027f395befb44550cf50896649bc,script,third_party,oracle/admin third_party helper: gen awr report.,READ_ONLY,True,"['MI', 'SS', 'bid', 'dbid', 'eid']",False,scripts/third_party/tanel_poder/awr/gen_awr_report.sql
oracle/admin:scripts/third_party/tanel_poder/awr/get_settings.sql,oracle/admin,scripts/third_party/tanel_poder/awr/get_settings.sql,.sql,990,ef212d0e9dc81de043fb802a63fc39df722bee2c1141794a2e0e6bb12f1ab123,script,third_party,oracle/admin third_party helper: get settings.,READ_ONLY,True,[],False,scripts/third_party/tanel_poder/awr/get_settings.sql
oracle/admin:scripts/third_party/tanel_poder/awr/other_xml.sql,oracle/admin,scripts/third_party/tanel_poder/awr/other_xml.sql,.sql,1343,a3aa0e2e37c399ad748035161f385ad5d0c82cb5236b40f9fc95ba7c95161cff,script,third_party,oracle/admin third_party helper: other xml.,READ_ONLY,True,[],False,scripts/third_party/tanel_poder/awr/other_xml.sql
oracle/admin:scripts/third_party/tanel_poder/awr/settings.sql,oracle/admin,scripts/third_party/tanel_poder/awr/settings.sql,.sql,1425,bb27623460ed1cf80850ddc69706a0c46198bd58817890f29a81ccd01e568b1f,script,third_party,oracle/admin third_party helper: settings.,CHANGES,True,[],False,scripts/third_party/tanel_poder/awr/settings.sql
oracle/admin:scripts/third_party/tanel_poder/exadata/alter_all_indexes_degree.sql,oracle/admin,scripts/third_party/tanel_poder/exadata/alter_all_indexes_degree.sql,.sql,1456,6efa18672f77300a2e05db660dec8e4efc8977de007d7b188af13ba545315c16,script,third_party,oracle/admin third_party helper: alter all indexes degree.,CHANGES,True,[],False,scripts/third_party/tanel_poder/exadata/alter_all_indexes_degree.sql
oracle/admin:scripts/third_party/tanel_poder/exadata/ash_storage.sql,oracle/admin,scripts/third_party/tanel_poder/exadata/ash_storage.sql,.sql,2201,1f6f2633b96b48d72305a76d4bc82da09e06988bc1fa1bced37fc307b5a7a3ed,script,third_party,oracle/admin third_party helper: ash storage.,DESTRUCTIVE,True,[],False,scripts/third_party/tanel_poder/exadata/ash_storage.sql
oracle/admin:scripts/third_party/tanel_poder/exadata/badfetch.sql,oracle/admin,scripts/third_party/tanel_poder/exadata/badfetch.sql,.sql,983,1a9164e727c82d34c2bc112de83e8e3d3bcc6557a809c92193529efcb54b1f21,script,third_party,oracle/admin third_party helper: badfetch.,READ_ONLY,True,[],False,scripts/third_party/tanel_poder/exadata/badfetch.sql
oracle/admin:scripts/third_party/tanel_poder/exadata/cell.sql,oracle/admin,scripts/third_party/tanel_poder/exadata/cell.sql,.sql,1050,8f912cf4fa9a42822f5db74ee8153d4dc859b1cf7bf62e3c8b14793c6020de44,script,third_party,oracle/admin third_party helper: cell.,READ_ONLY,True,[],False,scripts/third_party/tanel_poder/exadata/cell.sql
oracle/admin:scripts/third_party/tanel_poder/exadata/cell_intrablock_chaining.sql,oracle/admin,scripts/third_party/tanel_poder/exadata/cell_intrablock_chaining.sql,.sql,3375,fff0094e746cc7e1705486f11c3c923c8a3f5216842f2f89d830def9e9d18ac6,script,third_party,oracle/admin third_party helper: cell intrablock chaining.,DESTRUCTIVE,True,[],False,scripts/third_party/tanel_poder/exadata/cell_intrablock_chaining.sql
oracle/admin:scripts/third_party/tanel_poder/exadata/cell_scan_resulting_traffic.sql,oracle/admin,scripts/third_party/tanel_poder/exadata/cell_scan_resulting_traffic.sql,.sql,1327,e360da59a03e3de393c4b7f123c195a968856aff7e4156d2c6ac7cf3ed170509,script,third_party,oracle/admin third_party helper: cell scan resulting traffic.,DESTRUCTIVE,True,[],False,scripts/third_party/tanel_poder/exadata/cell_scan_resulting_traffic.sql
oracle/admin:scripts/third_party/tanel_poder/exadata/cellio.sql,oracle/admin,scripts/third_party/tanel_poder/exadata/cellio.sql,.sql,2320,6f6a0d705a637a5bce2808512c04f14bfbde4c898ffb539d5d295e64dc48cc09,script,third_party,oracle/admin third_party helper: cellio.,READ_ONLY,True,[],False,scripts/third_party/tanel_poder/exadata/cellio.sql
oracle/admin:scripts/third_party/tanel_poder/exadata/celliorm.sql,oracle/admin,scripts/third_party/tanel_poder/exadata/celliorm.sql,.sql,1768,174ae01ae47b7a2e2c5d62ca43a135cd7d11657587feb58b32bfd1de848d3cfb,script,third_party,Report Exadata cell IORM status from V$CELL_CONFIG,READ_ONLY,True,[],False,scripts/third_party/tanel_poder/exadata/celliorm.sql
oracle/admin:scripts/third_party/tanel_poder/exadata/cellpd.sql,oracle/admin,scripts/third_party/tanel_poder/exadata/cellpd.sql,.sql,4950,22790f9a2a0c4f9fe41f9dcc8b4fa60a8011b902abf4e0b0c69812c139286d4b,script,third_party,Report physical disk summary from V$CELL_CONFIG,READ_ONLY,True,[],False,scripts/third_party/tanel_poder/exadata/cellpd.sql
oracle/admin:scripts/third_party/tanel_poder/exadata/cellpdx.sql,oracle/admin,scripts/third_party/tanel_poder/exadata/cellpdx.sql,.sql,4430,6b389bfdb7950bc53ca93da4bd2102b610cbded355c0727fe07e90ebc4873b5e,script,third_party,Report detailed physical disk info from V$CELL_CONFIG,READ_ONLY,True,[],False,scripts/third_party/tanel_poder/exadata/cellpdx.sql
oracle/admin:scripts/third_party/tanel_poder/exadata/cellver.sql,oracle/admin,scripts/third_party/tanel_poder/exadata/cellver.sql,.sql,2026,24673c1e005be51738dea2d09adc1b92ec2222dad8a107f2b3277fab53d0390c,script,third_party,Report Exadata cell details from V$CELL_CONFIG,READ_ONLY,True,[],False,scripts/third_party/tanel_poder/exadata/cellver.sql
oracle/admin:scripts/third_party/tanel_poder/exadata/comptype.sql,oracle/admin,scripts/third_party/tanel_poder/exadata/comptype.sql,.sql,1801,87b91de20ba4062893592c7bc45b7644f1ee2f7cf4b5dcc3b5e55c8d361351e6,script,third_party,oracle/admin third_party helper: comptype.,READ_ONLY,True,[],False,scripts/third_party/tanel_poder/exadata/comptype.sql
oracle/admin:scripts/third_party/tanel_poder/exadata/cth.sql,oracle/admin,scripts/third_party/tanel_poder/exadata/cth.sql,.sql,2672,a7d5866451f81c939e82a808df44591cca3d1ab1c7a6da6b8b3ef7b8615d57ad,script,third_party,"Display the ""ASH for Storage Cells"" info from V$CELL_THREAD_HISTORY",READ_ONLY,True,[],False,scripts/third_party/tanel_poder/exadata/cth.sql
oracle/admin:scripts/third_party/tanel_poder/exadata/default_flash_cache_for_user.sql,oracle/admin,scripts/third_party/tanel_poder/exadata/default_flash_cache_for_user.sql,.sql,1560,215195228a5df88a18f494dd5d62bf1bdfee06eb801da0763570b451e77abe42,script,third_party,oracle/admin third_party helper: default flash cache for user.,CHANGES,True,[],False,scripts/third_party/tanel_poder/exadata/default_flash_cache_for_user.sql
oracle/admin:scripts/third_party/tanel_poder/exadata/demos/bloom_minmax_storage_index.sql,oracle/admin,scripts/third_party/tanel_poder/exadata/demos/bloom_minmax_storage_index.sql,.sql,1434,cea9d64d08806f123f6bcd108473abf0d52f299393663327688109cfcad9e5a7,script,third_party,oracle/admin third_party helper: bloom minmax storage index.,CHANGES,True,[],False,scripts/third_party/tanel_poder/exadata/demos/bloom_minmax_storage_index.sql
oracle/admin:scripts/third_party/tanel_poder/exadata/demos/bloom_minmax_storage_index2.sql,oracle/admin,scripts/third_party/tanel_poder/exadata/demos/bloom_minmax_storage_index2.sql,.sql,1362,a76215dbbe891b03a92a8b60b352aaeeb4644f628b893f61a8c1e0beb59b8311,script,third_party,oracle/admin third_party helper: bloom minmax storage index2.,CHANGES,True,[],False,scripts/third_party/tanel_poder/exadata/demos/bloom_minmax_storage_index2.sql
oracle/admin:scripts/third_party/tanel_poder/exadata/demos/bloom_minmax_storage_index3.sql,oracle/admin,scripts/third_party/tanel_poder/exadata/demos/bloom_minmax_storage_index3.sql,.sql,1452,234ba87b4316981bec037a162da6c71fab191c4bcaf8007763f3d8e9e23054d2,script,third_party,oracle/admin third_party helper: bloom minmax storage index3.,CHANGES,True,[],False,scripts/third_party/tanel_poder/exadata/demos/bloom_minmax_storage_index3.sql
oracle/admin:scripts/third_party/tanel_poder/exadata/demos/flash_cache_demos.sql,oracle/admin,scripts/third_party/tanel_poder/exadata/demos/flash_cache_demos.sql,.sql,2953,dd84e17ffac230fd1fc40fe0fde9fe899798b5abb947a0bf0d4053f23b5a46e3,script,third_party,oracle/admin third_party helper: flash cache demos.,DESTRUCTIVE,True,"['begin_snap_id', 'end_snap_id', 'mysid']",False,scripts/third_party/tanel_poder/exadata/demos/flash_cache_demos.sql
oracle/admin:scripts/third_party/tanel_poder/exadata/demos/get_cust_name.sql,oracle/admin,scripts/third_party/tanel_poder/exadata/demos/get_cust_name.sql,.sql,1231,691fcc58d1f80a24b9ea249b52e05c3e2dfa7df1ceee96f18269ca2c53c6b4c5,script,third_party,oracle/admin third_party helper: get cust name.,CHANGES,True,[],False,scripts/third_party/tanel_poder/exadata/demos/get_cust_name.sql
oracle/admin:scripts/third_party/tanel_poder/exadata/demos/part_table.sql,oracle/admin,scripts/third_party/tanel_poder/exadata/demos/part_table.sql,.sql,2816,efe2024830ee1411240fbf8eee5896565bf4edae36747fcf59f2a547d0712663,script,third_party,oracle/admin third_party helper: part table.,CHANGES,True,['ON'],False,scripts/third_party/tanel_poder/exadata/demos/part_table.sql
oracle/admin:scripts/third_party/tanel_poder/exadata/demos/row_filtering.sql,oracle/admin,scripts/third_party/tanel_poder/exadata/demos/row_filtering.sql,.sql,2057,5a0c3ec0237db71028cc67b2e924a4d87ef195f367fe8cfcb81a3f896941a3ff,script,third_party,oracle/admin third_party helper: row filtering.,CHANGES,True,['mysid'],False,scripts/third_party/tanel_poder/exadata/demos/row_filtering.sql
oracle/admin:scripts/third_party/tanel_poder/exadata/demos/soe_orders.sql,oracle/admin,scripts/third_party/tanel_poder/exadata/demos/soe_orders.sql,.sql,1593,7ab1ff95292ad1a8ebffd2c2151e9ec6857b24a162a529fe2241981ddf6d89c1,script,third_party,oracle/admin third_party helper: soe orders.,READ_ONLY,True,[],False,scripts/third_party/tanel_poder/exadata/demos/soe_orders.sql
oracle/admin:scripts/third_party/tanel_poder/exadata/demos/soe_orders_bloom_storidx.sql,oracle/admin,scripts/third_party/tanel_poder/exadata/demos/soe_orders_bloom_storidx.sql,.sql,941,a6f218f249a3f7c1d63d9612785d6129fe73b2f116c15d46f2211e3fd7027d70,script,third_party,oracle/admin third_party helper: soe orders bloom storidx.,CHANGES,True,[],False,scripts/third_party/tanel_poder/exadata/demos/soe_orders_bloom_storidx.sql
oracle/admin:scripts/third_party/tanel_poder/exadata/demos/soe_orders_index.sql,oracle/admin,scripts/third_party/tanel_poder/exadata/demos/soe_orders_index.sql,.sql,1582,af72d82f16e2614c292845969195129ad035cc5fde5a126d5f4b408bc00cd8f5,script,third_party,oracle/admin third_party helper: soe orders index.,READ_ONLY,True,[],False,scripts/third_party/tanel_poder/exadata/demos/soe_orders_index.sql
oracle/admin:scripts/third_party/tanel_poder/exadata/disable_flash_cache_for_user.sql,oracle/admin,scripts/third_party/tanel_poder/exadata/disable_flash_cache_for_user.sql,.sql,1554,7362395a96020329d46feb11387caaf774be1f59fd56cc2161ffd2ae765aa27b,script,third_party,oracle/admin third_party helper: disable flash cache for user.,CHANGES,True,[],False,scripts/third_party/tanel_poder/exadata/disable_flash_cache_for_user.sql
oracle/admin:scripts/third_party/tanel_poder/exadata/enable_flash_cache_for_user.sql,oracle/admin,scripts/third_party/tanel_poder/exadata/enable_flash_cache_for_user.sql,.sql,1551,d1354a99adb924dda66a0798dd7b566ceeba1a3224fbb20271f8c42eb2246795,script,third_party,oracle/admin third_party helper: enable flash cache for user.,CHANGES,True,[],False,scripts/third_party/tanel_poder/exadata/enable_flash_cache_for_user.sql
oracle/admin:scripts/third_party/tanel_poder/exadata/esql.sql,oracle/admin,scripts/third_party/tanel_poder/exadata/esql.sql,.sql,1510,28d973cb76f2ede9f1ae6462f714a9878d1c138008fb6a1a819ef8655a9cf060,script,third_party,oracle/admin third_party helper: esql.,READ_ONLY,True,[],False,scripts/third_party/tanel_poder/exadata/esql.sql
oracle/admin:scripts/third_party/tanel_poder/exadata/exadisktopo.sql,oracle/admin,scripts/third_party/tanel_poder/exadata/exadisktopo.sql,.sql,11255,182efa9cb62b771761d7e2500b156e7f5a40fc72d6829cd3145a38276da847bb,script,third_party,Report Exadata disk topology from ASM Diskgroup all the way to cell LUNs and Physical disks,READ_ONLY,True,[],False,scripts/third_party/tanel_poder/exadata/exadisktopo.sql
oracle/admin:scripts/third_party/tanel_poder/exadata/exadisktopo2.sql,oracle/admin,scripts/third_party/tanel_poder/exadata/exadisktopo2.sql,.sql,11114,cf02a895d6275c3d3d3296f2b23c9ab62823059f2ed2a8d99e3609371d0dea38,script,third_party,Report Exadata disk topology from cell LUNs and Physical disks all the way to ASM diskgroups,READ_ONLY,True,[],False,scripts/third_party/tanel_poder/exadata/exadisktopo2.sql
oracle/admin:scripts/third_party/tanel_poder/exadata/exafriendly.sql,oracle/admin,scripts/third_party/tanel_poder/exadata/exafriendly.sql,.sql,10185,60be7cbe51b8fa15490e475284d13b2fcd70de53591429e3c9baa8e3a1dbe58b,script,third_party,"This script is a collection of queries against ASH, which will",READ_ONLY,True,"['ash', 'sqlid']",False,scripts/third_party/tanel_poder/exadata/exafriendly.sql
oracle/admin:scripts/third_party/tanel_poder/exadata/exasnap.sql,oracle/admin,scripts/third_party/tanel_poder/exadata/exasnap.sql,.sql,19157,6a29bc162338ca016cf8182a2f9e878ff69cb9419ad12d0fd314b86c0e10a03b,script,third_party,Display various Exadata IO efficiency metrics of a session,READ_ONLY,True,"['asm_mirrors', 'blocksize', 'divisor', 'nothing', 'unit']",False,scripts/third_party/tanel_poder/exadata/exasnap.sql
oracle/admin:scripts/third_party/tanel_poder/exadata/exasnapper_install_latest.sql,oracle/admin,scripts/third_party/tanel_poder/exadata/exasnapper_install_latest.sql,.sql,35205,1499d61c1cfb40dc2334d627bbd4d3da88f3a569fb6d72020cba57fc8b9eaa22,script,third_party,Install required objects for the Session Snapper for Exadata tool,DESTRUCTIVE,True,"['INST', 'MI', 'SS', 'TIME', 'begin_snap_id', 'end_snap_id']",False,scripts/third_party/tanel_poder/exadata/exasnapper_install_latest.sql
oracle/admin:scripts/third_party/tanel_poder/exadata/exastat.py,oracle/admin,scripts/third_party/tanel_poder/exadata/exastat.py,.py,4352,2afd7503b4925d50bc6ee85e3848fb37972ca22ef95f13ee52f36e5ae9a222e5,script,third_party,oracle/admin third_party helper: exastat.,READ_ONLY,True,"['DEBUG', 'name', 'obj', 'timestamp', 'unit', 'value']",False,scripts/third_party/tanel_poder/exadata/exastat.py
oracle/admin:scripts/third_party/tanel_poder/exadata/exatest.sql,oracle/admin,scripts/third_party/tanel_poder/exadata/exatest.sql,.sql,2563,cb3d86e278955e3cb06be1e815d8f512c95d50521f8fb211e9b4bbdf4215b2bd,script,third_party,oracle/admin third_party helper: exatest.,DESTRUCTIVE,True,[],False,scripts/third_party/tanel_poder/exadata/exatest.sql
oracle/admin:scripts/third_party/tanel_poder/exadata/hcc_cu_size.sql,oracle/admin,scripts/third_party/tanel_poder/exadata/hcc_cu_size.sql,.sql,3442,bcef94c00bdce31cdaa351d6e06312a59f148592798427f343adab25232893d3,script,third_party,oracle/admin third_party helper: hcc cu size.,DESTRUCTIVE,True,[],False,scripts/third_party/tanel_poder/exadata/hcc_cu_size.sql
oracle/admin:scripts/third_party/tanel_poder/exadata/hcc_cu_size_cellstats.sql,oracle/admin,scripts/third_party/tanel_poder/exadata/hcc_cu_size_cellstats.sql,.sql,3564,b77ba364096c07ef79a517c7c7eab8b876441871decda35626399af6b610cfb7,script,third_party,oracle/admin third_party helper: hcc cu size cellstats.,DESTRUCTIVE,True,[],False,scripts/third_party/tanel_poder/exadata/hcc_cu_size_cellstats.sql
oracle/admin:scripts/third_party/tanel_poder/exadata/in_memory_px_test.sql,oracle/admin,scripts/third_party/tanel_poder/exadata/in_memory_px_test.sql,.sql,1210,cb01ce8f2b54c72ef4932df8be40a3e1bda7e42ef9d06e3f719ec8894856bb73,script,third_party,oracle/admin third_party helper: in memory px test.,DESTRUCTIVE,True,[],False,scripts/third_party/tanel_poder/exadata/in_memory_px_test.sql
oracle/admin:scripts/third_party/tanel_poder/exadata/io_optimized_sql.sql,oracle/admin,scripts/third_party/tanel_poder/exadata/io_optimized_sql.sql,.sql,1588,19330057a36309a35d46be9cd8fe1a011b48ded075f224e7a5fb30ec271eb7ac,script,third_party,oracle/admin third_party helper: io optimized sql.,READ_ONLY,True,[],False,scripts/third_party/tanel_poder/exadata/io_optimized_sql.sql
oracle/admin:scripts/third_party/tanel_poder/exadata/ioeff.sql,oracle/admin,scripts/third_party/tanel_poder/exadata/ioeff.sql,.sql,6592,9fd98158c5201b6e673172a6692d1820a37f2a6f956c51d4de7865567500e701,script,third_party,Display various Exadata IO efficiency metrics,READ_ONLY,True,[],False,scripts/third_party/tanel_poder/exadata/ioeff.sql
oracle/admin:scripts/third_party/tanel_poder/exadata/make_all_indexes_invisible.sql,oracle/admin,scripts/third_party/tanel_poder/exadata/make_all_indexes_invisible.sql,.sql,1360,fa1108f9baabd322252cb15faff9ee0a732c9d99b2a9958a2a53558e9bf34c6b,script,third_party,oracle/admin third_party helper: make all indexes invisible.,CHANGES,True,[],False,scripts/third_party/tanel_poder/exadata/make_all_indexes_invisible.sql
oracle/admin:scripts/third_party/tanel_poder/exadata/make_all_indexes_visible.sql,oracle/admin,scripts/third_party/tanel_poder/exadata/make_all_indexes_visible.sql,.sql,1309,381a39e74a138476c221be481aac268403d3db38be2c195e9aca4e33f0dd7398,script,third_party,oracle/admin third_party helper: make all indexes visible.,CHANGES,True,[],False,scripts/third_party/tanel_poder/exadata/make_all_indexes_visible.sql
oracle/admin:scripts/third_party/tanel_poder/exadata/mon_topsql.sql,oracle/admin,scripts/third_party/tanel_poder/exadata/mon_topsql.sql,.sql,5208,46fca0386f78af667d40cce3fa45a9073a668e17166f61bc30d3af8ec2a88be5,script,third_party,This script can be used for getting an overview of your most,READ_ONLY,True,['days'],False,scripts/third_party/tanel_poder/exadata/mon_topsql.sql
oracle/admin:scripts/third_party/tanel_poder/exadata/mon_topsql2.sql,oracle/admin,scripts/third_party/tanel_poder/exadata/mon_topsql2.sql,.sql,5695,1a20b7411452f995cdc7e57e1dd555e55a410b7fddf8f998f41221a71ce50be3,script,third_party,oracle/admin third_party helper: mon topsql2.,READ_ONLY,True,"['days', 'separator', 'weekdays']",False,scripts/third_party/tanel_poder/exadata/mon_topsql2.sql
oracle/admin:scripts/third_party/tanel_poder/exadata/nls_smart_scan.sql,oracle/admin,scripts/third_party/tanel_poder/exadata/nls_smart_scan.sql,.sql,1855,da76a043928f21089f1ce55def902d31ed44db7692498b9d779dd79692a25b8d,script,third_party,oracle/admin third_party helper: nls smart scan.,DESTRUCTIVE,True,[],False,scripts/third_party/tanel_poder/exadata/nls_smart_scan.sql
oracle/admin:scripts/third_party/tanel_poder/exadata/smx.sql,oracle/admin,scripts/third_party/tanel_poder/exadata/smx.sql,.sql,1776,39390d91ad88afa166170016810b722fcd1dd448c78392703c667c0d585c55df,script,third_party,oracle/admin third_party helper: smx.,READ_ONLY,True,[],False,scripts/third_party/tanel_poder/exadata/smx.sql
oracle/admin:scripts/third_party/tanel_poder/exadata/topsql.sql,oracle/admin,scripts/third_party/tanel_poder/exadata/topsql.sql,.sql,1165,1291c7090a6be589faaa11bcab719da83804454444ca4c3983de28ad8a1085a4,script,third_party,oracle/admin third_party helper: topsql.,READ_ONLY,True,[],False,scripts/third_party/tanel_poder/exadata/topsql.sql
oracle/admin:scripts/third_party/tanel_poder/exadata/workload_index_control/setup_workload_index_control.sql,oracle/admin,scripts/third_party/tanel_poder/exadata/workload_index_control/setup_workload_index_control.sql,.sql,5105,bb3a1ad5d927489784effecfb2ef780496805d0f3c99d19f956ebc5b55c5c137,script,third_party,oracle/admin third_party helper: setup workload index control.,DESTRUCTIVE,True,['schemaname'],False,scripts/third_party/tanel_poder/exadata/workload_index_control/setup_workload_index_control.sql
oracle/admin:scripts/third_party/tanel_poder/exadata/workload_index_control/test_workload_index_control.sql,oracle/admin,scripts/third_party/tanel_poder/exadata/workload_index_control/test_workload_index_control.sql,.sql,3006,37438a7ca6aa2377851c13d089c43a61c1abfc3b5b8f1ffefeb9ac76324fb553,script,third_party,oracle/admin third_party helper: test workload index control.,DESTRUCTIVE,True,[],False,scripts/third_party/tanel_poder/exadata/workload_index_control/test_workload_index_control.sql
oracle/admin:scripts/third_party/utilities/hot_blocks.sql,oracle/admin,scripts/third_party/utilities/hot_blocks.sql,.sql,2720,62da874684879713bdef79b1ea8f06a4c1cb720ef021dd90281ce7ec4bba75ea,script,third_party,Detects hot blocks.,CHANGES,True,['address'],False,scripts/third_party/utilities/hot_blocks.sql
oracle/admin:scripts/third_party/utilities/longops.sql,oracle/admin,scripts/third_party/utilities/longops.sql,.sql,2709,04575e068a40dc144286a1c5a87f111f2653749fb3fdddfbcae00b8c18bda0f0,script,third_party,oracle/admin third_party helper: longops.,READ_ONLY,True,['USERNAME'],False,scripts/third_party/utilities/longops.sql
oracle/admin:scripts/third_party/utilities/network_acls_ddl.sql,oracle/admin,scripts/third_party/utilities/network_acls_ddl.sql,.sql,4881,785fab0135dd41b5ecc1f74f49e9f5d3203b5a5cfc5f0378827ffcda082eb462,script,third_party,Displays DDL for all network ACLs.,CHANGES,True,"['MI', 'SS', 'TZM']",False,scripts/third_party/utilities/network_acls_ddl.sql
oracle/admin:scripts/third_party/utilities/nonshared.sql,oracle/admin,scripts/third_party/utilities/nonshared.sql,.sql,2120,59852d7bbf696aa0621941dbb0ebde11d1ab8dfc56961f3faa59cc19f3525ac7,script,third_party,Print reasons for non-shared child cursors from v$sql_shared_cursor,CHANGES,True,['cmd'],False,scripts/third_party/utilities/nonshared.sql
oracle/admin:scripts/third_party/utilities/taln.sql,oracle/admin,scripts/third_party/utilities/taln.sql,.sql,1842,b1cb2d53b7ca050fd14a2bec3a306f3aa807c8c34b48d185963d801c1a9c7537,script,third_party,oracle/admin third_party helper: taln.,CHANGES,True,"['MI', 'SS', 'number', 'query']",False,scripts/third_party/utilities/taln.sql
oracle/admin:scripts/third_party/utilities/tun.sql,oracle/admin,scripts/third_party/utilities/tun.sql,.sql,4216,3191324d319c66755a91c3bf497f1c19978cc662d682a8dba2cd411d9b02acf1,script,third_party,Displays several performance indicators and comments on the value.,CHANGES,True,[],False,scripts/third_party/utilities/tun.sql
oracle/admin:scripts/third_party/utilities/undo.sql,oracle/admin,scripts/third_party/utilities/undo.sql,.sql,891,ddbc6a4b605dc26f4d0d38a64fa0c161bba37a9c542d2a380107766cf91b41ba,script,third_party,Displays undo information on relevant database sessions.,CHANGES,True,[],False,scripts/third_party/utilities/undo.sql
oracle/admin:scripts/utilities/10gDB.sh,oracle/admin,scripts/utilities/10gDB.sh,.sh,1355,c5b24642cc6b2e557faef2c8d822103ea201fc08cc5bec1dd3b7184fd53dc9fc,script,utilities,Oracle administration helper: 10gDB.,REVIEW,True,['arg1'],False,scripts/utilities/10gDB.sh
oracle/admin:scripts/utilities/10gEM.sh,oracle/admin,scripts/utilities/10gEM.sh,.sh,1332,3e66edcac4e10cba19eaf6d234559f632af347cad74fe6cf9fa244db25ae4f6f,script,utilities,Oracle administration helper: 10gEM.,REVIEW,True,"['ORACLE_SID', 'arg1', 'arg2']",False,scripts/utilities/10gEM.sh
oracle/admin:scripts/utilities/10genv.sh,oracle/admin,scripts/utilities/10genv.sh,.sh,1286,ecb25f112a2016ce17c63b71972d509bb58743eed28329b63194ab94f28fcc09,script,utilities,Oracle administration helper: 10genv.,REVIEW,True,"['CLASSPATH', 'LD_LIBRARY_PATH', 'ORACLE_BASE', 'ORACLE_HOME', 'PATH', 'PS1']",False,scripts/utilities/10genv.sh
oracle/admin:scripts/utilities/11gDB.sh,oracle/admin,scripts/utilities/11gDB.sh,.sh,1351,9b410fd93a90faaa31425eca9439333c2ba2c9ea51013591c7552356f92cf13d,script,utilities,Oracle administration helper: 11gDB.,REVIEW,True,['arg1'],False,scripts/utilities/11gDB.sh
oracle/admin:scripts/utilities/11gEM.sh,oracle/admin,scripts/utilities/11gEM.sh,.sh,1332,7e037d8bf854343c7b6fa4b5a868dc9013f2853ce57888bccae3fe11fe93a58b,script,utilities,Oracle administration helper: 11gEM.,REVIEW,True,"['ORACLE_SID', 'arg1', 'arg2']",False,scripts/utilities/11gEM.sh
oracle/admin:scripts/utilities/11genv.sh,oracle/admin,scripts/utilities/11genv.sh,.sh,1278,70e97312482e0d646d513205fa2320f7a5946ec7dacc5ec9c293be83d9f00847,script,utilities,Oracle administration helper: 11genv.,REVIEW,True,"['CLASSPATH', 'LD_LIBRARY_PATH', 'ORACLE_BASE', 'ORACLE_HOME', 'ORACLE_SID', 'PATH', 'PS1']",False,scripts/utilities/11genv.sh
oracle/admin:scripts/utilities/Cache_Hits.sql,oracle/admin,scripts/utilities/Cache_Hits.sql,.sql,1080,febc998471aee6438a36d4fe048f563cf1d925c9845b8666b3e1c46ab4536751,script,utilities,Oracle administration helper: Cache Hits(1).,READ_ONLY,True,['variables'],False,scripts/utilities/Cache_Hits.sql
oracle/admin:scripts/utilities/Crear_tabla_as_select_sin_registros.sql,oracle/admin,scripts/utilities/Crear_tabla_as_select_sin_registros.sql,.sql,1002,40108c991aa8c5671c30664bf384d5bf427abc90b8479bdee37f17eb21862533,script,utilities,Oracle administration helper: Crear tabla as select sin registros.,CHANGES,True,['variables'],False,scripts/utilities/Crear_tabla_as_select_sin_registros.sql
oracle/admin:scripts/utilities/CreateQueues.sql,oracle/admin,scripts/utilities/CreateQueues.sql,.sql,5065,54b72098ed93a90f965676a040053693f82d3c2f0547c2b99b6f5bdc67efffbb,script,utilities,Oracle administration helper: CreateQueues.,CHANGES,True,['variables'],False,scripts/utilities/CreateQueues.sql
oracle/admin:scripts/utilities/CursorEfficiency.sql,oracle/admin,scripts/utilities/CursorEfficiency.sql,.sql,2378,b9f2c41aaaded9d8045ad0d1d234e024b6855590c7b5de3966e27532a9569e44,script,utilities,Oracle administration helper: CursorEfficiency.,READ_ONLY,True,['variables'],False,scripts/utilities/CursorEfficiency.sql
oracle/admin:scripts/utilities/DG_troubleshooting.sql,oracle/admin,scripts/utilities/DG_troubleshooting.sql,.sql,13193,9d78d30937774a847d1ecf168858a41e49a316424feb54551b5a4fb9719e73ff,script,utilities,Oracle administration helper: DG troubleshooting.,DESTRUCTIVE,True,"['APPLIED', 'DEST_ID', 'MI', 'SID', 'SQL', 'SS', 'STATE', 'arg4', 'mi', 'ss', 'variables']",False,scripts/utilities/DG_troubleshooting.sql
oracle/admin:scripts/utilities/DOT_ORI.sql,oracle/admin,scripts/utilities/DOT_ORI.sql,.sql,33804,de61a0df0d58cca7382aeec33cc17353f64d8670d4de4f9bd3193c40b54648f7,script,utilities,Oracle administration helper: DOT ORI.,READ_ONLY,True,['variables'],False,scripts/utilities/DOT_ORI.sql
oracle/admin:scripts/utilities/EBSbugs.sql,oracle/admin,scripts/utilities/EBSbugs.sql,.sql,1144,847de2df98d567d371cef7801e0e83f58d82f22c05f725df9ae57132a6da29f5,script,utilities,Oracle administration helper: EBSbugs.,READ_ONLY,True,['variables'],False,scripts/utilities/EBSbugs.sql
oracle/admin:scripts/utilities/EBSprods.sql,oracle/admin,scripts/utilities/EBSprods.sql,.sql,1221,0f2f55b6e7ac2084eb9b7879109547428485e6ac31a36699bc160198cc90268a,script,utilities,Oracle administration helper: EBSprods.,READ_ONLY,True,['variables'],False,scripts/utilities/EBSprods.sql
oracle/admin:scripts/utilities/HardParses.sql,oracle/admin,scripts/utilities/HardParses.sql,.sql,1334,10c129adffc8ba591a9b93f22b9b60cdf402720d177d704207164fd285755720,script,utilities,Oracle administration helper: HardParses.,READ_ONLY,True,['variables'],False,scripts/utilities/HardParses.sql
oracle/admin:scripts/utilities/Identific_Procesos_usuarios.sql,oracle/admin,scripts/utilities/Identific_Procesos_usuarios.sql,.sql,1378,df269d81030d9bb6ef8bcbfef3d49921e0f70d56ffc5fd14007107b96f19a7fa,script,utilities,Oracle administration helper: Identific Procesos usuarios.,READ_ONLY,True,['variables'],False,scripts/utilities/Identific_Procesos_usuarios.sql
oracle/admin:scripts/utilities/IndicesFuncionesEjemplo.sql,oracle/admin,scripts/utilities/IndicesFuncionesEjemplo.sql,.sql,3865,6a2f1e87eb06ecc884c51d085f8fd50b0801150ac8bdbb1d76fe1a59217c2e04,script,utilities,Oracle administration helper: IndicesFuncionesEjemplo.,DESTRUCTIVE,True,['variables'],False,scripts/utilities/IndicesFuncionesEjemplo.sql
oracle/admin:scripts/utilities/Keep_Cache_.sql,oracle/admin,scripts/utilities/Keep_Cache_.sql,.sql,3250,35c270f84475db69147dfc09294fb023040dfeb252279e9b8d5ab03e9ceae093,script,utilities,Oracle administration helper: Keep Cache.,CHANGES,True,['variables'],False,scripts/utilities/Keep_Cache_.sql
oracle/admin:scripts/utilities/Lectura_a_disco.sql,oracle/admin,scripts/utilities/Lectura_a_disco.sql,.sql,1239,daee9871a2063deb7ace59798133519f89d141f094db50406838776cae02d8e7,script,utilities,Oracle administration helper: Lectura a disco.,READ_ONLY,True,['variables'],False,scripts/utilities/Lectura_a_disco.sql
oracle/admin:scripts/utilities/LibCacheOverview10g.sql,oracle/admin,scripts/utilities/LibCacheOverview10g.sql,.sql,11220,db9ad3019fd74f64b009777c70edf5929b47af7d0ab72a7285b0eab043f8649c,script,utilities,Oracle administration helper: LibCacheOverview10g.,READ_ONLY,True,"['mi', 'ss', 'variables', 'x_1time_sum', 'x_1time_ttl', 'x_KGH', 'x_bc_size', 'x_jp_size', 'x_lp_size', 'x_other_size', 'x_ra', 'x_sgasize', 'x_sp_free_chks', 'x_sp_no_kept_chks', 'x_sp_no_obj', 'x_sp_no_pins', 'x_sp_no_stmts', 'x_sp_other', 'x_sp_size', 'x_sp_sz_kept_chks', 'x_sp_sz_pins', 'x_sp_used', 'x_sp_used_per', 'x_sp_used_run', 'x_sp_used_shr', 'x_sp_vers', 'x_str_size', 'x_tot_lc', 'x_trend_4031', 'x_trend_rs', 'x_trend_rs_size', 'x_trend_size']",False,scripts/utilities/LibCacheOverview10g.sql
oracle/admin:scripts/utilities/LibCacheOverview9i.sql,oracle/admin,scripts/utilities/LibCacheOverview9i.sql,.sql,10180,561ba21fe5800dfdb6facaa9b3b33d1d6c8550fad33698d9788d8e91b508da7a,script,utilities,Oracle administration helper: LibCacheOverview9i.,READ_ONLY,True,"['mi', 'ss', 'variables', 'x_1time_sum', 'x_1time_ttl', 'x_bc_size', 'x_jp_size', 'x_lp_size', 'x_other_size', 'x_sgasize', 'x_sp_free_chks', 'x_sp_no_kept_chks', 'x_sp_no_obj', 'x_sp_no_pins', 'x_sp_no_stmts', 'x_sp_other', 'x_sp_size', 'x_sp_sz_kept_chks', 'x_sp_sz_pins', 'x_sp_used', 'x_sp_used_per', 'x_sp_used_run', 'x_sp_used_shr', 'x_sp_vers', 'x_tot_lc', 'x_trend_4031', 'x_trend_rs', 'x_trend_rs_size', 'x_trend_size']",False,scripts/utilities/LibCacheOverview9i.sql
oracle/admin:scripts/utilities/Literals10g.sql,oracle/admin,scripts/utilities/Literals10g.sql,.sql,2636,f4b677296dbf5eadb652c0ecc06eba38084f00c201dfc51acf99da737ef2393c,script,utilities,Oracle administration helper: Literals10g.,DESTRUCTIVE,True,"['TIME_ZONE', 'variables']",False,scripts/utilities/Literals10g.sql
oracle/admin:scripts/utilities/Literals9i.sql,oracle/admin,scripts/utilities/Literals9i.sql,.sql,2623,8206d891ebb1277617ae284cde3ada540741b4bdc8500b0ddfe1b912219814cf,script,utilities,Oracle administration helper: Literals9i.,DESTRUCTIVE,True,"['TIME_ZONE', 'variables']",False,scripts/utilities/Literals9i.sql
oracle/admin:scripts/utilities/Lockeos10G.sql,oracle/admin,scripts/utilities/Lockeos10G.sql,.sql,1530,e65effc0deae5e42aaa4c7a693733f2bad3c29a35e1f7249df84afa22902aaff,script,utilities,Oracle administration helper: Lockeos10G.,READ_ONLY,True,['variables'],False,scripts/utilities/Lockeos10G.sql
oracle/admin:scripts/utilities/LogFileSwitchHistory.sql,oracle/admin,scripts/utilities/LogFileSwitchHistory.sql,.sql,2858,5b9a890b7fbd7710c20da3c9b87eaa2072d45a7f8a5880bf95bad9a40f968ca6,script,utilities,Oracle administration helper: LogFileSwitchHistory.,READ_ONLY,True,['variables'],False,scripts/utilities/LogFileSwitchHistory.sql
oracle/admin:scripts/utilities/Loks10g.sql,oracle/admin,scripts/utilities/Loks10g.sql,.sql,1279,5d84a343a4f3406a3c2b8a38cfbf269d1d4528614d27aded66cde9d1b879445b,script,utilities,Oracle administration helper: Loks10g.,READ_ONLY,True,['variables'],False,scripts/utilities/Loks10g.sql
oracle/admin:scripts/utilities/Long Rollbacks.sql,oracle/admin,scripts/utilities/Long Rollbacks.sql,.sql,1350,444395777c83c6c475e3ccdb598b8b230aab225d19458e1761a434ed5b18d818,script,utilities,Oracle administration helper: Long Rollbacks.,READ_ONLY,True,['variables'],False,scripts/utilities/Long Rollbacks.sql
oracle/admin:scripts/utilities/MemoriaOcupadaxProceduresPack.sql,oracle/admin,scripts/utilities/MemoriaOcupadaxProceduresPack.sql,.sql,1288,228277dcd9029fff5cddf3021e05bd88c083417d5e0ddb7288b1ba5806b01175,script,utilities,Oracle administration helper: MemoriaOcupadaxProceduresPack.,READ_ONLY,True,['variables'],False,scripts/utilities/MemoriaOcupadaxProceduresPack.sql
oracle/admin:scripts/utilities/Miner_LOG.sql,oracle/admin,scripts/utilities/Miner_LOG.sql,.sql,3677,3af71318b0b2419f9bb33fc76d809536d407df0e762eac458872388b76bb8e08,script,utilities,Oracle administration helper: Miner LOG.,CHANGES,True,"['MI', 'SS', 'variables']",False,scripts/utilities/Miner_LOG.sql
oracle/admin:scripts/utilities/Mvtabs.sql,oracle/admin,scripts/utilities/Mvtabs.sql,.sql,2126,f77c0b8100f85c2185f0c58104f65886759a896bf081f27403c2dfef8fc7e616,script,utilities,Oracle administration helper: Mvtabs.,CHANGES,True,"['owner', 'tabname', 'variables']",False,scripts/utilities/Mvtabs.sql
oracle/admin:scripts/utilities/OWB_refrescos.sql,oracle/admin,scripts/utilities/OWB_refrescos.sql,.sql,3575,c2d0da8ddec0a909e2e1596a5cdb6a6a03f35670ddecc2165f3050eb531acbcf,script,utilities,Oracle administration helper: OWB refrescos.,READ_ONLY,True,['variables'],False,scripts/utilities/OWB_refrescos.sql
oracle/admin:scripts/utilities/PGA_OrdenamientosenDisco.sql,oracle/admin,scripts/utilities/PGA_OrdenamientosenDisco.sql,.sql,1248,366aab4732dbb07d5674623a5af6660108e73803f8a8a178e39a60322577b480,script,utilities,Oracle administration helper: PGA OrdenamientosenDisco.,READ_ONLY,True,['variables'],False,scripts/utilities/PGA_OrdenamientosenDisco.sql
oracle/admin:scripts/utilities/PGA_SESION.sql,oracle/admin,scripts/utilities/PGA_SESION.sql,.sql,1159,c954f706ea45745e56c8a1154fbb2ed4df2c008fc39fd799eb8e6e2306ed4343,script,utilities,Oracle administration helper: PGA SESION.,READ_ONLY,True,['variables'],False,scripts/utilities/PGA_SESION.sql
oracle/admin:scripts/utilities/Parallel_Query.sql,oracle/admin,scripts/utilities/Parallel_Query.sql,.sql,1331,2269cc8619378b729c4c20f9f094ca9167a16609d10481355a625699502a2ff6,script,utilities,Oracle administration helper: Parallel Query.,READ_ONLY,True,['variables'],False,scripts/utilities/Parallel_Query.sql
oracle/admin:scripts/utilities/PinCandidates.sql,oracle/admin,scripts/utilities/PinCandidates.sql,.sql,3059,0df4dbe86a851811113824e270c5adfd042b8b8163a37612088e0c961fafa6cd,script,utilities,Oracle administration helper: PinCandidates.,READ_ONLY,True,['variables'],False,scripts/utilities/PinCandidates.sql
oracle/admin:scripts/utilities/PinnedCode.sql,oracle/admin,scripts/utilities/PinnedCode.sql,.sql,3201,d07a02691954c5f13696d7bdbba694af024de47e01dc8aeb734338f2cb39c8d2,script,utilities,Oracle administration helper: PinnedCode.,READ_ONLY,True,['variables'],False,scripts/utilities/PinnedCode.sql
oracle/admin:scripts/utilities/PoolAdvice.sql,oracle/admin,scripts/utilities/PoolAdvice.sql,.sql,1505,c6ed55632edcbe2e10144c572fb12d428c542767f1a37238d1262dcaa586545c,script,utilities,Oracle administration helper: PoolAdvice.,READ_ONLY,True,['variables'],False,scripts/utilities/PoolAdvice.sql
oracle/admin:scripts/utilities/PostgreSQL_Monit.sql,oracle/admin,scripts/utilities/PostgreSQL_Monit.sql,.sql,3674,31618008c0b09a0b719821ec66a4b086110fda2b57c12124da68cc6dff310b18,script,utilities,Oracle administration helper: PostgreSQL Monit.,READ_ONLY,True,"['OPDB', 'PGPORT', 'variables']",False,scripts/utilities/PostgreSQL_Monit.sql
oracle/admin:scripts/utilities/ProdtvPeru.sql,oracle/admin,scripts/utilities/ProdtvPeru.sql,.sql,12351,36e4f8f05f4b3203431c63b19060f71571031d05a1b62ca7cc055d6ebc1a25b7,script,utilities,Oracle administration helper: ProdtvPeru.,DESTRUCTIVE,True,"['COLUMNA_INDICE', 'FOREIGN_KEY', 'INDICE', 'NEW', 'OWNER', 'TABLA', 'variables']",False,scripts/utilities/ProdtvPeru.sql
oracle/admin:scripts/utilities/ProductsOA11i.sql,oracle/admin,scripts/utilities/ProductsOA11i.sql,.sql,5965,8552f0cee6874b0a5a0b262f765bb3970757afc845f20198b89c335505349938,script,utilities,Oracle administration helper: ProductsOA11i.,READ_ONLY,True,['variables'],False,scripts/utilities/ProductsOA11i.sql
oracle/admin:scripts/utilities/Queries_AnalyticExamples.sql,oracle/admin,scripts/utilities/Queries_AnalyticExamples.sql,.sql,1742,4e56ca82638897568aebb62821d3c0a94a31336f2705eb7fa5961f3b7068cbca,script,utilities,Oracle administration helper: Queries AnalyticExamples.,READ_ONLY,True,['variables'],False,scripts/utilities/Queries_AnalyticExamples.sql
oracle/admin:scripts/utilities/Query Rpt109.sql,oracle/admin,scripts/utilities/Query Rpt109.sql,.sql,16362,30ce1488c9e2d3f8e9e1acddc3ccee3ed0921c50302221bb15edb1162f5d172e,script,utilities,Oracle administration helper: Query Rpt109.,READ_ONLY,True,"['P_FECHA_DESDE', 'P_FECHA_HASTA', 'variables']",False,scripts/utilities/Query Rpt109.sql
oracle/admin:scripts/utilities/README.md,oracle/admin,scripts/utilities/README.md,.md,57281,5f555011ca85476ee6a171ab578b7ece27b76914e6983cf2e2cdad1f188adf08,documentation,utilities,oracle/admin utilities helper: README.,READ_ONLY,True,[],False,scripts/utilities/README.md
oracle/admin:scripts/utilities/ReservedAnalysis.sql,oracle/admin,scripts/utilities/ReservedAnalysis.sql,.sql,4462,2d23b3c08731197e72b5fb7b68ca52fc0fd654a941c99797bd49277bd7d9378f,script,utilities,Oracle administration helper: ReservedAnalysis.,READ_ONLY,True,['variables'],False,scripts/utilities/ReservedAnalysis.sql
oracle/admin:scripts/utilities/SGAComponents.sql,oracle/admin,scripts/utilities/SGAComponents.sql,.sql,3084,23e3766ffbb650894afa9f3aecc760f6cd799713dad03dc4e2ff8f96f4531a2b,script,utilities,Oracle administration helper: SGAComponents.,READ_ONLY,True,"['mi', 'ss', 'variables']",False,scripts/utilities/SGAComponents.sql
oracle/admin:scripts/utilities/SGAComponents11g.sql,oracle/admin,scripts/utilities/SGAComponents11g.sql,.sql,3477,1f2ed792fc8b6f55c9a2d8c0ec2695c677297d39e69aee164a986e87db789f35,script,utilities,Oracle administration helper: SGAComponents11g.,READ_ONLY,True,"['mi', 'ss', 'variables']",False,scripts/utilities/SGAComponents11g.sql
oracle/admin:scripts/utilities/SGAParameters.sql,oracle/admin,scripts/utilities/SGAParameters.sql,.sql,11151,f802c081675066375b6ba0b07d219b8680e373f4750231c7f26e6e0246588ccd,script,utilities,Oracle administration helper: SGAParameters.,READ_ONLY,True,"['mi', 'ss', 'variables']",False,scripts/utilities/SGAParameters.sql
oracle/admin:scripts/utilities/SGAParameters11g.sql,oracle/admin,scripts/utilities/SGAParameters11g.sql,.sql,12220,1cfdcd4d9267e1c182890f7e531ced7c76bdc004add6a7b7aaa17d6725ee85aa,script,utilities,Oracle administration helper: SGAParameters11g.,READ_ONLY,True,['variables'],False,scripts/utilities/SGAParameters11g.sql
oracle/admin:scripts/utilities/SGAStat.sql,oracle/admin,scripts/utilities/SGAStat.sql,.sql,4006,fce83a57825b46bb77383467b65fb2e355e2d7659e11a87a4376e37055ca6498,script,utilities,Oracle administration helper: SGAStat.,READ_ONLY,True,"['PLW_STR_NEW_LEN_VEC', 'mi', 'ss', 'variables']",False,scripts/utilities/SGAStat.sql
oracle/admin:scripts/utilities/SQLMemory10g.sql,oracle/admin,scripts/utilities/SQLMemory10g.sql,.sql,2736,f62a0b55edaa560f934d3a4718b4dde7cb4f5a6906b29f5a04af67b32caae863,script,utilities,Oracle administration helper: SQLMemory10g.,READ_ONLY,True,['variables'],False,scripts/utilities/SQLMemory10g.sql
oracle/admin:scripts/utilities/SQLMemory11g.sql,oracle/admin,scripts/utilities/SQLMemory11g.sql,.sql,1970,55fadaf5c0d93106d08a7abadb4624ed1f5b18a6a268354ac35846548cfc2744,script,utilities,Oracle administration helper: SQLMemory11g.,READ_ONLY,True,['variables'],False,scripts/utilities/SQLMemory11g.sql
oracle/admin:scripts/utilities/SQLMemory9i.sql,oracle/admin,scripts/utilities/SQLMemory9i.sql,.sql,2708,1c5437d23acc225d15b97a745bd371c7fac735576b3897f89ea4c1b7d6aaa4b5,script,utilities,Oracle administration helper: SQLMemory9i.,READ_ONLY,True,['variables'],False,scripts/utilities/SQLMemory9i.sql
oracle/admin:scripts/utilities/SQLVersions10g.sql,oracle/admin,scripts/utilities/SQLVersions10g.sql,.sql,6141,6c441961acfe35d086fe6c17c4337cf16a6609413b8d08ad23f1467cd37a182f,script,utilities,Oracle administration helper: SQLVersions10g.,CHANGES,True,"['B1', 'B10', 'B2', 'B3', 'B4', 'B5', 'B6', 'B7', 'B8', 'B9', 'dbid', 'variables']",False,scripts/utilities/SQLVersions10g.sql
oracle/admin:scripts/utilities/SQLVersions11g.sql,oracle/admin,scripts/utilities/SQLVersions11g.sql,.sql,2265,7737a552e03f153cc73c9075ddf4ac056ebac74c45514c1b6edb7e3d81cfefcd,script,utilities,Oracle administration helper: SQLVersions11g.,READ_ONLY,True,['variables'],False,scripts/utilities/SQLVersions11g.sql
oracle/admin:scripts/utilities/SQLVersions9i.sql,oracle/admin,scripts/utilities/SQLVersions9i.sql,.sql,4009,922084ddc07bd08c0a6ffd1ff68d84d380fee8b8de9ca3d03dbee25128d7c8c3,script,utilities,Oracle administration helper: SQLVersions9i.,CHANGES,True,"['B1', 'variables']",False,scripts/utilities/SQLVersions9i.sql
oracle/admin:scripts/utilities/SQL_Usuario_consume_mayor_recurso.sql,oracle/admin,scripts/utilities/SQL_Usuario_consume_mayor_recurso.sql,.sql,1307,749ca86f19a787f509d08ef553f895254d7fe865597c3ced73f1e16bf0e54e4a,script,utilities,Oracle administration helper: SQL Usuario consume mayor recurso.,READ_ONLY,True,['variables'],False,scripts/utilities/SQL_Usuario_consume_mayor_recurso.sql
oracle/admin:scripts/utilities/SQL_actual_de_Usuario.sql,oracle/admin,scripts/utilities/SQL_actual_de_Usuario.sql,.sql,1113,97b0a5cbca2016bb99833adecd062a30237da2ecf931942fce7886915e5c0205,script,utilities,Oracle administration helper: SQL actual de Usuario.,READ_ONLY,True,"['USERNAME', 'variables']",False,scripts/utilities/SQL_actual_de_Usuario.sql
oracle/admin:scripts/utilities/Script_Creac_Indices.sql,oracle/admin,scripts/utilities/Script_Creac_Indices.sql,.sql,4847,ace6f1cbcb76dbd76f1468040db218c27c21f11c8abe16caf216c3682b23c101,script,utilities,Oracle administration helper: Script Creac Indices.,DESTRUCTIVE,True,['variables'],False,scripts/utilities/Script_Creac_Indices.sql
oracle/admin:scripts/utilities/SelectTablasExport.sql,oracle/admin,scripts/utilities/SelectTablasExport.sql,.sql,1040,175656dca1171a9fcbf9281160f57f28e49d392f4dd55c1c2d41d303db60c7b1,script,utilities,Oracle administration helper: SelectTablasExport.,READ_ONLY,True,['variables'],False,scripts/utilities/SelectTablasExport.sql
oracle/admin:scripts/utilities/TrendsLC.sql,oracle/admin,scripts/utilities/TrendsLC.sql,.sql,4994,53fb6c8f0965c9f3075ad17534645df1ab70ab3f4669f7c19b9a3059fa3f94bb,script,utilities,Oracle administration helper: TrendsLC.,READ_ONLY,True,"['mi', 'variables']",False,scripts/utilities/TrendsLC.sql
oracle/admin:scripts/utilities/Tuns.sql,oracle/admin,scripts/utilities/Tuns.sql,.sql,17195,9f9e1d18d30409d4370c60758e6419ff450f43e1cd87d6f12837a959e0832701,script,utilities,Oracle administration helper: Tuns.,DESTRUCTIVE,True,"['FREE_SPACE', 'MI', 'REQUEST_FAILURES', 'REQUEST_MISSES', 'variables']",False,scripts/utilities/Tuns.sql
oracle/admin:scripts/utilities/Uso_Actual_de_componentes_en_memoria.sql,oracle/admin,scripts/utilities/Uso_Actual_de_componentes_en_memoria.sql,.sql,1182,929a809be0b73b867eddc0fc586025d802133bbe7bd486fca09fec22d9917ced,script,utilities,Oracle administration helper: Uso Actual de componentes en memoria.,READ_ONLY,True,['variables'],False,scripts/utilities/Uso_Actual_de_componentes_en_memoria.sql
oracle/admin:scripts/utilities/Ver_posicion_indices_FK.sql,oracle/admin,scripts/utilities/Ver_posicion_indices_FK.sql,.sql,3363,d3ec28c3152a60af8cf8f22e5c0abb53316ebf35a59559d8167f2d8042fafb65,script,utilities,Oracle administration helper: Ver posicion indices FK (2).,READ_ONLY,True,['variables'],False,scripts/utilities/Ver_posicion_indices_FK.sql
oracle/admin:scripts/utilities/a_sql.sql,oracle/admin,scripts/utilities/a_sql.sql,.sql,1056,bd3752ea9b4039e25f0c8e3256567730c34fc34cdad411ab2409dfa8a4080c88,script,utilities,Oracle administration helper: a sql.,REVIEW,True,"['sql_id', 'variables']",False,scripts/utilities/a_sql.sql
oracle/admin:scripts/utilities/accessobj.sql,oracle/admin,scripts/utilities/accessobj.sql,.sql,1045,9cd5bc358efe437675893ed0d9e7b59f44fccd5bcfe2d75350819f7236cd51a6,script,utilities,Oracle administration helper: accessobj.,READ_ONLY,True,['variables'],False,scripts/utilities/accessobj.sql
oracle/admin:scripts/utilities/active_services.sql,oracle/admin,scripts/utilities/active_services.sql,.sql,936,29c7abe6b03e62d670577160a14c83f02751fd2e01619c274426ca57166c9d78,script,utilities,Oracle administration helper: active services.,READ_ONLY,True,['variables'],False,scripts/utilities/active_services.sql
oracle/admin:scripts/utilities/add_partitions.sql,oracle/admin,scripts/utilities/add_partitions.sql,.sql,2248,8304782b328642de4d26e19c0f35d88e2f46b1a3a3790983b529abb559766905,script,utilities,Oracle administration helper: add partitions.,CHANGES,True,"['MI', 'NLS_CALENDAR', 'SS', 'add_par', 'cnt_part', 'min_month', 'min_year', 'table_name', 'table_owner', 'variables']",False,scripts/utilities/add_partitions.sql
oracle/admin:scripts/utilities/add_sql_stability_baseline.sql,oracle/admin,scripts/utilities/add_sql_stability_baseline.sql,.sql,1256,37c63677f55c008b77c348313fdae9e9d7203e42c4bc5966650b437feaad0547,script,utilities,Oracle administration helper: add sql stability baseline.,REVIEW,True,['variables'],False,scripts/utilities/add_sql_stability_baseline.sql
oracle/admin:scripts/utilities/addm_rep.sh,oracle/admin,scripts/utilities/addm_rep.sh,.sh,2836,fdf0ae0a0ec55d8e60e104b874bbd2f9b6316ce0d414f5e8f6e52fb12fc4096c,script,utilities,oracle/admin utilities helper: addm rep.,READ_ONLY,True,"['DEFVARIA', 'DIAS', 'FECHA', 'HOST', 'LEJEC', 'LOGF', 'MAIL', 'NOMBRE_BASE', 'ORACLE_SID', 'VAWR', 'arg1', 'arg2', 'arg3']",False,scripts/utilities/addm_rep.sh
oracle/admin:scripts/utilities/administrar_lobs.sql,oracle/admin,scripts/utilities/administrar_lobs.sql,.sql,2508,e5151ca7c85164b584427c0601d529b58bd674fbb58f635eb21538219e3ebb59,script,utilities,Oracle administration helper: administrar lobs.,CHANGES,True,['variables'],False,scripts/utilities/administrar_lobs.sql
oracle/admin:scripts/utilities/advisor_progress.sql,oracle/admin,scripts/utilities/advisor_progress.sql,.sql,1301,cbc5443752aa3a1491d8937854a18b0cc50f85d2b4b65de85d935dd6d9c7f441,script,utilities,Oracle administration helper: advisor progress.,READ_ONLY,True,"['TASKID', 'taskid', 'variables']",False,scripts/utilities/advisor_progress.sql
oracle/admin:scripts/utilities/afd_refresh.sh,oracle/admin,scripts/utilities/afd_refresh.sh,.sh,5696,bb7585be4cf94ea9f28ae158a9872744434036f9b4d457d8000a2cbc7cb69fb0,script,utilities,Oracle administration helper: afd refresh.,CHANGES,True,"['ORA_DATA_01', 'ORA_DATA_02', 'ORA_DATA_03', 'ORA_FRA_01']",False,scripts/utilities/afd_refresh.sh
oracle/admin:scripts/utilities/alert_log_raise_error_simula.sql,oracle/admin,scripts/utilities/alert_log_raise_error_simula.sql,.sql,1145,2c05cf9ab36c1ce7f4c1ccf6526e329bc11ce3056f549aca4b0989af5c7637a4,script,utilities,Oracle administration helper: alert log raise error simula.,CHANGES,True,['variables'],False,scripts/utilities/alert_log_raise_error_simula.sql
oracle/admin:scripts/utilities/alert_log_table_create.sql,oracle/admin,scripts/utilities/alert_log_table_create.sql,.sql,3071,2d8e9cfcd12d85d97386cf8e19441ea4997393619a44c2043fbf048c4afb8e41,script,utilities,oracle/admin utilities helper: alert log table create.,DESTRUCTIVE,True,"['MI', 'NLS_DATE_LANGUAGE', 'OWNER', 'SS', 'TBS', '_DB', '_bdump', 'alert_length']",False,scripts/utilities/alert_log_table_create.sql
oracle/admin:scripts/utilities/alert_log_table_update.sql,oracle/admin,scripts/utilities/alert_log_table_update.sql,.sql,4774,3e56cd2da5a3388b21a2408cbc644a2080fcebe0eb6a7b15f11781b12fab3f5b,script,utilities,oracle/admin utilities helper: alert log table update.,CHANGES,True,"['mi', 'ss']",False,scripts/utilities/alert_log_table_update.sql
oracle/admin:scripts/utilities/all_object_usage.sql,oracle/admin,scripts/utilities/all_object_usage.sql,.sql,3207,98bd29eb65552d4fa236e589cd98e915b3c27ed3490e70867dbc53385e093626,script,utilities,Oracle administration helper: all object usage.,CHANGES,True,['variables'],False,scripts/utilities/all_object_usage.sql
oracle/admin:scripts/utilities/all_tab_partitions.sql,oracle/admin,scripts/utilities/all_tab_partitions.sql,.sql,1474,c06cd0ae0ee69676c7fc28ec56ce4da3ab71f9eca10b6652c86b0af3a7ecb525,script,utilities,Oracle administration helper: all tab partitions.,DESTRUCTIVE,True,['variables'],False,scripts/utilities/all_tab_partitions.sql
oracle/admin:scripts/utilities/all_tab_partitions_high_value.sql,oracle/admin,scripts/utilities/all_tab_partitions_high_value.sql,.sql,1511,a870d1e1a549f3318a577e4bbeff710e5c2b3448065d9c20808ecef061209226,script,utilities,Oracle administration helper: all tab partitions high value.,DESTRUCTIVE,True,['variables'],False,scripts/utilities/all_tab_partitions_high_value.sql
oracle/admin:scripts/utilities/apex_config.sql,oracle/admin,scripts/utilities/apex_config.sql,.sql,2424,2b0df0b530b9a8ae4dda9d3c1c9287ca7d8167fd160c148a012f80adb89dba44,script,utilities,Oracle administration helper: apex config.,READ_ONLY,True,['variables'],False,scripts/utilities/apex_config.sql
oracle/admin:scripts/utilities/apex_logs.sql,oracle/admin,scripts/utilities/apex_logs.sql,.sql,1363,fd686a2d08c662114c1897076ef15c1e000f1d252adcb7cb11b8ca4b8c741880,script,utilities,Oracle administration helper: apex logs.,READ_ONLY,True,['variables'],False,scripts/utilities/apex_logs.sql
oracle/admin:scripts/utilities/ash_sql_id_pga.sql,oracle/admin,scripts/utilities/ash_sql_id_pga.sql,.sql,1800,61b2d9a29a5ef2b349bab153145472e4502b53789a3180f924ea92bd98125996,script,utilities,Oracle administration helper: ash sql id pga.,READ_ONLY,True,"['IS_SQLID_CURRENT', 'seconds', 'top', 'variables']",False,scripts/utilities/ash_sql_id_pga.sql
oracle/admin:scripts/utilities/ash_sql_id_pga_hist.sql,oracle/admin,scripts/utilities/ash_sql_id_pga_hist.sql,.sql,2788,0ede1d8d8a2c0fa9da08a05927b63b132e6727502cdc326e18775a133b14c1ef,script,utilities,Oracle administration helper: ash sql id pga hist.,DESTRUCTIVE,True,"['IS_SQLID_CURRENT', 'MI', 'SS', 'days', 'top', 'variables']",False,scripts/utilities/ash_sql_id_pga_hist.sql
oracle/admin:scripts/utilities/awr_rep.sh,oracle/admin,scripts/utilities/awr_rep.sh,.sh,2804,c93cc319a0a1f417d3346fa0fdea026eaca7fa7c4ba20c0f1873daff7e75a4dd,script,utilities,oracle/admin utilities helper: awr rep.,READ_ONLY,True,"['DEFVARIA', 'DIAS', 'FECHA', 'HOST', 'LEJEC', 'LOGF', 'NOMBRE_BASE', 'ORACLE_SID', 'VAWR', 'arg1', 'arg2']",False,scripts/utilities/awr_rep.sh
oracle/admin:scripts/utilities/awr_reports.sql,oracle/admin,scripts/utilities/awr_reports.sql,.sql,1255,17bb79e4f488acd0a2243408db581deb9013b939f7e343c942cf2b079af48971,script,utilities,Oracle administration helper: awr reports.,READ_ONLY,True,"['days', 'variables']",False,scripts/utilities/awr_reports.sql
oracle/admin:scripts/utilities/awr_sql_object_avg_dy.sql,oracle/admin,scripts/utilities/awr_sql_object_avg_dy.sql,.sql,1684,85fc12b7cbb67f7f98167c811ac29248c5af100821e5119ab2fb4879c7431763,script,utilities,Oracle administration helper: awr sql object avg dy.,READ_ONLY,True,['variables'],False,scripts/utilities/awr_sql_object_avg_dy.sql
oracle/admin:scripts/utilities/backup.sh,oracle/admin,scripts/utilities/backup.sh,.sh,2235,adecb8f3111ef45f043a321ec84cad890073c14596185c5e418c30cd7e5aab3c,script,utilities,Oracle administration helper: backup.,REVIEW,True,"['LOGFILE', 'LOGPATH', 'arg1']",False,scripts/utilities/backup.sh
oracle/admin:scripts/utilities/backup.sql,oracle/admin,scripts/utilities/backup.sql,.sql,1128,553f6fff6855db70d3617645ca5bcbc9f8592635e5512a6656c864c828d86636,script,utilities,Oracle administration helper: backup.,READ_ONLY,True,['variables'],False,scripts/utilities/backup.sql
oracle/admin:scripts/utilities/banner.sql,oracle/admin,scripts/utilities/banner.sql,.sql,911,6af0faae92a777e66ece7431928715bc5346a8ee3071c823be11848541ca071b,script,utilities,Oracle administration helper: banner(1).,READ_ONLY,True,['variables'],False,scripts/utilities/banner.sql
oracle/admin:scripts/utilities/bases.sh,oracle/admin,scripts/utilities/bases.sh,.sh,4013,ef977e591cc9f0b26dc60383b3e09982fcaa1fbb1d393ee9bf72f10c5c8ae21d,script,utilities,Oracle administration helper: bases.,REVIEW,True,"['AMBIENTE', 'CRITICAL', 'DATFILE', 'HOST', 'LASTFIELD', 'MAIL_DBAS', 'MAIL_MSG', 'MAIL_OPERADORES', 'MAIL_TO', 'NOTIFICATION', 'ORACLE_HOME', 'ORACLE_SID', 'ORATAB', 'SCRIPT', 'SQLDBA', 'TIPO', 'TMPFILE', 'WARNING', 'arg1', 'arg2', 'arg3', 'arg4']",False,scripts/utilities/bases.sh
oracle/admin:scripts/utilities/bdf.sh,oracle/admin,scripts/utilities/bdf.sh,.sh,2252,7f98a71be6a220e2b3fdba263efd136bb08a07cdbc56991473f255909986db97,script,utilities,Oracle administration helper: bdf.,REVIEW,True,"['DIRTMP', 'IAM', 'TMPF', 'TMPF1', 'arg1', 'arg2', 'arg3', 'arg4', 'arg5', 'arg6', 'arg7', 'arg8', 'arg9', 'bilt']",False,scripts/utilities/bdf.sh
oracle/admin:scripts/utilities/bind_variables_sqlplus_sql.sql,oracle/admin,scripts/utilities/bind_variables_sqlplus_sql.sql,.sql,1104,ffe55d96f2e07cc50b7c8a48da6bf8b0c138fa94c447fea5dda0255e6a32fa59,script,utilities,Oracle administration helper: bind variables sqlplus sql(1).,REVIEW,True,"['P_FTTH', 'P_OTROS_MODEMS', 'P_SATELITAL', 'variables']",False,scripts/utilities/bind_variables_sqlplus_sql.sql
oracle/admin:scripts/utilities/block_status_memory.sql,oracle/admin,scripts/utilities/block_status_memory.sql,.sql,1037,be7f89bb67d9e9c243d69fe7b27d96dd50c1af8f6a9aa28c481d51c2e35ef33b,script,utilities,Oracle administration helper: block status memory(1).,READ_ONLY,True,"['BLOCK', 'FILE', 'variables']",False,scripts/utilities/block_status_memory.sql
oracle/admin:scripts/utilities/blocks_inBuffer.sql,oracle/admin,scripts/utilities/blocks_inBuffer.sql,.sql,2531,75912f40e5e351f6ad838d84578ba3959114993fa593ec4ef01ab5429c108237,script,utilities,Oracle administration helper: blocks inBuffer.,DESTRUCTIVE,True,['variables'],False,scripts/utilities/blocks_inBuffer.sql
oracle/admin:scripts/utilities/blocks_inBuffer_default.sql,oracle/admin,scripts/utilities/blocks_inBuffer_default.sql,.sql,2466,e3d557d0b61f91c7d4a723489ee498a7c833e5484a555f65fac6156b756df54d,script,utilities,Oracle administration helper: blocks inBuffer default.,DESTRUCTIVE,True,['variables'],False,scripts/utilities/blocks_inBuffer_default.sql
oracle/admin:scripts/utilities/blocks_inBuffer_keep.sql,oracle/admin,scripts/utilities/blocks_inBuffer_keep.sql,.sql,2603,0c14923ac5ec36ba5579f39820e10d9b5eb7c00bf2b6514db2d12731450502c0,script,utilities,Oracle administration helper: blocks inBuffer keep.,DESTRUCTIVE,True,['variables'],False,scripts/utilities/blocks_inBuffer_keep.sql
oracle/admin:scripts/utilities/blocks_inBuffer_owner.sql,oracle/admin,scripts/utilities/blocks_inBuffer_owner.sql,.sql,2517,1e635762474fad639ed4f55f0f33fbaa640ec31d8f40d971bb67868252b6c8ec,script,utilities,Oracle administration helper: blocks inBuffer owner.,DESTRUCTIVE,True,"['OWNER', 'variables']",False,scripts/utilities/blocks_inBuffer_owner.sql
oracle/admin:scripts/utilities/borra_tabla_cascade.sql,oracle/admin,scripts/utilities/borra_tabla_cascade.sql,.sql,1036,6871b64d14c4043e03bb83e3c7b3d5ed922c485aef0d85b8f24dded50b16df4a,script,utilities,Oracle administration helper: borra tabla cascade.,DESTRUCTIVE,True,['variables'],False,scripts/utilities/borra_tabla_cascade.sql
oracle/admin:scripts/utilities/borrar_crear_logs_online.sql,oracle/admin,scripts/utilities/borrar_crear_logs_online.sql,.sql,1175,08fc58cce4b6b86df179733bb1184eb4d4b1a2e72e8c5b67d77b2f454e8a4eb2,script,utilities,Oracle administration helper: borrar crear logs online (2).,DESTRUCTIVE,True,['variables'],False,scripts/utilities/borrar_crear_logs_online.sql
oracle/admin:scripts/utilities/brazil1.sql,oracle/admin,scripts/utilities/brazil1.sql,.sql,2056,41e311a77aed4560b0580917de5f4d46e6d0fdb05609b7e3549f6d16f85672ef,script,utilities,Oracle administration helper: brazil1.,READ_ONLY,True,"['MI', 'variables']",False,scripts/utilities/brazil1.sql
oracle/admin:scripts/utilities/brazil2.sql,oracle/admin,scripts/utilities/brazil2.sql,.sql,2276,4087d5995b74ec143d2cc542bd845a324567e9384f4545b7272858c34f3c94d4,script,utilities,Oracle administration helper: brazil2.,READ_ONLY,True,"['MI', 'days_ago', 'variables']",False,scripts/utilities/brazil2.sql
oracle/admin:scripts/utilities/brazil3.sql,oracle/admin,scripts/utilities/brazil3.sql,.sql,3154,ce6def7936308fa012f6d9b654b33cdaa2219e421c58c933384e3e2db7451852,script,utilities,Oracle administration helper: brazil3.,READ_ONLY,True,"['CATEGORY_NAME', 'MI', 'days_ago', 'variables']",False,scripts/utilities/brazil3.sql
oracle/admin:scripts/utilities/broker_check.sh,oracle/admin,scripts/utilities/broker_check.sh,.sh,737,77a6f1dbde1f6f9c8faee9f0e40e43ccf978fae267306486922b86833931dbb7,script,utilities,oracle/admin utilities helper: broker check.,READ_ONLY,True,"['ORACLE_HOME', 'ORACLE_SID']",False,scripts/utilities/broker_check.sh
oracle/admin:scripts/utilities/buffer_cache_.sql,oracle/admin,scripts/utilities/buffer_cache_.sql,.sql,2432,bb33f202e4c7c25d59011a6bc3dbef0b53385e3e9b85038f3906f27b042e50ab,script,utilities,Oracle administration helper: buffer cache (1).,READ_ONLY,True,['variables'],False,scripts/utilities/buffer_cache_.sql
oracle/admin:scripts/utilities/buffer_hit_ratio.sql,oracle/admin,scripts/utilities/buffer_hit_ratio.sql,.sql,2000,04e358c95cd941b732f03e524edb5ea013a7e3a20c234f3fd74b57cc73f8f04b,script,utilities,oracle/admin utilities helper: buffer hit ratio.,READ_ONLY,True,[],False,scripts/utilities/buffer_hit_ratio.sql
oracle/admin:scripts/utilities/cache_flush(liberar_memoria).sql,oracle/admin,scripts/utilities/cache_flush(liberar_memoria).sql,.sql,1077,96f26040663e5c7cbf1811b4140a32a1b0e3ec983a923e07998f5a890b6a3f37,script,utilities,Oracle administration helper: cache flush(liberar memoria).,CHANGES,True,['variables'],False,scripts/utilities/cache_flush(liberar_memoria).sql
oracle/admin:scripts/utilities/calcula_estadisticas.sql,oracle/admin,scripts/utilities/calcula_estadisticas.sql,.sql,1260,0a06a1760917dd4fbd142cb38467e46429094feea087c1d20bb90f1a1dcd09fe,script,utilities,Oracle administration helper: calcula estadisticas.,READ_ONLY,True,"['CASCADE', 'mi', 'ss', 'variables']",False,scripts/utilities/calcula_estadisticas.sql
oracle/admin:scripts/utilities/cant_obj_seg_pool.sql,oracle/admin,scripts/utilities/cant_obj_seg_pool.sql,.sql,1222,3570e6dba5b90c3986e2cf28f3fd9710d02b5a310fa3206ff6a4aa15e2debdb7,script,utilities,Oracle administration helper: cant obj seg pool.,READ_ONLY,True,['variables'],False,scripts/utilities/cant_obj_seg_pool.sql
oracle/admin:scripts/utilities/cantidad_extents_objetos.sql,oracle/admin,scripts/utilities/cantidad_extents_objetos.sql,.sql,1400,b406d762dc1f1e6e08348807fa4bd6a8445eba2168bba51df055b59f249534de,script,utilities,Oracle administration helper: cantidad extents objetos.,READ_ONLY,True,['variables'],False,scripts/utilities/cantidad_extents_objetos.sql
oracle/admin:scripts/utilities/cantidad_inserts_sql_area.sql,oracle/admin,scripts/utilities/cantidad_inserts_sql_area.sql,.sql,1594,3024bc4768cc8e6d89b5bd8d71b2241504607947dde19c8c675c1fa87a4d83eb,script,utilities,Oracle administration helper: cantidad inserts sql area.,CHANGES,True,"['mi', 'ss', 'variables']",False,scripts/utilities/cantidad_inserts_sql_area.sql
oracle/admin:scripts/utilities/cdb_create.sql,oracle/admin,scripts/utilities/cdb_create.sql,.sql,2433,195b7857514d29909793a7d230762fca2979591e26c0defa46cc490e35f848de,script,utilities,Oracle administration helper: cdb create(1).,CHANGES,True,['variables'],False,scripts/utilities/cdb_create.sql
oracle/admin:scripts/utilities/cdb_pdbs.sql,oracle/admin,scripts/utilities/cdb_pdbs.sql,.sql,940,851a4413190029adff16fc9952d3525154d8b5585f875b3bac5ec30c575e31ae,script,utilities,Oracle administration helper: cdb pdbs.,READ_ONLY,True,['variables'],False,scripts/utilities/cdb_pdbs.sql
oracle/admin:scripts/utilities/cdb_services.sql,oracle/admin,scripts/utilities/cdb_services.sql,.sql,926,b9ecbcc8dd97a852dea285e7b40b832186161ca1f2e010c6939525f8a34d31c2,script,utilities,Oracle administration helper: cdb services(1).,READ_ONLY,True,['variables'],False,scripts/utilities/cdb_services.sql
oracle/admin:scripts/utilities/chained.sql,oracle/admin,scripts/utilities/chained.sql,.sql,1218,eebeed5eaa3878664235cb110183babbb5f7a2a3b5886926a1949a269484b168,script,utilities,Oracle administration helper: chained(1).,DESTRUCTIVE,True,['variables'],False,scripts/utilities/chained.sql
oracle/admin:scripts/utilities/change_global_pref.sql,oracle/admin,scripts/utilities/change_global_pref.sql,.sql,1005,6cb9a988177afbeac1e8894005ec7e3d6dc82a04a17c2fc41b4ebc3fc021d821,script,utilities,Oracle administration helper: change global pref.,CHANGES,True,['variables'],False,scripts/utilities/change_global_pref.sql
oracle/admin:scripts/utilities/change_table_pref.sql,oracle/admin,scripts/utilities/change_table_pref.sql,.sql,993,f7546a0485b4015ee6c67af6ea82ecccd82d1e5c630e09005019bd9667b23d42,script,utilities,Oracle administration helper: change table pref.,CHANGES,True,['variables'],False,scripts/utilities/change_table_pref.sql
oracle/admin:scripts/utilities/change_window_maitenance.sql,oracle/admin,scripts/utilities/change_window_maitenance.sql,.sql,1505,1853394cc269af0861a61057e1639e698896d2f3842a389198e16b73d852ad92,script,utilities,oracle/admin utilities helper: change window maitenance.,READ_ONLY,True,"['BYDAY', 'BYHOUR', 'BYMINUTE', 'BYSECOND', 'FREQ']",False,scripts/utilities/change_window_maitenance.sql
oracle/admin:scripts/utilities/changing_default_prefs.sql,oracle/admin,scripts/utilities/changing_default_prefs.sql,.sql,3899,ed8b29fc76a157b79d5525ee75bb4ca88b993d7781d1a15d6c5c2c04a94d6153,script,utilities,Oracle administration helper: changing default prefs.,DESTRUCTIVE,True,['variables'],False,scripts/utilities/changing_default_prefs.sql
oracle/admin:scripts/utilities/check_espacio.sql,oracle/admin,scripts/utilities/check_espacio.sql,.sql,4004,94c4e82206ec5dbc3bd4d866829af7746a606b906a6beb73aaad7d2e1e0d187c,script,utilities,Oracle administration helper: check espacio.,CHANGES,True,"['mi', 'ss', 'variables']",False,scripts/utilities/check_espacio.sql
oracle/admin:scripts/utilities/check_global_publish_prefs.sql,oracle/admin,scripts/utilities/check_global_publish_prefs.sql,.sql,1002,12e58e0b33fb5b4b4823592a2fa228db3cfd77b15a17ab02e417a4fbcd45af3d,script,utilities,Oracle administration helper: check global publish prefs.,READ_ONLY,True,['variables'],False,scripts/utilities/check_global_publish_prefs.sql
oracle/admin:scripts/utilities/check_parallel.sql,oracle/admin,scripts/utilities/check_parallel.sql,.sql,3739,80d58a869bb92b63fb41eb31d577bdfaf9ba273ff3214ebdf08189542524b0f5,script,utilities,Oracle administration helper: check parallel.,CHANGES,True,['variables'],False,scripts/utilities/check_parallel.sql
oracle/admin:scripts/utilities/check_products_pref.sql,oracle/admin,scripts/utilities/check_products_pref.sql,.sql,1015,2bac04f571ef133c61df706279639e0e4d0bfccb93bd9e34774db30606708ed4,script,utilities,Oracle administration helper: check products pref.,READ_ONLY,True,['variables'],False,scripts/utilities/check_products_pref.sql
oracle/admin:scripts/utilities/check_publish_prefs.sql,oracle/admin,scripts/utilities/check_publish_prefs.sql,.sql,981,d524f5340c83fdce9fcb15348df056b241ae0a78c60d1cb839dae35feb912a97,script,utilities,Oracle administration helper: check publish prefs.,READ_ONLY,True,['variables'],False,scripts/utilities/check_publish_prefs.sql
oracle/admin:scripts/utilities/check_sales_pref.sql,oracle/admin,scripts/utilities/check_sales_pref.sql,.sql,1014,2873804ef0cdfdbf4eb1e45f1d77150ea2fe2bc8c2de420c3ad550ccacfcfad0,script,utilities,Oracle administration helper: check sales pref.,READ_ONLY,True,['variables'],False,scripts/utilities/check_sales_pref.sql
oracle/admin:scripts/utilities/check_security.sql,oracle/admin,scripts/utilities/check_security.sql,.sql,75222,0b79ff290a74bae2445432d06e285ba3c543a949a8761c7a4931a0b30032fa91,script,utilities,oracle/admin utilities helper: check security.,DESTRUCTIVE,True,"['mi', 'narchivo', 'ss']",False,scripts/utilities/check_security.sql
oracle/admin:scripts/utilities/check_table_publish_prefs.sql,oracle/admin,scripts/utilities/check_table_publish_prefs.sql,.sql,1022,b651f7cdeaa39702c04d2ce8c9e580232e85de6cc6ab6a18d7569449a23ec007,script,utilities,Oracle administration helper: check table publish prefs.,READ_ONLY,True,['variables'],False,scripts/utilities/check_table_publish_prefs.sql
oracle/admin:scripts/utilities/check_undo.sql,oracle/admin,scripts/utilities/check_undo.sql,.sql,2540,74d914fbb0d89125520e35799c70e1ce83458dc950074a6fefc006a6fdcba4ad,script,utilities,Oracle administration helper: check undo.,READ_ONLY,True,"['mi', 'ss', 'variables']",False,scripts/utilities/check_undo.sql
oracle/admin:scripts/utilities/citi_chk_intervals.sql,oracle/admin,scripts/utilities/citi_chk_intervals.sql,.sql,1605,8e097e28737adb50618cfea08da086bbbc794eff9ff32513833300e9d0821c0f,script,utilities,Oracle administration helper: citi chk intervals.,READ_ONLY,True,['variables'],False,scripts/utilities/citi_chk_intervals.sql
oracle/admin:scripts/utilities/citi_health_check.sql,oracle/admin,scripts/utilities/citi_health_check.sql,.sql,4375,c1cba99116c9777283855cd3e57e149cebc2da83616655a04892185e59362116,script,utilities,Oracle administration helper: citi health check.,CHANGES,True,['variables'],False,scripts/utilities/citi_health_check.sql
oracle/admin:scripts/utilities/citi_trg_test.sql,oracle/admin,scripts/utilities/citi_trg_test.sql,.sql,5883,0ffa57487b8261c8863ddd2179d316154b12f2a04c3c5dda6e99ca1533a5628d,script,utilities,Oracle administration helper: citi trg test.,DESTRUCTIVE,True,"['CURRENT_SCHEMA', 'NEW', 'variables']",False,scripts/utilities/citi_trg_test.sql
oracle/admin:scripts/utilities/cloneDBCreation.sql,oracle/admin,scripts/utilities/cloneDBCreation.sql,.sql,2847,9c2a8633627972690c75a9e688076ab8d74bef31c2593909bc737ce505544f31,script,utilities,Oracle administration helper: cloneDBCreation.,DESTRUCTIVE,True,"['sysPassword', 'systemPassword', 'variables']",False,scripts/utilities/cloneDBCreation.sql
oracle/admin:scripts/utilities/coalesce.sql,oracle/admin,scripts/utilities/coalesce.sql,.sql,4886,5c60b2cca062c20f6008669da8416c534f3a8ffcb579b71b57f1224f45a59d04,script,utilities,Oracle administration helper: coalesce.,CHANGES,True,['variables'],False,scripts/utilities/coalesce.sql
oracle/admin:scripts/utilities/coldBkpSols.sh,oracle/admin,scripts/utilities/coldBkpSols.sh,.sh,3705,5a58a1aca93c4d68cba77d607db67bf1fbbfc3ba96ad920480fd6f76474ea393,script,utilities,Oracle administration helper: coldBkpSols.,DESTRUCTIVE,True,"['FECHA', 'NOMBRE_BASE', 'PASSW', 'PTHTMP', 'USUARIO', 'VISTA_CONTROLFILES', 'VISTA_DATAFILES']",False,scripts/utilities/coldBkpSols.sh
oracle/admin:scripts/utilities/cold_backup.sh,oracle/admin,scripts/utilities/cold_backup.sh,.sh,4326,d25d7bf30ea12c1d9ad0b234ea9b0c0e76c4b41d8b52fb30fb8544935ba867ba,script,utilities,Oracle administration helper: cold backup.,DESTRUCTIVE,True,"['FECHA', 'NOMBRE_BASE', 'ORACLE_HOME', 'ORACLE_SID', 'PASSW', 'PATH', 'PTHTMP', 'USUARIO', 'VISTA_CONTROLFILES', 'VISTA_DATAFILES', 'VISTA_TMP_DATAFILES']",False,scripts/utilities/cold_backup.sh
oracle/admin:scripts/utilities/commit_status.sql,oracle/admin,scripts/utilities/commit_status.sql,.sql,1379,a4b7e40fd3e0a73d5f989800800072275f412d8c794ca1f8a369819f908e5ff2,script,utilities,Oracle administration helper: commit status.,READ_ONLY,True,['variables'],False,scripts/utilities/commit_status.sql
oracle/admin:scripts/utilities/compile.sql,oracle/admin,scripts/utilities/compile.sql,.sql,1158,9d50bdf01e34b5739c6c90e17986065c7e172d6318c81c4ee1909730cbda3479,script,utilities,Oracle administration helper: compile.,CHANGES,True,['variables'],False,scripts/utilities/compile.sql
oracle/admin:scripts/utilities/componentes.sql,oracle/admin,scripts/utilities/componentes.sql,.sql,1120,14861b89335c366e7e0e58432650a456a38df19470ca2a84ca23ed87868dacf9,script,utilities,Oracle administration helper: componentes.,READ_ONLY,True,['variables'],False,scripts/utilities/componentes.sql
oracle/admin:scripts/utilities/config_db_seg.sql,oracle/admin,scripts/utilities/config_db_seg.sql,.sql,13607,9f4439871d1573dc6d252e64350587760fef7d563d17504b48121e7db3194060,script,utilities,Oracle administration helper: config db seg.,DESTRUCTIVE,True,['variables'],False,scripts/utilities/config_db_seg.sql
oracle/admin:scripts/utilities/const.sql,oracle/admin,scripts/utilities/const.sql,.sql,950,69172ad6c6b285b28ab44e48d6587bd6cba8833323a2bb5f60aef43f80361374,script,utilities,Oracle administration helper: const.,READ_ONLY,True,['variables'],False,scripts/utilities/const.sql
oracle/admin:scripts/utilities/const_no_index_fk.view.sql,oracle/admin,scripts/utilities/const_no_index_fk.view.sql,.sql,1483,53c25de9ac38bede165218f990a82888996048fdeb1b870af9e470bb535a3158,script,utilities,Oracle administration helper: const no index fk view.,CHANGES,True,['variables'],False,scripts/utilities/const_no_index_fk.view.sql
oracle/admin:scripts/utilities/consultaDBLinks.sql,oracle/admin,scripts/utilities/consultaDBLinks.sql,.sql,1253,64bc37597df14fe92f78183314a50ed02b93e4d11e3da145fc290aadd991148b,script,utilities,Oracle administration helper: consultaDBLinks.,READ_ONLY,True,['variables'],False,scripts/utilities/consultaDBLinks.sql
oracle/admin:scripts/utilities/consultas_parseos.sql,oracle/admin,scripts/utilities/consultas_parseos.sql,.sql,2411,3cb306e0a41254dab3fb4e318139214378acc293421b2ef72481b5a0cbb78f03,script,utilities,oracle/admin utilities helper: consultas parseos.,READ_ONLY,True,[],False,scripts/utilities/consultas_parseos.sql
oracle/admin:scripts/utilities/containers.sql,oracle/admin,scripts/utilities/containers.sql,.sql,1094,a581c8dc6ba9dab03674864d8c9e9c4d9df9923be33ee8ee779b0572014cb21c,script,utilities,Oracle administration helper: containers.,READ_ONLY,True,['variables'],False,scripts/utilities/containers.sql
oracle/admin:scripts/utilities/context.sql,oracle/admin,scripts/utilities/context.sql,.sql,5830,9e9505f8433c6c9d45bd9f3773c36de93b4129d7c5decefa130472dbaa32fd01,script,utilities,Oracle administration helper: context.,READ_ONLY,True,['variables'],False,scripts/utilities/context.sql
oracle/admin:scripts/utilities/control(p1).sql,oracle/admin,scripts/utilities/control(p1).sql,.sql,8708,96dbb765e017f4099ef5c30626e9a6154013a3cde9cc5179e2d587465e6c9869,script,utilities,Oracle administration helper: control(p1).,READ_ONLY,True,['variables'],False,scripts/utilities/control(p1).sql
oracle/admin:scripts/utilities/control.sql,oracle/admin,scripts/utilities/control.sql,.sql,26642,1af6aa1bf0691691119d598ca29e634cbe45e45b9a907ad34ff9aa56147169bf,script,utilities,oracle/admin utilities helper: control.,CHANGES,True,"['MI', 'SS', 'mi', 'ss']",False,scripts/utilities/control.sql
oracle/admin:scripts/utilities/control_db.sql,oracle/admin,scripts/utilities/control_db.sql,.sql,7659,6c6487c5e752c6ff52e111aa9f88181de1b35c8c2df103080194a860d39c9aec,script,utilities,Oracle administration helper: control db.,READ_ONLY,True,"['mi', 'ss', 'variables']",False,scripts/utilities/control_db.sql
oracle/admin:scripts/utilities/control_dguard.sh,oracle/admin,scripts/utilities/control_dguard.sh,.sh,3759,659b1fa8062b62664c8eb9f6fd0afbd6c89d33febe18a9ec74d25045ccd21207,script,utilities,oracle/admin utilities helper: control dguard.,CHANGES,True,"['AGENT_HOME', 'AMBIENTE', 'DB_HOME', 'FILELOCK', 'LD_LIBRARY_PATH', 'LOGFILE', 'MAIL_DBAS', 'MAIL_MSG', 'MAIL_OPERADORES', 'MAIL_TO', 'OMS_HOME', 'ORACLE_BASE', 'ORACLE_HOME', 'ORACLE_SID', 'OWB1_HOME', 'OWB2_HOME', 'PATH', 'PS1', 'SUBJECT', 'TERM', 'TIPO', 'TMP', 'arg1', 'mi', 'ss']",False,scripts/utilities/control_dguard.sh
oracle/admin:scripts/utilities/controlfile.sql,oracle/admin,scripts/utilities/controlfile.sql,.sql,959,f243224ceb7e480f322f3c44ab8da153a187cffafefc9f83ba44f7436cf71026,script,utilities,Oracle administration helper: controlfile.,READ_ONLY,True,['variables'],False,scripts/utilities/controlfile.sql
oracle/admin:scripts/utilities/copy_sqlprof_table.sql,oracle/admin,scripts/utilities/copy_sqlprof_table.sql,.sql,1423,2a0304ff4ed57f8a0d1586382113710c759b89f895176faf1c3f965b9389623b,script,utilities,Oracle administration helper: copy sqlprof table.,REVIEW,True,"['schema_name', 'sql_profile_id', 'staging_table', 'variables']",False,scripts/utilities/copy_sqlprof_table.sql
oracle/admin:scripts/utilities/cpp4aix.ps1,oracle/admin,scripts/utilities/cpp4aix.ps1,.ps1,17223,f094a4651149718c27142db0e98c1abda4c38658debd896ee0fd98384675d223,script,utilities,Oracle administration helper: cpp4aix.,READ_ONLY,True,"['Combine', 'GetDirectoryName', 'GetFileName', 'INDEXX', 'INTTYPE', 'INTVL', 'ORACLE_PASSWORD', 'ORACLE_USER', 'PHYSS', 'POOLS', 'now']",False,scripts/utilities/cpp4aix.ps1
oracle/admin:scripts/utilities/cpu_hist_per_module.sql,oracle/admin,scripts/utilities/cpu_hist_per_module.sql,.sql,1921,0f9eb4a50d42bb04c8689276efe42fadb892eb8f0a9486189297fd00493cb24f,script,utilities,Oracle administration helper: cpu hist per module.,READ_ONLY,True,"['days', 'variables']",False,scripts/utilities/cpu_hist_per_module.sql
oracle/admin:scripts/utilities/cpu_hist_plot.sql,oracle/admin,scripts/utilities/cpu_hist_plot.sql,.sql,2120,0de7f6f7a05cc75381220a187c926c86686f59439eab53a9eb54f2dbabf05501,script,utilities,Oracle administration helper: cpu hist plot.,READ_ONLY,True,"['cpupercent', 'days', 'variables']",False,scripts/utilities/cpu_hist_plot.sql
oracle/admin:scripts/utilities/cpu_test.sql,oracle/admin,scripts/utilities/cpu_test.sql,.sql,8221,e111fded16782e1063aedc8b2b07191c9c2a5be2df17676c5f9fd1d76d631b20,script,utilities,oracle/admin utilities helper: cpu test.,DESTRUCTIVE,True,[],False,scripts/utilities/cpu_test.sql
oracle/admin:scripts/utilities/crea_snapshot.sql,oracle/admin,scripts/utilities/crea_snapshot.sql,.sql,5097,e0d1cc9dd1b64a63521e0d275e4a26657468c910752971a6e1ebe8f208940723,script,utilities,Oracle administration helper: crea snapshot.,DESTRUCTIVE,True,"['MI', 'MVIEW_NAME', 'RV_DOMAIN', 'SS', 'mi', 'ss', 'variables']",False,scripts/utilities/crea_snapshot.sql
oracle/admin:scripts/utilities/creabase.sh,oracle/admin,scripts/utilities/creabase.sh,.sh,4521,1b7f2ea67f61ecf1bbf88835fec0b1ba4cc7c14af766ffd9894738b5727a3e88,script,utilities,Oracle administration helper: creabase.,DESTRUCTIVE,True,"['ENTRIES', 'FILE', 'ORACLE_BASE', 'ORACLE_HOME', 'ORACLE_SID', 'PASSWORD']",False,scripts/utilities/creabase.sh
oracle/admin:scripts/utilities/creabase.sql,oracle/admin,scripts/utilities/creabase.sql,.sql,3947,d370100824367bb789167bbb63b888d1e97890c194e2783ea78ca721d2009ea3,script,utilities,Oracle administration helper: creabase.,DESTRUCTIVE,True,"['ENTRIES', 'FILE', 'PASSWORD', 'variables']",False,scripts/utilities/creabase.sql
oracle/admin:scripts/utilities/creac_tablas_n_reg_+_particiones.sql,oracle/admin,scripts/utilities/creac_tablas_n_reg_+_particiones.sql,.sql,4008,edaf13e577f29ca4ec1bffb69687a16968491f896d952c73fced1db7769d0a01,script,utilities,Oracle administration helper: creac tablas n reg + particiones.,CHANGES,True,['variables'],False,scripts/utilities/creac_tablas_n_reg_+_particiones.sql
oracle/admin:scripts/utilities/create_Table_connect_by_level.sql,oracle/admin,scripts/utilities/create_Table_connect_by_level.sql,.sql,1538,1a4815af4e81ac6d959c40708d3edc3f4b0ce8f0496c52d82e7da88c95a42b34,script,utilities,Oracle administration helper: create Table connect by level.,CHANGES,True,['variables'],False,scripts/utilities/create_Table_connect_by_level.sql
oracle/admin:scripts/utilities/create_big_table.sql,oracle/admin,scripts/utilities/create_big_table.sql,.sql,1301,34de990ff377db898100e81047944eaaefa2d07de4f95393b617999b60a105cc,script,utilities,Oracle administration helper: create big table.,CHANGES,True,"['tablename', 'tablename_pk', 'variables']",False,scripts/utilities/create_big_table.sql
oracle/admin:scripts/utilities/create_mview.sql,oracle/admin,scripts/utilities/create_mview.sql,.sql,1770,4cf923b30057136b8c016f3067381623422c978df388dfbdcfa3c97191898765,script,utilities,Oracle administration helper: create mview.,CHANGES,True,"['INCLUDE_NEW_VALUES', 'PRIMARY_KEY', 'ROWIDS', 'variables']",False,scripts/utilities/create_mview.sql
oracle/admin:scripts/utilities/create_pdb.sqL,oracle/admin,scripts/utilities/create_pdb.sqL,.sql,1075,d6ff3a7bfbeefc68a1ee014d2993ebb0b1d8249565e217834b89169ecdb20898,script,utilities,Oracle administration helper: create pdb.,CHANGES,True,"['ROLES', 'variables']",False,scripts/utilities/create_pdb.sqL
oracle/admin:scripts/utilities/create_schema_triggers_ex.sql,oracle/admin,scripts/utilities/create_schema_triggers_ex.sql,.sql,4842,240d550fa5d739e986e38bd2e85a5bff3122b7f3efbb29dbff5bc6e1b1ba0813,script,utilities,Oracle administration helper: create schema triggers ex.,CHANGES,True,['variables'],False,scripts/utilities/create_schema_triggers_ex.sql
oracle/admin:scripts/utilities/create_synonyms_all.sql,oracle/admin,scripts/utilities/create_synonyms_all.sql,.sql,1672,efca354be4a03ebb7f7aa1075e4ac5b2454d2bf16927b969062e547828db7bc5,script,utilities,Oracle administration helper: create synonyms all.,CHANGES,True,"['grantee', 'owner', 'variables']",False,scripts/utilities/create_synonyms_all.sql
oracle/admin:scripts/utilities/create_virtual_indexes.sql,oracle/admin,scripts/utilities/create_virtual_indexes.sql,.sql,1098,d495109e162675e8eadd1bb19fa79a95d2cf8d971496897b2a90984558de310c,script,utilities,Oracle administration helper: create virtual indexes.,CHANGES,True,['variables'],False,scripts/utilities/create_virtual_indexes.sql
oracle/admin:scripts/utilities/createst.sql,oracle/admin,scripts/utilities/createst.sql,.sql,2792,cbc2cab3dbd533cea72c1d1cc06b23eb0c18a1945e98f4a843ebef6891705046,script,utilities,Oracle administration helper: createst.,CHANGES,True,['variables'],False,scripts/utilities/createst.sql
oracle/admin:scripts/utilities/crecimiento.sql,oracle/admin,scripts/utilities/crecimiento.sql,.sql,1322,6f98284212cd4f5debb600355b966e7e4c16e4b88d6c7d4a075dd0b91adc83e1,script,utilities,Oracle administration helper: crecimiento.,REVIEW,True,['variables'],False,scripts/utilities/crecimiento.sql
oracle/admin:scripts/utilities/crecimiento_base.sql,oracle/admin,scripts/utilities/crecimiento_base.sql,.sql,6500,4f8579c5e2358e9b81962863c1a17a13418851247040f39525f0f8dbd2f5324d,script,utilities,Oracle administration helper: crecimiento base.,READ_ONLY,True,"['max_inc', 'range', 'variables']",False,scripts/utilities/crecimiento_base.sql
oracle/admin:scripts/utilities/crs_has_check_status.sh,oracle/admin,scripts/utilities/crs_has_check_status.sh,.sh,5613,9ef5f5dbff5d674cf51c0deb091b274d04feac7eb55800db413cd410850a8fe9,script,utilities,Oracle administration helper: crs has check status.,REVIEW,True,"['ASM', 'CRS', 'CSS', 'CTSS', 'EVM', 'HAS', 'LOC', 'NAME', 'OCR', 'OH_NAME', 'REMOVED', 'SCAN', 'SCANLIST', 'VER', 'arg1', 'arg2', 'arg8']",False,scripts/utilities/crs_has_check_status.sh
oracle/admin:scripts/utilities/curl_mos.sh,oracle/admin,scripts/utilities/curl_mos.sh,.sh,1165,26648c4cbf915a3ab1b1a6be1c63f08e87ce8844b62ffc5c4d592ad39d0c05e4,script,utilities,Oracle administration helper: curl mos.,REVIEW,True,"['password', 'testssPassw']",False,scripts/utilities/curl_mos.sh
oracle/admin:scripts/utilities/current_scn.sql,oracle/admin,scripts/utilities/current_scn.sql,.sql,1013,a09825d21e65964f9cfd1e446b03eb4a10460b977ec52d58c171a1d5e37e0f34,script,utilities,Oracle administration helper: current scn.,READ_ONLY,True,"['MI', 'SS', 'variables']",False,scripts/utilities/current_scn.sql
oracle/admin:scripts/utilities/current_sql.sql,oracle/admin,scripts/utilities/current_sql.sql,.sql,1465,851cc7f50f5ead1591afa2b313f48575eb3e0596705b5aec843095f786057faa,script,utilities,Oracle administration helper: current sql (1).,READ_ONLY,True,['variables'],False,scripts/utilities/current_sql.sql
oracle/admin:scripts/utilities/current_sql_hash.sql,oracle/admin,scripts/utilities/current_sql_hash.sql,.sql,1336,eff19f8d432ee4be7587f0890a2505326c7e674cfe40abb7c647cf0a3c6e45ea,script,utilities,Oracle administration helper: current sql hash.,READ_ONLY,True,"['HASH', 'SQL_HASH_VALUE', 'variables']",False,scripts/utilities/current_sql_hash.sql
oracle/admin:scripts/utilities/current_sql_sid.sql,oracle/admin,scripts/utilities/current_sql_sid.sql,.sql,1327,8077aca64121c449248f59e660108b31b0ac6eccef0a0fc03d3312141c246ddb,script,utilities,Oracle administration helper: current sql sid (1).,READ_ONLY,True,"['SID', 'variables']",False,scripts/utilities/current_sql_sid.sql
oracle/admin:scripts/utilities/cursor_cache_hits.sql,oracle/admin,scripts/utilities/cursor_cache_hits.sql,.sql,1979,4e5b3c94f752164433e6f4b8f36d8f3b564e6184f0e730e0ad6b7ed5d3dee61c,script,utilities,oracle/admin utilities helper: cursor cache hits.,READ_ONLY,True,[],False,scripts/utilities/cursor_cache_hits.sql
oracle/admin:scripts/utilities/cursores.sql,oracle/admin,scripts/utilities/cursores.sql,.sql,2789,77c95d2a607d4a2d97ecaa710247fb5d9888ab9ca936ed4031da7cfe96ff0649,script,utilities,Oracle administration helper: cursores.,READ_ONLY,True,"['sid', 'variables']",False,scripts/utilities/cursores.sql
oracle/admin:scripts/utilities/cursors.sql,oracle/admin,scripts/utilities/cursors.sql,.sql,1942,e31cd76b3637e2dcdda80fbaebcb1e2147954fadcafee6afd2f1c53b38704f18,script,utilities,oracle/admin utilities helper: cursors.,READ_ONLY,True,[],False,scripts/utilities/cursors.sql
oracle/admin:scripts/utilities/custom.sql,oracle/admin,scripts/utilities/custom.sql,.sql,2687,4392b9fd476a6de9afcc2d463dcaa24f07d6e2b2a549039885c5b9ecb4395b40,script,utilities,Oracle administration helper: custom.,READ_ONLY,True,"['TRIGGER_NAME', 'variables']",False,scripts/utilities/custom.sql
oracle/admin:scripts/utilities/customizaciones.sql,oracle/admin,scripts/utilities/customizaciones.sql,.sql,1061,c7709d39bf1cc09cd0c5648d12cac647993b26e0df99382be7af8741a309ab70,script,utilities,Oracle administration helper: customizaciones.,READ_ONLY,True,['variables'],False,scripts/utilities/customizaciones.sql
oracle/admin:scripts/utilities/dataDictionaryCache.sql,oracle/admin,scripts/utilities/dataDictionaryCache.sql,.sql,1320,26a1631c9278233dfd9923194df88f54bbf94d2def157bec16e1bc90b1c74839,script,utilities,Oracle administration helper: dataDictionaryCache.,READ_ONLY,True,['variables'],False,scripts/utilities/dataDictionaryCache.sql
oracle/admin:scripts/utilities/data_files_move_omf_online.sql,oracle/admin,scripts/utilities/data_files_move_omf_online.sql,.sql,2865,55647dfc2b7559c5f97ae9505af07a04c21d3899ab7e9e02953661b415edfe03,script,utilities,Script para mover datafiles online (Version 12c en adelante),CHANGES,True,"['MI', 'SS']",False,scripts/utilities/data_files_move_omf_online.sql
oracle/admin:scripts/utilities/data_pump.sql,oracle/admin,scripts/utilities/data_pump.sql,.sql,1370,d202238f4ed04741ea278ba06bd6672344df4e951a3b0b326551877ca7c2fdb9,script,utilities,Oracle administration helper: data pump.,READ_ONLY,True,['variables'],False,scripts/utilities/data_pump.sql
oracle/admin:scripts/utilities/data_pump_kill.sql,oracle/admin,scripts/utilities/data_pump_kill.sql,.sql,1077,f6ee1a98ca31c0893e6a64e7c0454eb4bf44f3a1ca246d45ad351c42b37bac96,script,utilities,Oracle administration helper: data pump kill.,DESTRUCTIVE,True,"['job_name', 'owner', 'variables']",False,scripts/utilities/data_pump_kill.sql
oracle/admin:scripts/utilities/database.sql,oracle/admin,scripts/utilities/database.sql,.sql,1083,9b3111e750b264050fff3ede93993bad113acd32f490aa236efaacb95678d7e8,script,utilities,Oracle administration helper: database.,READ_ONLY,True,['variables'],False,scripts/utilities/database.sql
oracle/admin:scripts/utilities/database_block_corruption.sql,oracle/admin,scripts/utilities/database_block_corruption.sql,.sql,1134,bb149b0f8fe5855e98aba283302fa50b771badda1767b3d39ef9363f492fddc9,script,utilities,Oracle administration helper: database block corruption.,READ_ONLY,True,"['block_id', 'file_id', 'variables']",False,scripts/utilities/database_block_corruption.sql
oracle/admin:scripts/utilities/datafile.sql,oracle/admin,scripts/utilities/datafile.sql,.sql,1122,f9fb65e80c3a0c48716049f3cf8380e0b8c387a60f9e5d6d9de609fbdb45801d,script,utilities,Oracle administration helper: datafile.,DESTRUCTIVE,True,['variables'],False,scripts/utilities/datafile.sql
oracle/admin:scripts/utilities/datafile_free_space.sql,oracle/admin,scripts/utilities/datafile_free_space.sql,.sql,1336,7a2583b9eb8f07934c0285de832451f660a5034635a6ab321ff64c6efd2689d8,script,utilities,oracle/admin utilities helper: datafile free space.,READ_ONLY,True,[],False,scripts/utilities/datafile_free_space.sql
oracle/admin:scripts/utilities/datafile_header.sql,oracle/admin,scripts/utilities/datafile_header.sql,.sql,1073,b46f5337ee5d04a72ac4a4b0199597fb4f0d3b5192002960e734c29e4ff1df3a,script,utilities,Oracle administration helper: datafile header.,READ_ONLY,True,['variables'],False,scripts/utilities/datafile_header.sql
oracle/admin:scripts/utilities/datafiles.sql,oracle/admin,scripts/utilities/datafiles.sql,.sql,2331,5f14ad514c5a53b46f2281032562a83c7ebc26a4b80223d048afbafe6e55d513,script,utilities,oracle/admin utilities helper: datafiles.,DESTRUCTIVE,True,"['file_name', 'tablespace_name']",False,scripts/utilities/datafiles.sql
oracle/admin:scripts/utilities/datafiles_io.sql,oracle/admin,scripts/utilities/datafiles_io.sql,.sql,1245,8399f65a3150241b564872b29268aa3752d4cb6fd97efe20c64a8c972c734816,script,utilities,Oracle administration helper: datafiles io.,READ_ONLY,True,['variables'],False,scripts/utilities/datafiles_io.sql
oracle/admin:scripts/utilities/datafiles_io_gday.sql,oracle/admin,scripts/utilities/datafiles_io_gday.sql,.sql,1325,474113798a1eb755eefb969d76438d0cb8a5ee975e1f551d18683172898faa6d,script,utilities,Oracle administration helper: datafiles io gday.,CHANGES,True,['variables'],False,scripts/utilities/datafiles_io_gday.sql
oracle/admin:scripts/utilities/datafiles_scn.sql,oracle/admin,scripts/utilities/datafiles_scn.sql,.sql,937,9289e0747bef6c948d3898773c445412957f96a2989f44381b8eb30be0f58da1,script,utilities,Oracle administration helper: datafiles scn.,READ_ONLY,True,['variables'],False,scripts/utilities/datafiles_scn.sql
oracle/admin:scripts/utilities/datafiles_shrink.sql,oracle/admin,scripts/utilities/datafiles_shrink.sql,.sql,2346,a0c71a6f6f576d4155b5927327513d633f578dea75d57d51ffb2237e8b442f24,script,utilities,Oracle administration helper: datafiles shrink.,CHANGES,True,"['DB_BLOCK_SIZE', 'ts_name', 'variables']",False,scripts/utilities/datafiles_shrink.sql
oracle/admin:scripts/utilities/datapump_status.sql,oracle/admin,scripts/utilities/datapump_status.sql,.sql,1487,8e23aed98594781e98687a54bbb39563fe8f22fbcae3f62a6c47db31db6bc2e7,script,utilities,Oracle administration helper: datapump status.,READ_ONLY,True,['variables'],False,scripts/utilities/datapump_status.sql
oracle/admin:scripts/utilities/date.sql,oracle/admin,scripts/utilities/date.sql,.sql,906,15b6b0c469556e81bf30ff415672ca82ac1dbe1f8e6d51365c6e276ab0b515e9,script,utilities,Oracle administration helper: date.,READ_ONLY,True,['variables'],False,scripts/utilities/date.sql
oracle/admin:scripts/utilities/db.sql,oracle/admin,scripts/utilities/db.sql,.sql,875,bb64f21bc933bba9daa2c2696dde763ba82f2cdfea7dd4531a73d1f3677e3f1e,script,utilities,Oracle administration helper: db.,READ_ONLY,True,['variables'],False,scripts/utilities/db.sql
oracle/admin:scripts/utilities/db01.sh,oracle/admin,scripts/utilities/db01.sh,.sh,1510,19697c30fa3c34e61dd8c987e230af62a7623602ed3e8fe5248a08e5d27c70cf,script,utilities,Oracle administration helper: db01.,REVIEW,True,['ORACLE_SID'],False,scripts/utilities/db01.sh
oracle/admin:scripts/utilities/db01.sql,oracle/admin,scripts/utilities/db01.sql,.sql,1535,fcba72a0888d4bbbf9b0e095222eff931c80c71a1cbf25113c3ad822bbb453c0,script,utilities,Oracle administration helper: db01.,REVIEW,True,"['sysPassword', 'variables']",False,scripts/utilities/db01.sql
oracle/admin:scripts/utilities/db_cache_advice.sql,oracle/admin,scripts/utilities/db_cache_advice.sql,.sql,1510,dd06771c3c406988f4b139fb880f8711301ae2d207857a02c3417884125e2b5a,script,utilities,Oracle administration helper: db cache advice.,READ_ONLY,True,['variables'],False,scripts/utilities/db_cache_advice.sql
oracle/admin:scripts/utilities/db_load.sql,oracle/admin,scripts/utilities/db_load.sql,.sql,1438,b17c69401c13b5ae806463ad233d81be286925b9428bf434c74bf1ddb3a294dd,script,utilities,Oracle administration helper: db load.,READ_ONLY,True,['variables'],False,scripts/utilities/db_load.sql
oracle/admin:scripts/utilities/db_object_cache.sql,oracle/admin,scripts/utilities/db_object_cache.sql,.sql,1323,466e979f1497137c67e9c252048ae1959c156d3cf9aae3fd659feee8fc45af60,script,utilities,Oracle administration helper: db object cache.,DESTRUCTIVE,True,"['name', 'owner', 'variables']",False,scripts/utilities/db_object_cache.sql
oracle/admin:scripts/utilities/db_object_cache_sharedpool.sql,oracle/admin,scripts/utilities/db_object_cache_sharedpool.sql,.sql,1422,b8642091c9ad1d95314c45b4fe89884411de0247b758bc84ddaa0932221f9f1a,script,utilities,Oracle administration helper: db object cache sharedpool.,READ_ONLY,True,['variables'],False,scripts/utilities/db_object_cache_sharedpool.sql
oracle/admin:scripts/utilities/db_size.sql,oracle/admin,scripts/utilities/db_size.sql,.sql,1734,81a18ebfaa56eab58eb7e15a309449c3c97cf6769954233a88b54ba3e8f46b04,script,utilities,Oracle administration helper: db size.,READ_ONLY,True,['variables'],False,scripts/utilities/db_size.sql
oracle/admin:scripts/utilities/db_space_hist_proc.sql,oracle/admin,scripts/utilities/db_space_hist_proc.sql,.sql,1900,45ee0d8ecf9545b12826c8a3b524677fe3dd6735583a56af40ffce2c32a75a4b,script,utilities,Oracle administration helper: db space hist proc.,DESTRUCTIVE,True,['variables'],False,scripts/utilities/db_space_hist_proc.sql
oracle/admin:scripts/utilities/db_space_hist_proc_query.sql,oracle/admin,scripts/utilities/db_space_hist_proc_query.sql,.sql,1943,926575632a63b266eaa538932e87ba0e54e272584ed5c74606de5954cf11c156,script,utilities,Oracle administration helper: db space hist proc query.,DESTRUCTIVE,True,['variables'],False,scripts/utilities/db_space_hist_proc_query.sql
oracle/admin:scripts/utilities/dba_advisor_actions.sql,oracle/admin,scripts/utilities/dba_advisor_actions.sql,.sql,1266,49eab2c6094af767b364b268048b41c6ddba5bb87035d7f77e90f12471b0ad1a,script,utilities,Oracle administration helper: dba advisor actions.,READ_ONLY,True,"['owner', 'task_id', 'task_name', 'variables']",False,scripts/utilities/dba_advisor_actions.sql
oracle/admin:scripts/utilities/dba_advisor_log.sql,oracle/admin,scripts/utilities/dba_advisor_log.sql,.sql,1052,95ef604f6b77be19e0df5e9a2027a2fe6096e8feba645b1da1e027c715797778,script,utilities,Oracle administration helper: dba advisor log.,READ_ONLY,True,['variables'],False,scripts/utilities/dba_advisor_log.sql
oracle/admin:scripts/utilities/dba_advisor_tasks.sql,oracle/admin,scripts/utilities/dba_advisor_tasks.sql,.sql,1494,b4150c20d6a7c30c3f4aeae84360832353fa052c8815c71ecd571f0ff07f3e0c,script,utilities,oracle/admin utilities helper: dba advisor tasks.,READ_ONLY,True,['ADVISORID'],False,scripts/utilities/dba_advisor_tasks.sql
oracle/admin:scripts/utilities/dba_autotask_client.sql,oracle/admin,scripts/utilities/dba_autotask_client.sql,.sql,6718,2bd280a66ad327bf72ec92e527dea5847b8a20669b109d829767100b05530d94,script,utilities,Oracle administration helper: dba autotask client.,DESTRUCTIVE,True,"['WINDOW_GROUP_NAME', 'variables']",False,scripts/utilities/dba_autotask_client.sql
oracle/admin:scripts/utilities/dba_autotask_statistics_11g.sql,oracle/admin,scripts/utilities/dba_autotask_statistics_11g.sql,.sql,1380,c9e3c5e1b5b434e06622b4c52f2ae2830c8bc022b4ee740dc0ee692df75d514e,script,utilities,Oracle administration helper: dba autotask statistics 11g.,READ_ONLY,True,"['days', 'variables']",False,scripts/utilities/dba_autotask_statistics_11g.sql
oracle/admin:scripts/utilities/dba_capture.sql,oracle/admin,scripts/utilities/dba_capture.sql,.sql,1617,68de56a8609579ccd617f5ec6b963d92fe85dff623c2491b84f327d6c6cf1bb3,script,utilities,Oracle administration helper: dba capture.,READ_ONLY,True,['variables'],False,scripts/utilities/dba_capture.sql
oracle/admin:scripts/utilities/dba_column_usage.sql,oracle/admin,scripts/utilities/dba_column_usage.sql,.sql,1564,d3ddef993f9a13c434db5466ead512c3c150891432424ee828112bc6121eed88,script,utilities,Oracle administration helper: dba column usage.,CHANGES,True,"['column_name', 'name', 'owner', 'variables']",False,scripts/utilities/dba_column_usage.sql
oracle/admin:scripts/utilities/dba_constraints.sql,oracle/admin,scripts/utilities/dba_constraints.sql,.sql,1685,6861c9ccf809a22dc9e7e959d354dacb5f39ccaf2eaa38dcf5d9fd0476bd7e5c,script,utilities,Oracle administration helper: dba constraints.,DESTRUCTIVE,True,"['constraint_name', 'constraint_type', 'owner', 'status', 'tabla', 'variables']",False,scripts/utilities/dba_constraints.sql
oracle/admin:scripts/utilities/dba_constraints_fk_non_indexes.sql,oracle/admin,scripts/utilities/dba_constraints_fk_non_indexes.sql,.sql,1505,15bd647201d6d04aef34c6ed12953b19ecb609f0ece703584f206c8406195ae5,script,utilities,Oracle administration helper: dba constraints fk non indexes.,DESTRUCTIVE,True,"['OWNER', 'variables']",False,scripts/utilities/dba_constraints_fk_non_indexes.sql
oracle/admin:scripts/utilities/dba_constraints_r.sql,oracle/admin,scripts/utilities/dba_constraints_r.sql,.sql,1532,36862f4abcd635fa2dc84908689f7232d660779986d4c5e906a607068105af49,script,utilities,Oracle administration helper: dba constraints r.,READ_ONLY,True,"['OWNER', 'TABLA', 'variables']",False,scripts/utilities/dba_constraints_r.sql
oracle/admin:scripts/utilities/dba_constraints_r_x.sql,oracle/admin,scripts/utilities/dba_constraints_r_x.sql,.sql,1522,d975f4e74a982594a865ebbbb0cd3e0145d322edf0819778e60fe59a2e1af1f4,script,utilities,Oracle administration helper: dba constraints r x.,READ_ONLY,True,"['OWNER', 'TABLA', 'variables']",False,scripts/utilities/dba_constraints_r_x.sql
oracle/admin:scripts/utilities/dba_constraints_x.sql,oracle/admin,scripts/utilities/dba_constraints_x.sql,.sql,1426,784a11ea0d5e7f5485feb29f0127a691ff8dc416c1ced22e205b991534c38f17,script,utilities,Oracle administration helper: dba constraints x.,READ_ONLY,True,"['OWNER', 'TABLA', 'variables']",False,scripts/utilities/dba_constraints_x.sql
oracle/admin:scripts/utilities/dba_data_files.sql,oracle/admin,scripts/utilities/dba_data_files.sql,.sql,1620,b23a49b09a7bb257ca5eef06c79a45f6fd0d4fb7cad1bd8358f1fc4b825f6321,script,utilities,oracle/admin utilities helper: dba data files.,DESTRUCTIVE,True,"['file_name', 'tablespace_name']",False,scripts/utilities/dba_data_files.sql
oracle/admin:scripts/utilities/dba_data_files_fs.sql,oracle/admin,scripts/utilities/dba_data_files_fs.sql,.sql,3181,bdf5cb6bc98a153ef9db958ad5db21490dd6a274d803090394882890f00d499f,script,utilities,oracle/admin utilities helper: dba data files fs.,READ_ONLY,True,[],False,scripts/utilities/dba_data_files_fs.sql
oracle/admin:scripts/utilities/dba_data_files_io.sql,oracle/admin,scripts/utilities/dba_data_files_io.sql,.sql,1831,901940fbd5d4e703b623bd1c0126d88e7ad35bb06530a95e3ac1e15a45495a3d,script,utilities,Oracle administration helper: dba data files io.,READ_ONLY,True,['variables'],False,scripts/utilities/dba_data_files_io.sql
oracle/admin:scripts/utilities/dba_data_files_min.sql,oracle/admin,scripts/utilities/dba_data_files_min.sql,.sql,1818,1b9227020c75232c34aa12c391cd06da014887e9fb1819a54ff36084a66b57ff,script,utilities,Oracle administration helper: dba data files min.,READ_ONLY,True,"['file_name', 'tablespace_name', 'variables']",False,scripts/utilities/dba_data_files_min.sql
oracle/admin:scripts/utilities/dba_data_files_shrink.sql,oracle/admin,scripts/utilities/dba_data_files_shrink.sql,.sql,2252,a15007b2aa70305c30e0238886bd3334fd827ec68e6f69ca85c9740f651b0c7b,script,utilities,Oracle administration helper: dba data files shrink.,CHANGES,True,"['DB_BLOCK_SIZE', 'ts_name', 'variables']",False,scripts/utilities/dba_data_files_shrink.sql
oracle/admin:scripts/utilities/dba_data_files_shrink2.sql,oracle/admin,scripts/utilities/dba_data_files_shrink2.sql,.sql,2764,07cddb80db3c6684a3138efe526d2b6c50239de7129b7743a43e743aa09e4041,script,utilities,Oracle administration helper: dba data files shrink2.,CHANGES,True,"['mbtoshrink', 'tbs', 'variables']",False,scripts/utilities/dba_data_files_shrink2.sql
oracle/admin:scripts/utilities/dba_data_files_x.sql,oracle/admin,scripts/utilities/dba_data_files_x.sql,.sql,1515,c3126ea5e0266e6153553d1ae598e46d64d5ba0a7e870aaf4bc91c8a1b14c484,script,utilities,oracle/admin utilities helper: dba data files x.,READ_ONLY,True,['TABLESPACE'],False,scripts/utilities/dba_data_files_x.sql
oracle/admin:scripts/utilities/dba_db_links.sql,oracle/admin,scripts/utilities/dba_db_links.sql,.sql,1254,22b09635b8756bf461ccc77029c8f4b9cd8ca0bbcb54c22c774e554f9fd4c96c,script,utilities,Oracle administration helper: dba db links.,READ_ONLY,True,"['db_link', 'host', 'owner', 'username', 'variables']",False,scripts/utilities/dba_db_links.sql
oracle/admin:scripts/utilities/dba_db_links_x.sql,oracle/admin,scripts/utilities/dba_db_links_x.sql,.sql,1199,3bdd77557c50754cea9c3358605fccd3c000da516f439c6e263c3d35a6bc12d9,script,utilities,Oracle administration helper: dba db links x.,READ_ONLY,True,"['OWNER', 'owner', 'variables']",False,scripts/utilities/dba_db_links_x.sql
oracle/admin:scripts/utilities/dba_dependencies.sql,oracle/admin,scripts/utilities/dba_dependencies.sql,.sql,1311,0cbcff77d325fe71665f74017c6c06df056fcd84bfde9d16f785bcd33eafdbb0,script,utilities,Oracle administration helper: dba dependencies.,READ_ONLY,True,"['name', 'owner', 'referenced_name', 'referenced_owner', 'referenced_type', 'type', 'variables']",False,scripts/utilities/dba_dependencies.sql
oracle/admin:scripts/utilities/dba_directories.sql,oracle/admin,scripts/utilities/dba_directories.sql,.sql,1101,1ce18bddde4263b9d69fed9380de5fb321de551f2208b3c304035bee52b4370a,script,utilities,Oracle administration helper: dba directories.,READ_ONLY,True,"['directory_name', 'directory_path', 'variables']",False,scripts/utilities/dba_directories.sql
oracle/admin:scripts/utilities/dba_errors.sql,oracle/admin,scripts/utilities/dba_errors.sql,.sql,1339,bf303954b6cfb63ffc5c6b0ca95250cea13edac02d600c70bd0c5b5eed2d6274,script,utilities,Oracle administration helper: dba errors.,READ_ONLY,True,"['name', 'owner', 'text', 'type', 'variables']",False,scripts/utilities/dba_errors.sql
oracle/admin:scripts/utilities/dba_errors_x.sql,oracle/admin,scripts/utilities/dba_errors_x.sql,.sql,1225,153a36c66f11961b0e0427f77e0709f628a28794dbe3502c0ce80b4fb4c7c9bc,script,utilities,Oracle administration helper: dba errors x.,READ_ONLY,True,"['OBJ_NAME', 'variables']",False,scripts/utilities/dba_errors_x.sql
oracle/admin:scripts/utilities/dba_extents.sql,oracle/admin,scripts/utilities/dba_extents.sql,.sql,1047,bc7e3ec755a542529cff0392b88632af1bc779555119e338d6451936b8af4f96,script,utilities,Oracle administration helper: dba extents.,READ_ONLY,True,"['block_id', 'file_id', 'variables']",False,scripts/utilities/dba_extents.sql
oracle/admin:scripts/utilities/dba_feature_usage_statistics.sql,oracle/admin,scripts/utilities/dba_feature_usage_statistics.sql,.sql,1268,3194c24dd1b9bdbfb9b5138cda67c833de45e512dc6ccda6c42117fe29a3a003,script,utilities,Oracle administration helper: dba feature usage statistics.,READ_ONLY,True,['variables'],False,scripts/utilities/dba_feature_usage_statistics.sql
oracle/admin:scripts/utilities/dba_feature_usage_statistics_java_jvm.sql,oracle/admin,scripts/utilities/dba_feature_usage_statistics_java_jvm.sql,.sql,1218,3aeb87c896bdd5c99fa7fc5ec49bb77d712c2a6d55728b0b01b38f8bbf723964,script,utilities,Oracle administration helper: dba feature usage statistics java jvm.,READ_ONLY,True,['variables'],False,scripts/utilities/dba_feature_usage_statistics_java_jvm.sql
oracle/admin:scripts/utilities/dba_hist_event_histogram_io.sql,oracle/admin,scripts/utilities/dba_hist_event_histogram_io.sql,.sql,3205,4ee89acb8abd016fc0360309b3c40f57ef882f55b4b02e03e882cfd1274c207f,script,utilities,Oracle administration helper: dba hist event histogram io.,READ_ONLY,True,"['DAYS_AGO', 'INST_ID', 'variables']",False,scripts/utilities/dba_hist_event_histogram_io.sql
oracle/admin:scripts/utilities/dba_hist_mem_dynamic_comp_pga_sga.sql,oracle/admin,scripts/utilities/dba_hist_mem_dynamic_comp_pga_sga.sql,.sql,1612,6bb2fa1202b388dd096cc1cd997030e00c87124d1d84f59c67ffd01c117859c2,script,utilities,Oracle administration helper: dba hist mem dynamic comp pga sga.,CHANGES,True,"['MI', 'SS', 'variables']",False,scripts/utilities/dba_hist_mem_dynamic_comp_pga_sga.sql
oracle/admin:scripts/utilities/dba_hist_parameter.sql,oracle/admin,scripts/utilities/dba_hist_parameter.sql,.sql,1860,535e15ae600fa195eab662d4c71feefdc868e82bbc14ceb022951233d0995e4c,script,utilities,Oracle administration helper: dba hist parameter.,READ_ONLY,True,"['MI', 'days', 'instance_number', 'parameter_name', 'variables']",False,scripts/utilities/dba_hist_parameter.sql
oracle/admin:scripts/utilities/dba_hist_pga_sga_stat_usage_hist.sql,oracle/admin,scripts/utilities/dba_hist_pga_sga_stat_usage_hist.sql,.sql,3224,c861bc0689e1b8b71156798f6ce8b7538a3ffd47c83e3c439c07df0e6bbad06b,script,utilities,Oracle administration helper: dba hist pga sga stat usage hist.,READ_ONLY,True,"['INSTANCE_NUMBER', 'MI', 'SS', 'variables']",False,scripts/utilities/dba_hist_pga_sga_stat_usage_hist.sql
oracle/admin:scripts/utilities/dba_hist_pgastat.sql,oracle/admin,scripts/utilities/dba_hist_pgastat.sql,.sql,3571,f03ba46798a50325db59596f046b43f38b30845ec3ddfea718bb037573dbee11,script,utilities,Oracle administration helper: dba hist pgastat.,READ_ONLY,True,['variables'],False,scripts/utilities/dba_hist_pgastat.sql
oracle/admin:scripts/utilities/dba_hist_resource_limit.sql,oracle/admin,scripts/utilities/dba_hist_resource_limit.sql,.sql,2212,54ccd1bf7f3e181604b37fa2c7e97fe2e974b3c1d55b0835bb49ae0f933e61a5,script,utilities,Oracle administration helper: dba hist resource limit.,DESTRUCTIVE,True,['variables'],False,scripts/utilities/dba_hist_resource_limit.sql
oracle/admin:scripts/utilities/dba_hist_seg_stat.sql,oracle/admin,scripts/utilities/dba_hist_seg_stat.sql,.sql,1560,45d4f39a732f7c01ecb52eff83a38e24852fdd507cac8455856faddee0914fd3,script,utilities,Oracle administration helper: dba hist seg stat.,DESTRUCTIVE,True,['variables'],False,scripts/utilities/dba_hist_seg_stat.sql
oracle/admin:scripts/utilities/dba_hist_seg_stat_x.sql,oracle/admin,scripts/utilities/dba_hist_seg_stat_x.sql,.sql,1399,6c52b50124180dcf594342a2c7a1af570c881261da742a4570d2ea00a75b88c1,script,utilities,Oracle administration helper: dba hist seg stat x.,READ_ONLY,True,"['OWNER', 'mm', 'variables']",False,scripts/utilities/dba_hist_seg_stat_x.sql
oracle/admin:scripts/utilities/dba_hist_sgastat_shared_pool_gdaily.sql,oracle/admin,scripts/utilities/dba_hist_sgastat_shared_pool_gdaily.sql,.sql,2243,87ff69ee2e887c260799cf195e25537edf0094c94f1154322218839ce1de2786,script,utilities,Oracle administration helper: dba hist sgastat shared pool gdaily.,CHANGES,True,"['MI', 'SS', 'variables']",False,scripts/utilities/dba_hist_sgastat_shared_pool_gdaily.sql
oracle/admin:scripts/utilities/dba_hist_sgastat_shared_pool_gmonth.sql,oracle/admin,scripts/utilities/dba_hist_sgastat_shared_pool_gmonth.sql,.sql,2189,e6d8fb123a0d64fa041b2fdbefe0de13f76981d7996dfa2ec4d2c8a7b661fa36,script,utilities,Oracle administration helper: dba hist sgastat shared pool gmonth.,CHANGES,True,['variables'],False,scripts/utilities/dba_hist_sgastat_shared_pool_gmonth.sql
oracle/admin:scripts/utilities/dba_hist_snapshot.sql,oracle/admin,scripts/utilities/dba_hist_snapshot.sql,.sql,1347,7d313185fba1a770f8b1f0de3c950387e427d5b9d69ed21eea7d4f1c5567a755,script,utilities,Oracle administration helper: dba hist snapshot.,CHANGES,True,"['MI', 'SS', 'days', 'variables']",False,scripts/utilities/dba_hist_snapshot.sql
oracle/admin:scripts/utilities/dba_hist_snapshot_indx_usage.sql,oracle/admin,scripts/utilities/dba_hist_snapshot_indx_usage.sql,.sql,1705,9e2eb4f0b46662ff29f4ee86c13e11684ab11561405f9d40c3bc744f64404afe,script,utilities,Oracle administration helper: dba hist snapshot indx usage.,READ_ONLY,True,"['object_name', 'object_owner', 'sqlid', 'variables']",False,scripts/utilities/dba_hist_snapshot_indx_usage.sql
oracle/admin:scripts/utilities/dba_hist_snapshot_obj_usage.sql,oracle/admin,scripts/utilities/dba_hist_snapshot_obj_usage.sql,.sql,1943,5809131f49f1e1e8705ca58ec5811faf96b916cf4bd037ef87d1e2490a445bc7,script,utilities,Oracle administration helper: dba hist snapshot obj usage.,READ_ONLY,True,"['days', 'object_name', 'object_owner', 'object_type', 'operation', 'sqlid', 'variables']",False,scripts/utilities/dba_hist_snapshot_obj_usage.sql
oracle/admin:scripts/utilities/dba_hist_snapshot_sqlid.sql,oracle/admin,scripts/utilities/dba_hist_snapshot_sqlid.sql,.sql,8585,50fb8a0bbb4cbc88184b7ae10543e3ba4234c9c04fd26669e18e2e48814d818c,script,utilities,Oracle administration helper: dba hist snapshot sqlid.,DESTRUCTIVE,True,['variables'],False,scripts/utilities/dba_hist_snapshot_sqlid.sql
oracle/admin:scripts/utilities/dba_hist_sql_workarea_hstgrm_por_dia.sql,oracle/admin,scripts/utilities/dba_hist_sql_workarea_hstgrm_por_dia.sql,.sql,2827,9627e7a1501b3a6874c5a3bcb51c0966fff3ef690dd1ed1ad95a155331c953b2,script,utilities,Oracle administration helper: dba hist sql workarea hstgrm por dia.,READ_ONLY,True,['variables'],False,scripts/utilities/dba_hist_sql_workarea_hstgrm_por_dia.sql
oracle/admin:scripts/utilities/dba_hist_sqlbind.sql,oracle/admin,scripts/utilities/dba_hist_sqlbind.sql,.sql,1200,12dfd5895e778b7f98220f02987a2c89efe1eec121197a1aca059c8c9265a601,script,utilities,Oracle administration helper: dba hist sqlbind.,READ_ONLY,True,"['SQLID', 'variables']",False,scripts/utilities/dba_hist_sqlbind.sql
oracle/admin:scripts/utilities/dba_hist_sqlbind_x.sql,oracle/admin,scripts/utilities/dba_hist_sqlbind_x.sql,.sql,1260,647c207acc2500f17642362b1e8624354aa7898c53b404bc9a2fe87bbf9141fd,script,utilities,Oracle administration helper: dba hist sqlbind x.,READ_ONLY,True,"['SQLID', 'SQL_ID', 'variables']",False,scripts/utilities/dba_hist_sqlbind_x.sql
oracle/admin:scripts/utilities/dba_hist_sysmetric_all.sql,oracle/admin,scripts/utilities/dba_hist_sysmetric_all.sql,.sql,5180,cca26c98f8e5a59e76fd45485ba69d0523439bbd6dc4d1ed59e59927e5f38bb5,script,utilities,Oracle administration helper: dba hist sysmetric all.,CHANGES,True,"['mi', 'variables']",False,scripts/utilities/dba_hist_sysmetric_all.sql
oracle/admin:scripts/utilities/dba_hist_sysmetric_history_sql_response_time.sql,oracle/admin,scripts/utilities/dba_hist_sysmetric_history_sql_response_time.sql,.sql,2113,2751018ef3d65c9d7b84ea43da1a9a51a14dc8d92ea67868418986188f382ac6,script,utilities,Oracle administration helper: dba hist sysmetric history sql response time.,READ_ONLY,True,"['_Average', '_standard_deviation', 'mi', 'variables']",False,scripts/utilities/dba_hist_sysmetric_history_sql_response_time.sql
oracle/admin:scripts/utilities/dba_hist_sysmetric_history_sql_response_time_js.sql,oracle/admin,scripts/utilities/dba_hist_sysmetric_history_sql_response_time_js.sql,.sql,6223,505398c3bd212277ee43352808d219f6c88369ccdecfd3e91034cd72227d7fbb,script,utilities,oracle/admin utilities helper: dba hist sysmetric history sql response time js.,READ_ONLY,True,"['MI', '_Average', '_avgplusstddev', '_standard_deviation']",False,scripts/utilities/dba_hist_sysmetric_history_sql_response_time_js.sql
oracle/admin:scripts/utilities/dba_hist_sysmetric_summary.sql,oracle/admin,scripts/utilities/dba_hist_sysmetric_summary.sql,.sql,3756,e3fdf0b371f93c45a6065f5a46e3031c7b32a7442181e148ecd22b0c7b757ad6,script,utilities,Oracle administration helper: dba hist sysmetric summary.,CHANGES,True,"['mi', 'variables']",False,scripts/utilities/dba_hist_sysmetric_summary.sql
oracle/admin:scripts/utilities/dba_hist_sysmetric_summary_cpu_io.sql,oracle/admin,scripts/utilities/dba_hist_sysmetric_summary_cpu_io.sql,.sql,2655,ce56365334d74541c2cf62de91dd05fa226ebce379d9fd6358b343cffde2c621,script,utilities,Oracle administration helper: dba hist sysmetric summary cpu io.,READ_ONLY,True,"['MI', 'SS', 'days', 'variables']",False,scripts/utilities/dba_hist_sysmetric_summary_cpu_io.sql
oracle/admin:scripts/utilities/dba_hist_sysmetric_summary_cpu_js.sql,oracle/admin,scripts/utilities/dba_hist_sysmetric_summary_cpu_js.sql,.sql,7130,4633dc3af28632240935206244fc204b045897ddea27ef6a6db000647560c118,script,utilities,oracle/admin utilities helper: dba hist sysmetric summary cpu js.,READ_ONLY,True,['MI'],False,scripts/utilities/dba_hist_sysmetric_summary_cpu_js.sql
oracle/admin:scripts/utilities/dba_hist_sysmetric_summary_io_js.sql,oracle/admin,scripts/utilities/dba_hist_sysmetric_summary_io_js.sql,.sql,8138,0af9bb0541a9622a2f5317ee66ff5c89861f917873dd82c2e80e90e6a3912c15,script,utilities,oracle/admin utilities helper: dba hist sysmetric summary io js.,CHANGES,True,['MI'],False,scripts/utilities/dba_hist_sysmetric_summary_io_js.sql
oracle/admin:scripts/utilities/dba_hist_sysstat.sql,oracle/admin,scripts/utilities/dba_hist_sysstat.sql,.sql,2094,b0c844d97053093737cf6bfbff8092a4f10090bf59a205e38fd41497f426ed11,script,utilities,Oracle administration helper: dba hist sysstat.,CHANGES,True,"['MI', 'SS', 'days', 'stat', 'variables']",False,scripts/utilities/dba_hist_sysstat.sql
oracle/admin:scripts/utilities/dba_hist_system_event.sql,oracle/admin,scripts/utilities/dba_hist_system_event.sql,.sql,2269,23dc0df391bcf25bdd9954f6d094a240738d6bff3393b3279c86a6a4aa3786e3,script,utilities,Oracle administration helper: dba hist system event.,CHANGES,True,"['BngTime', 'EndTime', 'event_name', 'variables', 'wait_class']",False,scripts/utilities/dba_hist_system_event.sql
oracle/admin:scripts/utilities/dba_hist_system_event_io.sql,oracle/admin,scripts/utilities/dba_hist_system_event_io.sql,.sql,1331,a4468bdea4d49fd637e881b5f464a745ca6ab0ba2aeabd092ee18b32be3de959,script,utilities,Oracle administration helper: dba hist system event io.,READ_ONLY,True,['variables'],False,scripts/utilities/dba_hist_system_event_io.sql
oracle/admin:scripts/utilities/dba_hist_system_event_io2.sql,oracle/admin,scripts/utilities/dba_hist_system_event_io2.sql,.sql,2863,817e6ebc706a6119964abddd12a4d1c927cefdf06fe163fe721a3f5d055791bd,script,utilities,Oracle administration helper: dba hist system event io2.,READ_ONLY,True,"['DAYS_AGO', 'variables']",False,scripts/utilities/dba_hist_system_event_io2.sql
oracle/admin:scripts/utilities/dba_hist_tbspc_space_usage.sql,oracle/admin,scripts/utilities/dba_hist_tbspc_space_usage.sql,.sql,1524,a3d4122129d628fbbc7097858292ad680307b7e413802b89c87ba893a14ed9db,script,utilities,Oracle administration helper: dba hist tbspc space usage.,READ_ONLY,True,['variables'],False,scripts/utilities/dba_hist_tbspc_space_usage.sql
oracle/admin:scripts/utilities/dba_hist_undostat.sql,oracle/admin,scripts/utilities/dba_hist_undostat.sql,.sql,1061,50d45bf8e6ff23ebb03449461a25226efade435d1c5a1170769aa8649de4f99c,script,utilities,Oracle administration helper: dba hist undostat.,READ_ONLY,True,['variables'],False,scripts/utilities/dba_hist_undostat.sql
oracle/admin:scripts/utilities/dba_hist_undostat_usagehist.sql,oracle/admin,scripts/utilities/dba_hist_undostat_usagehist.sql,.sql,3845,0d9ecbc25e9f222b27a0a030bbfa6233f98707109ec95ba865e445c84da34724,script,utilities,oracle/admin utilities helper: dba hist undostat usagehist.,CHANGES,True,"['MI', 'MIn', 'SS', 'SSOLDERRCNT', 'nospaceerrcnt', 'sysdate', 'total_usage']",False,scripts/utilities/dba_hist_undostat_usagehist.sql
oracle/admin:scripts/utilities/dba_ind_columns.sql,oracle/admin,scripts/utilities/dba_ind_columns.sql,.sql,1441,bcf137cd1c67c406861eeaf7bdde876f5eb24f5aa06daddec9cecb0a33eba4e7,script,utilities,Oracle administration helper: dba ind columns.,DESTRUCTIVE,True,"['column_name', 'index_name', 'table_name', 'table_owner', 'variables']",False,scripts/utilities/dba_ind_columns.sql
oracle/admin:scripts/utilities/dba_ind_columns_x.sql,oracle/admin,scripts/utilities/dba_ind_columns_x.sql,.sql,1287,d6c9b9a88351d59ca3c49830b324ccf56badaece588708dd2d0d0503acff5fef,script,utilities,Oracle administration helper: dba ind columns x.,READ_ONLY,True,"['NOMBRE_TABLA', 'OWNER_TABLA', 'variables']",False,scripts/utilities/dba_ind_columns_x.sql
oracle/admin:scripts/utilities/dba_ind_partitions.sql,oracle/admin,scripts/utilities/dba_ind_partitions.sql,.sql,1524,07d887733fc5a956eb473c1fef8506f9dd668031ff5e04f81e417ca136df11c9,script,utilities,Oracle administration helper: dba ind partitions.,READ_ONLY,True,"['index_name', 'index_owner', 'partition_name', 'unusable', 'variables']",False,scripts/utilities/dba_ind_partitions.sql
oracle/admin:scripts/utilities/dba_ind_partitions_info.sql,oracle/admin,scripts/utilities/dba_ind_partitions_info.sql,.sql,2834,edebd6068b461eba92c134eebb82025995f35ab111cafa2d4839d544c52af80e,script,utilities,Oracle administration helper: dba ind partitions info.,READ_ONLY,True,"['MI', 'Mb', 'SSSSS', 'index_name', 'owner', 'pct_cluster', 'variables']",False,scripts/utilities/dba_ind_partitions_info.sql
oracle/admin:scripts/utilities/dba_indexes.sql,oracle/admin,scripts/utilities/dba_indexes.sql,.sql,1780,fccad0075ae45cca11e6f1ff693efaf3491768c3e60c36acf8b1e38fd0ba71ae,script,utilities,Oracle administration helper: dba indexes.,READ_ONLY,True,"['index_name', 'index_owner', 'index_type', 'status', 'table_name', 'variables']",False,scripts/utilities/dba_indexes.sql
oracle/admin:scripts/utilities/dba_indexes_duplicate.sql,oracle/admin,scripts/utilities/dba_indexes_duplicate.sql,.sql,1845,31f77fcc147a6239c2e37c35fd2d6a40319f8243f333eb0238c1e82c976e1f84,script,utilities,Oracle administration helper: dba indexes duplicate.,READ_ONLY,True,['variables'],False,scripts/utilities/dba_indexes_duplicate.sql
oracle/admin:scripts/utilities/dba_indexes_info.sql,oracle/admin,scripts/utilities/dba_indexes_info.sql,.sql,2814,23bdf361dc5a69ea429c06e7d5cef0978a58fd004d3553fa72429a90cb977d8c,script,utilities,Oracle administration helper: dba indexes info.,READ_ONLY,True,"['MI', 'Mb', 'SSSSS', 'index_name', 'owner', 'pct_cluster', 'table_name', 'variables']",False,scripts/utilities/dba_indexes_info.sql
oracle/admin:scripts/utilities/dba_indexes_invalid.sql,oracle/admin,scripts/utilities/dba_indexes_invalid.sql,.sql,1822,352220e0a5c407d085d1ea6d29c2cd704247608da46c3fb3fecc08a7a70d30fc,script,utilities,Oracle administration helper: dba indexes invalid.,READ_ONLY,True,"['index_name', 'index_owner', 'index_type', 'table_name', 'variables']",False,scripts/utilities/dba_indexes_invalid.sql
oracle/admin:scripts/utilities/dba_indexes_nomon.sql,oracle/admin,scripts/utilities/dba_indexes_nomon.sql,.sql,1520,29fd99cb99da7c6a3a8c71bb38715baa9de6b10120b85fcdf7bd55968f0b1816,script,utilities,Oracle administration helper: dba indexes nomon.,READ_ONLY,True,['variables'],False,scripts/utilities/dba_indexes_nomon.sql
oracle/admin:scripts/utilities/dba_indexes_owner.sql,oracle/admin,scripts/utilities/dba_indexes_owner.sql,.sql,1159,f7abbf01326be58c2ea951df18682dcfc2de69d41912238c17df8777a568184a,script,utilities,Oracle administration helper: dba indexes owner (1).,READ_ONLY,True,"['OWNER', 'Owner', 'variables']",False,scripts/utilities/dba_indexes_owner.sql
oracle/admin:scripts/utilities/dba_indexes_table.sql,oracle/admin,scripts/utilities/dba_indexes_table.sql,.sql,1203,2829b2a4fc304a678cfa89c340312e818f76e19f6f327983e9d27cd9e5a6b787,script,utilities,Oracle administration helper: dba indexes table.,READ_ONLY,True,"['TABLE', 'owner', 'variables']",False,scripts/utilities/dba_indexes_table.sql
oracle/admin:scripts/utilities/dba_indexes_tbs.sql,oracle/admin,scripts/utilities/dba_indexes_tbs.sql,.sql,1208,afe3654cf47241d06f7a657275e4e191bb5995ae29fb3668680c4b0efe535820,script,utilities,Oracle administration helper: dba indexes tbs.,READ_ONLY,True,"['TBS', 'variables']",False,scripts/utilities/dba_indexes_tbs.sql
oracle/admin:scripts/utilities/dba_indexes_x.sql,oracle/admin,scripts/utilities/dba_indexes_x.sql,.sql,1889,fe58847f032f9d96fab541d7caf637c9d2eb0fb36cf122d507f6b28fd2d0271d,script,utilities,Oracle administration helper: dba indexes x.,READ_ONLY,True,"['INDEX', 'variables']",False,scripts/utilities/dba_indexes_x.sql
oracle/admin:scripts/utilities/dba_lobs.sql,oracle/admin,scripts/utilities/dba_lobs.sql,.sql,1402,e2785f10e586979d6a9fe76652c8ed16470ef4b8103616a2cb951e61f5b56b81,script,utilities,Oracle administration helper: dba lobs.,READ_ONLY,True,"['column_name', 'owner', 'segment_name', 'table_name', 'tablespace_name', 'variables']",False,scripts/utilities/dba_lobs.sql
oracle/admin:scripts/utilities/dba_lobs_table.sql,oracle/admin,scripts/utilities/dba_lobs_table.sql,.sql,1236,a6692fdae962434371a5e254b0da13faac8dc15a83e91fb7c0b0dcd8774946a1,script,utilities,Oracle administration helper: dba lobs table.,READ_ONLY,True,"['TABLE_NAME', 'variables']",False,scripts/utilities/dba_lobs_table.sql
oracle/admin:scripts/utilities/dba_lobs_x.sql,oracle/admin,scripts/utilities/dba_lobs_x.sql,.sql,1244,f359e820206638b319895875934ea5d46aec531fd7a7a401f8b0ddce7c40babc,script,utilities,Oracle administration helper: dba lobs x.,READ_ONLY,True,"['SEGMENT_NAME', 'variables']",False,scripts/utilities/dba_lobs_x.sql
oracle/admin:scripts/utilities/dba_lock.sql,oracle/admin,scripts/utilities/dba_lock.sql,.sql,2268,3220d6877e95fe139492899ed0daf93cdc76954f98f45c69b7d725f291ad7126,script,utilities,Oracle administration helper: dba lock.,READ_ONLY,True,['variables'],False,scripts/utilities/dba_lock.sql
oracle/admin:scripts/utilities/dba_mview_logs.sql,oracle/admin,scripts/utilities/dba_mview_logs.sql,.sql,1081,af83ba967dc99df6e08d23fa1cef68422965110f2d2cae4cc8f66988d7a01b47,script,utilities,Oracle administration helper: dba mview logs.,READ_ONLY,True,['variables'],False,scripts/utilities/dba_mview_logs.sql
oracle/admin:scripts/utilities/dba_mview_refresh_times.sql,oracle/admin,scripts/utilities/dba_mview_refresh_times.sql,.sql,1052,e8116e2c60cb19780d5ce0fe4b47bcd0aff5eb5b969b623b5500d69e62f8f16e,script,utilities,Oracle administration helper: dba mview refresh times.,READ_ONLY,True,['variables'],False,scripts/utilities/dba_mview_refresh_times.sql
oracle/admin:scripts/utilities/dba_mviews.sql,oracle/admin,scripts/utilities/dba_mviews.sql,.sql,1190,8abd35d1bc20d926e5329dfcc12cd0dd05ae1c9c48fc904e6b2df1918b1e47ff,script,utilities,Oracle administration helper: dba mviews.,READ_ONLY,True,['variables'],False,scripts/utilities/dba_mviews.sql
oracle/admin:scripts/utilities/dba_object_size.sql,oracle/admin,scripts/utilities/dba_object_size.sql,.sql,1035,1ef9b074baad74b6567d4885dfc5dd7293af6e50c4e65d05db83e0cc10c2e7d6,script,utilities,Oracle administration helper: dba object size.,READ_ONLY,True,"['owner', 'variables']",False,scripts/utilities/dba_object_size.sql
oracle/admin:scripts/utilities/dba_objects.sql,oracle/admin,scripts/utilities/dba_objects.sql,.sql,1268,9f2e068360dc5ba9ccae4e4e06c53e4dc8039c4949a46716a2633108d2cfd900,script,utilities,Oracle administration helper: dba objects.,READ_ONLY,True,"['obj_name', 'object_type', 'owner', 'variables']",False,scripts/utilities/dba_objects.sql
oracle/admin:scripts/utilities/dba_objects_invalid.sql,oracle/admin,scripts/utilities/dba_objects_invalid.sql,.sql,1921,9a0d22c800583c483c637bde51f74389a1b2d1c00b10c66413e5fd5b28f46107,script,utilities,Oracle administration helper: dba objects invalid.,CHANGES,True,"['object_name', 'object_type', 'owner', 'variables']",False,scripts/utilities/dba_objects_invalid.sql
oracle/admin:scripts/utilities/dba_objects_invalid_gowner.sql,oracle/admin,scripts/utilities/dba_objects_invalid_gowner.sql,.sql,1303,908363c6d149756bc967c44a704c69654956570114e004806bd774d95cac0974,script,utilities,Oracle administration helper: dba objects invalid gowner.,READ_ONLY,True,"['owner', 'variables']",False,scripts/utilities/dba_objects_invalid_gowner.sql
oracle/admin:scripts/utilities/dba_objects_invalid_owner.sql,oracle/admin,scripts/utilities/dba_objects_invalid_owner.sql,.sql,1803,a78805b34990476b01cf45216f2ad1c43c3443659a5313c6d241ea47f85398e4,script,utilities,Oracle administration helper: dba objects invalid owner.,CHANGES,True,"['owner', 'variables']",False,scripts/utilities/dba_objects_invalid_owner.sql
oracle/admin:scripts/utilities/dba_objects_owner.sql,oracle/admin,scripts/utilities/dba_objects_owner.sql,.sql,1219,93e056d2b7318226c1b7fb7e8c0b5247c02ec7bbd4248f32e424814bb0925643,script,utilities,Oracle administration helper: dba objects owner.,READ_ONLY,True,"['OWNER', 'variables']",False,scripts/utilities/dba_objects_owner.sql
oracle/admin:scripts/utilities/dba_objects_tbs.sql,oracle/admin,scripts/utilities/dba_objects_tbs.sql,.sql,1221,b64a223c5c30c13d091fed65840bb8c0b83d2f47fe12db4b91d4b54275e413b3,script,utilities,Oracle administration helper: dba objects tbs.,READ_ONLY,True,"['TBS', 'variables']",False,scripts/utilities/dba_objects_tbs.sql
oracle/admin:scripts/utilities/dba_objects_x.sql,oracle/admin,scripts/utilities/dba_objects_x.sql,.sql,1148,d5f75a104ef95f8274f47ef68104d7cb4cf5412359a6241ebc048125fd9d0b8d,script,utilities,Oracle administration helper: dba objects x.,READ_ONLY,True,"['OBJ_NAME', 'OWNER', 'variables']",False,scripts/utilities/dba_objects_x.sql
oracle/admin:scripts/utilities/dba_outstanding_alerts.sql,oracle/admin,scripts/utilities/dba_outstanding_alerts.sql,.sql,1283,10b43135cc09d4441f278436215a38d37247c40393bba7aa381df99160275061,script,utilities,Oracle administration helper: dba outstanding alerts.,READ_ONLY,True,"['mi', 'variables']",False,scripts/utilities/dba_outstanding_alerts.sql
oracle/admin:scripts/utilities/dba_part_Tables.sql,oracle/admin,scripts/utilities/dba_part_Tables.sql,.sql,1387,c3b7d5cefd55524bdec43417adcd358e756a83740d3a9fa7a448f31b768aafad,script,utilities,Oracle administration helper: dba part Tables.,READ_ONLY,True,"['owner', 'partition_count', 'partitioning_type', 'status', 'subpartitioning_type', 'table_name', 'variables']",False,scripts/utilities/dba_part_Tables.sql
oracle/admin:scripts/utilities/dba_part_indexes.sql,oracle/admin,scripts/utilities/dba_part_indexes.sql,.sql,1354,0080961229748e3ff730b84cf6ccfb8349138cb0f04e67a984368686852f785c,script,utilities,Oracle administration helper: dba part indexes.,READ_ONLY,True,"['index_name', 'owner', 'table_name', 'variables']",False,scripts/utilities/dba_part_indexes.sql
oracle/admin:scripts/utilities/dba_part_key_columns.sql,oracle/admin,scripts/utilities/dba_part_key_columns.sql,.sql,1415,1efd9e36fc6b05baed310e36e50523d5c45fcb7e29a4e7f28e227f51471d1b32,script,utilities,Oracle administration helper: dba part key columns.,READ_ONLY,True,"['column_name', 'data_type', 'name', 'object_type', 'owner', 'variables']",False,scripts/utilities/dba_part_key_columns.sql
oracle/admin:scripts/utilities/dba_part_key_columns_x.sql,oracle/admin,scripts/utilities/dba_part_key_columns_x.sql,.sql,1071,f66a95f85fb56164d608d92404733732bfa4fc607156b53e1e2eb118b01901df,script,utilities,Oracle administration helper: dba part key columns x.,READ_ONLY,True,"['NAME', 'OWNER', 'variables']",False,scripts/utilities/dba_part_key_columns_x.sql
oracle/admin:scripts/utilities/dba_pdb_saved_states.sql,oracle/admin,scripts/utilities/dba_pdb_saved_states.sql,.sql,1054,53d0a65b93090b7f2f08245af84a9a1da3a5df35c176b6725549b0bb2ce7ab1c,script,utilities,Oracle administration helper: dba pdb saved states.,READ_ONLY,True,['variables'],False,scripts/utilities/dba_pdb_saved_states.sql
oracle/admin:scripts/utilities/dba_pending_transactions.sql,oracle/admin,scripts/utilities/dba_pending_transactions.sql,.sql,958,f35f04572ce2fed25adb51e5d1cd2b88d79a02ce3070dbb9f02b2ae401c06bad,script,utilities,Oracle administration helper: dba pending transactions.,READ_ONLY,True,['variables'],False,scripts/utilities/dba_pending_transactions.sql
oracle/admin:scripts/utilities/dba_policies.sql,oracle/admin,scripts/utilities/dba_policies.sql,.sql,1134,18124719cea9d4433bb4631232a83c462a0573884f3ad2e7395e8823f1d8534a,script,utilities,Oracle administration helper: dba policies.,READ_ONLY,True,['variables'],False,scripts/utilities/dba_policies.sql
oracle/admin:scripts/utilities/dba_procedures.sql,oracle/admin,scripts/utilities/dba_procedures.sql,.sql,1246,58bf86661c60100ecd0f0b312a2f40aa7647646732b600f52c628eb5bf9e3f1e,script,utilities,Oracle administration helper: dba procedures.,DESTRUCTIVE,True,"['object_id', 'object_name', 'procedure_name', 'subprogram_id', 'variables']",False,scripts/utilities/dba_procedures.sql
oracle/admin:scripts/utilities/dba_proxies.sql,oracle/admin,scripts/utilities/dba_proxies.sql,.sql,1111,469d7b171c20bf14f7a281482615e05c4fb11f2b01f3fdce88c95dc37f20ed02,script,utilities,Oracle administration helper: dba proxies.,CHANGES,True,['variables'],False,scripts/utilities/dba_proxies.sql
oracle/admin:scripts/utilities/dba_recyclebin.sql,oracle/admin,scripts/utilities/dba_recyclebin.sql,.sql,1658,d60ce81627fd0e6c93d3385271732915168a5980641a3ab77ac051e1a25e3fc1,script,utilities,Oracle administration helper: dba recyclebin.,DESTRUCTIVE,True,['variables'],False,scripts/utilities/dba_recyclebin.sql
oracle/admin:scripts/utilities/dba_recyclebin_tbs.sql,oracle/admin,scripts/utilities/dba_recyclebin_tbs.sql,.sql,1384,9368d8e929b4bbf177240816e86e9fb29eca5f940df0549a4905553c1d70fe93,script,utilities,Oracle administration helper: dba recyclebin tbs.,READ_ONLY,True,"['TBS', 'variables']",False,scripts/utilities/dba_recyclebin_tbs.sql
oracle/admin:scripts/utilities/dba_registry.sql,oracle/admin,scripts/utilities/dba_registry.sql,.sql,1021,c5efd12c3dc907e22a6ea833f9b6ca297ea12167dabac43a440534b78d31cf0f,script,utilities,Oracle administration helper: dba registry.,READ_ONLY,True,['variables'],False,scripts/utilities/dba_registry.sql
oracle/admin:scripts/utilities/dba_registry_history.sql,oracle/admin,scripts/utilities/dba_registry_history.sql,.sql,1072,a07936747edbf091ff9edbe7b0876695edf53b25fa6637d63ecb335a42af16d5,script,utilities,Oracle administration helper: dba registry history.,READ_ONLY,True,['variables'],False,scripts/utilities/dba_registry_history.sql
oracle/admin:scripts/utilities/dba_registry_sqlpatch.sql,oracle/admin,scripts/utilities/dba_registry_sqlpatch.sql,.sql,1441,dae8e878685572fa9e6ea180f3b14dd876244e6ff448f29664cf4b65b1811717,script,utilities,Oracle administration helper: dba registry sqlpatch.,DESTRUCTIVE,True,['variables'],False,scripts/utilities/dba_registry_sqlpatch.sql
oracle/admin:scripts/utilities/dba_registry_sqlpatch_12.sql,oracle/admin,scripts/utilities/dba_registry_sqlpatch_12.sql,.sql,1372,e633071db3c7925298559666f0c5cc20cd0dd5dd113e507474b6cd73c66d4e69,script,utilities,Oracle administration helper: dba registry sqlpatch 12.,DESTRUCTIVE,True,"['INSTALL_ID', 'variables']",False,scripts/utilities/dba_registry_sqlpatch_12.sql
oracle/admin:scripts/utilities/dba_rollback_segs.sql,oracle/admin,scripts/utilities/dba_rollback_segs.sql,.sql,1854,9fe2006939ecafdc41049b0c5f82c87560feab8f3b58f96bb9f1f27cd73556af,script,utilities,Oracle administration helper: dba rollback segs.,READ_ONLY,True,['variables'],False,scripts/utilities/dba_rollback_segs.sql
oracle/admin:scripts/utilities/dba_segments.sql,oracle/admin,scripts/utilities/dba_segments.sql,.sql,1158,664b055af991e9c5ef4ffcb0586a964a6fe9b0a00b54e2dca14227418fd8e7b5,script,utilities,Oracle administration helper: dba segments (1).,READ_ONLY,True,['variables'],False,scripts/utilities/dba_segments.sql
oracle/admin:scripts/utilities/dba_segments_compactar.sql,oracle/admin,scripts/utilities/dba_segments_compactar.sql,.sql,5124,7877552bf1f22a36b02b6239faea1978d2cf2f52d5a5a59e4e813245d68d529b,script,utilities,Oracle administration helper: dba segments compactar.,CHANGES,True,"['ENTER_OWNER_NAME', 'ENTER_TABLE_NAME', 'variables']",False,scripts/utilities/dba_segments_compactar.sql
oracle/admin:scripts/utilities/dba_segments_gowner.sql,oracle/admin,scripts/utilities/dba_segments_gowner.sql,.sql,1031,9c1f02753c330534ab9dba2f2feb605443a2fec00e8cf0a6c5caa18cabb22460,script,utilities,Oracle administration helper: dba segments gowner (1).,READ_ONLY,True,['variables'],False,scripts/utilities/dba_segments_gowner.sql
oracle/admin:scripts/utilities/dba_segments_index.sql,oracle/admin,scripts/utilities/dba_segments_index.sql,.sql,1486,987d38a6df400f761dadc86d3b1f08cdb2e9c9ddb5495b5b504fade97e87aa25,script,utilities,Oracle administration helper: dba segments index.,READ_ONLY,True,"['OWNER', 'segment_name', 'variables']",False,scripts/utilities/dba_segments_index.sql
oracle/admin:scripts/utilities/dba_segments_owner.sql,oracle/admin,scripts/utilities/dba_segments_owner.sql,.sql,1479,9a9aadfcd12aae225b264b3e3795e99a6258b98f228b6e03e2894833457afe23,script,utilities,Oracle administration helper: dba segments owner.,READ_ONLY,True,"['OWNER', 'variables']",False,scripts/utilities/dba_segments_owner.sql
oracle/admin:scripts/utilities/dba_segments_tbs.sql,oracle/admin,scripts/utilities/dba_segments_tbs.sql,.sql,1319,d976ae579a90917d49f5dc80d131398151f9d8f1af4c8d0d905a921a3db94204,script,utilities,Oracle administration helper: dba segments tbs (1).,READ_ONLY,True,"['TABLESPACE', 'Tablespace', 'variables']",False,scripts/utilities/dba_segments_tbs.sql
oracle/admin:scripts/utilities/dba_segments_x.sql,oracle/admin,scripts/utilities/dba_segments_x.sql,.sql,1370,4913890660aa7497e4de0629d50ef7176f62df347b63bdcedbd0349e752800fd,script,utilities,Oracle administration helper: dba segments x (1).,READ_ONLY,True,"['OBJ_NAME', 'variables']",False,scripts/utilities/dba_segments_x.sql
oracle/admin:scripts/utilities/dba_services.sql,oracle/admin,scripts/utilities/dba_services.sql,.sql,1159,5a3459f6aa7bdde3d533d658b5953f5c687ee64147187ae2775b79cddd9088b5,script,utilities,Oracle administration helper: dba services.,DESTRUCTIVE,True,['variables'],False,scripts/utilities/dba_services.sql
oracle/admin:scripts/utilities/dba_source.sql,oracle/admin,scripts/utilities/dba_source.sql,.sql,1210,44ceb4a8ca6afe351d131053924103f1e94163be1733bff3daebdb555845d5d1,script,utilities,Oracle administration helper: dba source.,READ_ONLY,True,"['obj_name', 'owner', 'text', 'variables']",False,scripts/utilities/dba_source.sql
oracle/admin:scripts/utilities/dba_source_x.sql,oracle/admin,scripts/utilities/dba_source_x.sql,.sql,1179,7e5345f5ddfee4703577d1a5f7067940b3694c7559832d55c1d61268c1cb1483,script,utilities,Oracle administration helper: dba source x.,READ_ONLY,True,"['obj_name', 'owner', 'variables']",False,scripts/utilities/dba_source_x.sql
oracle/admin:scripts/utilities/dba_source_x_like.sql,oracle/admin,scripts/utilities/dba_source_x_like.sql,.sql,1445,9f2c56060aa03a42280e7aff211a073f5411d5f2b9cd49a673dd527b561d6391,script,utilities,Oracle administration helper: dba source x like.,READ_ONLY,True,"['LIKE', 'OBJ_NAME', 'OWNER', 'variables']",False,scripts/utilities/dba_source_x_like.sql
oracle/admin:scripts/utilities/dba_source_x_line.sql,oracle/admin,scripts/utilities/dba_source_x_line.sql,.sql,1441,ba93e1ee481be820775559a4fff2ae79c6c29868f5cee3c692a024751ab7bc46,script,utilities,Oracle administration helper: dba source x line.,READ_ONLY,True,"['LINEA', 'OBJ_NAME', 'OWNER', 'variables']",False,scripts/utilities/dba_source_x_line.sql
oracle/admin:scripts/utilities/dba_source_x_line_beet.sql,oracle/admin,scripts/utilities/dba_source_x_line_beet.sql,.sql,1515,8baaa45ededcc1d764f905d247c64439077a4c509e0280fe08431b000f381636,script,utilities,Oracle administration helper: dba source x line beet.,READ_ONLY,True,"['LINEA1', 'LINEA2', 'OBJ_NAME', 'OWNER', 'variables']",False,scripts/utilities/dba_source_x_line_beet.sql
oracle/admin:scripts/utilities/dba_sql_patches.sql,oracle/admin,scripts/utilities/dba_sql_patches.sql,.sql,946,db960a6c27f19204f780f148b7db7acd12d2c2480c7b8986985be18bdf25bcf8,script,utilities,oracle/admin utilities helper: dba sql patches.,DESTRUCTIVE,True,[],False,scripts/utilities/dba_sql_patches.sql
oracle/admin:scripts/utilities/dba_sqlset.sql,oracle/admin,scripts/utilities/dba_sqlset.sql,.sql,889,bea22c349a1f0d2dca3af7ca381602ef90c58324c0992f6ebb6cfffad30aab72,script,utilities,oracle/admin utilities helper: dba sqlset.,READ_ONLY,True,[],False,scripts/utilities/dba_sqlset.sql
oracle/admin:scripts/utilities/dba_stat_extensions.sql,oracle/admin,scripts/utilities/dba_stat_extensions.sql,.sql,1010,bfa241016d84fd45a71230e4714952760666b7104b1004b1b343aeb48c6ebe24,script,utilities,Oracle administration helper: dba stat extensions.,DESTRUCTIVE,True,['variables'],False,scripts/utilities/dba_stat_extensions.sql
oracle/admin:scripts/utilities/dba_synonyms.sql,oracle/admin,scripts/utilities/dba_synonyms.sql,.sql,1463,7b37db4706781525c8ab31a45f6512bb9e5772e6ad35257eaa8993c0a980dbdb,script,utilities,Oracle administration helper: dba synonyms.,DESTRUCTIVE,True,"['owner', 'synonym_name', 'table_name', 'table_owner', 'variables']",False,scripts/utilities/dba_synonyms.sql
oracle/admin:scripts/utilities/dba_synonyms_x.sql,oracle/admin,scripts/utilities/dba_synonyms_x.sql,.sql,1081,8c98faddc8e0f14f0ef115160cadf983429fe327bab3f56dacdb73f40f5a28a9,script,utilities,Oracle administration helper: dba synonyms x.,READ_ONLY,True,"['OWNER', 'owner', 'variables']",False,scripts/utilities/dba_synonyms_x.sql
oracle/admin:scripts/utilities/dba_tab_col_statistics.sql,oracle/admin,scripts/utilities/dba_tab_col_statistics.sql,.sql,1570,7f335ae2bef20425f566eafc658898699dbf48ec9bc996bafbd24d270b7af570,script,utilities,Oracle administration helper: dba tab col statistics.,DESTRUCTIVE,True,"['column_name', 'data_type', 'owner', 'table_name', 'variables']",False,scripts/utilities/dba_tab_col_statistics.sql
oracle/admin:scripts/utilities/dba_tab_columns.sql,oracle/admin,scripts/utilities/dba_tab_columns.sql,.sql,1789,6b36118b6ec42ad88e275b5b88b61a12a4100e5056512abb0589f2bfc991a54e,script,utilities,Oracle administration helper: dba tab columns.,READ_ONLY,True,"['column_name', 'data_type', 'owner', 'table_name', 'variables']",False,scripts/utilities/dba_tab_columns.sql
oracle/admin:scripts/utilities/dba_tab_columns_x.sql,oracle/admin,scripts/utilities/dba_tab_columns_x.sql,.sql,1373,d06c086629ae55f23d8d54a28f2c0501241a37091723223b4b789e5097cc19ac,script,utilities,Oracle administration helper: dba tab columns x.,READ_ONLY,True,"['column_name', 'owner', 'table_name', 'variables']",False,scripts/utilities/dba_tab_columns_x.sql
oracle/admin:scripts/utilities/dba_tab_comments_x.sql,oracle/admin,scripts/utilities/dba_tab_comments_x.sql,.sql,1192,a00ec1a06e693b14dae31a3fb1c89278869b008dd50b4fb6bb26aeab6bdf4193,script,utilities,Oracle administration helper: dba tab comments x.,READ_ONLY,True,"['OWNER', 'TABLA', 'variables']",False,scripts/utilities/dba_tab_comments_x.sql
oracle/admin:scripts/utilities/dba_tab_histograms.sql,oracle/admin,scripts/utilities/dba_tab_histograms.sql,.sql,1212,334729c7a84db58e00ab116e4756c9a25d2e036815e448710e4fb63bdbb5bc9c,script,utilities,Oracle administration helper: dba tab histograms.,READ_ONLY,True,"['column_name', 'owner', 'table_name', 'variables']",False,scripts/utilities/dba_tab_histograms.sql
oracle/admin:scripts/utilities/dba_tab_modifications.sql,oracle/admin,scripts/utilities/dba_tab_modifications.sql,.sql,1525,6c7c13344e2832183c1f988c64b15aa86df97096d0148bfbaeddceeceead020e,script,utilities,Oracle administration helper: dba tab modifications.,CHANGES,True,"['table_name', 'table_owner', 'variables']",False,scripts/utilities/dba_tab_modifications.sql
oracle/admin:scripts/utilities/dba_tab_part_seg.sql,oracle/admin,scripts/utilities/dba_tab_part_seg.sql,.sql,1601,6609efa2e860a0f53ac078a29fdadb1857be7e8cdcedf86ee6574da9de85ed22,script,utilities,Oracle administration helper: dba tab part seg.,READ_ONLY,True,"['OWNER', 'variables']",False,scripts/utilities/dba_tab_part_seg.sql
oracle/admin:scripts/utilities/dba_tab_part_sub_count.sql,oracle/admin,scripts/utilities/dba_tab_part_sub_count.sql,.sql,1766,8ff003c5a54057b058d6fdf7b9ce56a5ae919d163f119385392ef3d046a8c5b1,script,utilities,Oracle administration helper: dba tab part sub count.,READ_ONLY,True,"['table_owner', 'variables']",False,scripts/utilities/dba_tab_part_sub_count.sql
oracle/admin:scripts/utilities/dba_tab_partitions.sql,oracle/admin,scripts/utilities/dba_tab_partitions.sql,.sql,1859,7bcbf13c8fef3ba070d677b2a3b013ab1776e63ce288de2079c015db79f667cd,script,utilities,Oracle administration helper: dba tab partitions.,DESTRUCTIVE,True,"['partition_name', 'table_name', 'table_owner', 'tablespace_name', 'variables']",False,scripts/utilities/dba_tab_partitions.sql
oracle/admin:scripts/utilities/dba_tab_partitions_owner.sql,oracle/admin,scripts/utilities/dba_tab_partitions_owner.sql,.sql,1489,afc32bf7eda665d83c81e80e4f06b998f8ad5716aff8d471b598a0186eb64d0f,script,utilities,Oracle administration helper: dba tab partitions owner.,READ_ONLY,True,"['OWNER', 'variables']",False,scripts/utilities/dba_tab_partitions_owner.sql
oracle/admin:scripts/utilities/dba_tab_partitions_size.sql,oracle/admin,scripts/utilities/dba_tab_partitions_size.sql,.sql,1776,aa14f828d72d3e0995e9da59c2377ce43db4c9485172227c8f1444b68232c870,script,utilities,Oracle administration helper: dba tab partitions size.,READ_ONLY,True,"['owner', 'table_name', 'variables']",False,scripts/utilities/dba_tab_partitions_size.sql
oracle/admin:scripts/utilities/dba_tab_partitions_x.sql,oracle/admin,scripts/utilities/dba_tab_partitions_x.sql,.sql,1658,4bf8cdd1da5304b51effb683e19977d4facc3bfcb9695f32b4da25a0727856a1,script,utilities,Oracle administration helper: dba tab partitions x.,READ_ONLY,True,"['partition_name', 'table_name', 'table_owner', 'tablespace_name', 'variables']",False,scripts/utilities/dba_tab_partitions_x.sql
oracle/admin:scripts/utilities/dba_tab_statistics.sql,oracle/admin,scripts/utilities/dba_tab_statistics.sql,.sql,1252,9e3082cb6551121f81e72f08bbdf59b5191d927c5f447411db4ac9b485b31b7d,script,utilities,Oracle administration helper: dba tab statistics.,READ_ONLY,True,"['OWNER', 'variables']",False,scripts/utilities/dba_tab_statistics.sql
oracle/admin:scripts/utilities/dba_tab_subpartitions.sql,oracle/admin,scripts/utilities/dba_tab_subpartitions.sql,.sql,1840,13b76a62b1dd22304396f06cbb5a1590a3fee7b7a05207b37c57495bc94fe56b,script,utilities,Oracle administration helper: dba tab subpartitions.,READ_ONLY,True,"['partition_name', 'subpartition_name', 'table_name', 'table_owner', 'tablespace_name', 'variables']",False,scripts/utilities/dba_tab_subpartitions.sql
oracle/admin:scripts/utilities/dba_tab_subpartitions_sum_size.sql,oracle/admin,scripts/utilities/dba_tab_subpartitions_sum_size.sql,.sql,2252,31203e12f9509363d279779ea9bda8daf2b6aa97ab3a39fbcd838b069176e403,script,utilities,Oracle administration helper: dba tab subpartitions sum size.,DESTRUCTIVE,True,['variables'],False,scripts/utilities/dba_tab_subpartitions_sum_size.sql
oracle/admin:scripts/utilities/dba_tables.sql,oracle/admin,scripts/utilities/dba_tables.sql,.sql,1485,d3200299ff0f30ac2a6ad264a5526d52e09400cc301dd8ce59dae8b6bb772a40,script,utilities,oracle/admin utilities helper: dba tables.,READ_ONLY,True,"['owner', 'table_name']",False,scripts/utilities/dba_tables.sql
oracle/admin:scripts/utilities/dba_tables_owner.sql,oracle/admin,scripts/utilities/dba_tables_owner.sql,.sql,1155,08deeb54058faa09ff472f581736c47d39d3f14e4a87ffadf68e6a400368d424,script,utilities,Oracle administration helper: dba tables owner (1).,READ_ONLY,True,"['OWNER', 'Owner', 'variables']",False,scripts/utilities/dba_tables_owner.sql
oracle/admin:scripts/utilities/dba_tables_owner_tbs.sql,oracle/admin,scripts/utilities/dba_tables_owner_tbs.sql,.sql,1238,1227e90dc96ba68e6dad531c46e86d968f5ac22cf004de15a985fabcf926c71d,script,utilities,Oracle administration helper: dba tables owner tbs (1).,READ_ONLY,True,"['OWNER', 'Owner', 'TABLESPACE', 'Tablespace', 'variables']",False,scripts/utilities/dba_tables_owner_tbs.sql
oracle/admin:scripts/utilities/dba_tables_porcent_estad.sql,oracle/admin,scripts/utilities/dba_tables_porcent_estad.sql,.sql,1068,8f47ba67b8e91c5c063473bd68218b3172d05798d9ccd327f20e12735970db0f,script,utilities,Oracle administration helper: dba tables porcent estad (1).,READ_ONLY,True,['variables'],False,scripts/utilities/dba_tables_porcent_estad.sql
oracle/admin:scripts/utilities/dba_tables_tbs.sql,oracle/admin,scripts/utilities/dba_tables_tbs.sql,.sql,1160,2b475a2ee4c46b9e9403e6f5e530ebae6a77f4402de993f0745fca417534a936,script,utilities,Oracle administration helper: dba tables tbs (1).,READ_ONLY,True,"['TABLESPACE', 'Tablespace', 'variables']",False,scripts/utilities/dba_tables_tbs.sql
oracle/admin:scripts/utilities/dba_tables_x.sql,oracle/admin,scripts/utilities/dba_tables_x.sql,.sql,1460,8fe2c93d67ce4970583df0602630434f037cd81449d859898d813824b76b31bc,script,utilities,oracle/admin utilities helper: dba tables x.,READ_ONLY,True,['TNAME'],False,scripts/utilities/dba_tables_x.sql
oracle/admin:scripts/utilities/dba_temp_files.sql,oracle/admin,scripts/utilities/dba_temp_files.sql,.sql,1437,ca88be8e7f2cdf664e76af0067335f96f5889a42a4234e539c539a883de9a54b,script,utilities,oracle/admin utilities helper: dba temp files.,READ_ONLY,True,[],False,scripts/utilities/dba_temp_files.sql
oracle/admin:scripts/utilities/dba_triggers.sql,oracle/admin,scripts/utilities/dba_triggers.sql,.sql,1511,e32ae8a491717f9a26293cd775dbf51b25239878636b4a6b5025371548f9ceae,script,utilities,Oracle administration helper: dba triggers.,READ_ONLY,True,"['owner', 'status', 'table_name', 'table_owner', 'trigger_name', 'variables']",False,scripts/utilities/dba_triggers.sql
oracle/admin:scripts/utilities/dba_triggers_logon.sql,oracle/admin,scripts/utilities/dba_triggers_logon.sql,.sql,1517,96ba2505acadda680988eaec6813239bf0b5fc2c6625a44ee66eb1564ea2c135,script,utilities,Oracle administration helper: dba triggers logon.,DESTRUCTIVE,True,['variables'],False,scripts/utilities/dba_triggers_logon.sql
oracle/admin:scripts/utilities/dba_triggers_owner.sql,oracle/admin,scripts/utilities/dba_triggers_owner.sql,.sql,1350,6adc38965fb1cafbac6034eecd262a3601a123c599071541a44c99275c7cf9de,script,utilities,Oracle administration helper: dba triggers owner (1).,READ_ONLY,True,"['OWNER', 'variables']",False,scripts/utilities/dba_triggers_owner.sql
oracle/admin:scripts/utilities/dba_triggers_x.sql,oracle/admin,scripts/utilities/dba_triggers_x.sql,.sql,1336,44f0233f0d8d9b634602b7609f922624c9c59cb4ad8e322f5f70dc0fedd2e4ce,script,utilities,Oracle administration helper: dba triggers x (1).,READ_ONLY,True,"['TRIGGER', 'variables']",False,scripts/utilities/dba_triggers_x.sql
oracle/admin:scripts/utilities/dba_ts_quotas.sql,oracle/admin,scripts/utilities/dba_ts_quotas.sql,.sql,1053,dcbec80469909af9e2eaf6f3d8a0fdb8240e4907688c4c5e0171591f2f937a05,script,utilities,Oracle administration helper: dba ts quotas.,READ_ONLY,True,"['tablespace_name', 'username', 'variables']",False,scripts/utilities/dba_ts_quotas.sql
oracle/admin:scripts/utilities/dba_undo_extents.sql,oracle/admin,scripts/utilities/dba_undo_extents.sql,.sql,2134,405f5e8e23a04be13dc8ca6e72eac9d285ebf91b3beb5f14122c6f1469699116,script,utilities,Oracle administration helper: dba undo extents.,READ_ONLY,True,['variables'],False,scripts/utilities/dba_undo_extents.sql
oracle/admin:scripts/utilities/dba_views_x.sql,oracle/admin,scripts/utilities/dba_views_x.sql,.sql,1135,247ba78a24a31288b288331bea7f6f1764855449759f43d0392efc61bc1cf3ca,script,utilities,Oracle administration helper: dba views x.,READ_ONLY,True,"['OWNER', 'VISTA', 'variables']",False,scripts/utilities/dba_views_x.sql
oracle/admin:scripts/utilities/dbasnapshot_database_10g.sql,oracle/admin,scripts/utilities/dbasnapshot_database_10g.sql,.sql,146919,bd8a02810f1f59dbd6f925587e03db5833574653bb0ed81c5175d9d90eba2720,script,utilities,oracle/admin utilities helper: dbasnapshot database 10g.,DESTRUCTIVE,True,"['BGCOLOR', 'BORDER', 'Black', 'FileName', 'MI', 'SS', 'WIDTH', 'White', '_blocksize', '_date_time', '_dbname', '_global_name', '_reportRunUser', '_spool_time', '_startup_time', 'black', 'bold', 'reportHeader', 'statsPackUser', 'top']",False,scripts/utilities/dbasnapshot_database_10g.sql
oracle/admin:scripts/utilities/dbctrl10g.sql,oracle/admin,scripts/utilities/dbctrl10g.sql,.sql,8680,85a84246345869c5f523faee95d22aa9ac4f703051a7b2b763b66e206a5bd65d,script,utilities,Oracle administration helper: dbctrl10g.,READ_ONLY,True,"['mi', 'ss', 'variables']",False,scripts/utilities/dbctrl10g.sql
oracle/admin:scripts/utilities/dbctrl9i.sql,oracle/admin,scripts/utilities/dbctrl9i.sql,.sql,8677,7803e44da7c9ed1a64c8727cf760105b6d65239d1a6beffbc88e0abeaa7d9c3e,script,utilities,Oracle administration helper: dbctrl9i.,READ_ONLY,True,"['mi', 'ss', 'variables']",False,scripts/utilities/dbctrl9i.sql
oracle/admin:scripts/utilities/dbinfo.sql,oracle/admin,scripts/utilities/dbinfo.sql,.sql,2022,68fa8090ec132bfaa074586314cf7fdd8ad73069914e13ed693d1023abb4ccd4,script,utilities,Oracle administration helper: dbinfo.,READ_ONLY,True,['variables'],False,scripts/utilities/dbinfo.sql
oracle/admin:scripts/utilities/dblink_create.sql,oracle/admin,scripts/utilities/dblink_create.sql,.sql,2011,178ef031a66a5fbc341a66c87fdb1678508443563e17b0c6361e974af20f8db5,script,utilities,Oracle administration helper: dblink create.,DESTRUCTIVE,True,"['p_dblinkalias', 'p_dblinkname', 'p_dblinkpassword', 'p_dblinkuser', 'p_owner', 'v_count', 'variables']",False,scripts/utilities/dblink_create.sql
oracle/admin:scripts/utilities/dblink_drop.sql,oracle/admin,scripts/utilities/dblink_drop.sql,.sql,1828,7d416bf607d55d14434dda961f5fa0060b3025e5bc981a9da909240a52dd88ff,script,utilities,Oracle administration helper: dblink drop.,DESTRUCTIVE,True,"['p_dblinkname', 'p_owner', 'v_count', 'variables']",False,scripts/utilities/dblink_drop.sql
oracle/admin:scripts/utilities/dblinks.sql,oracle/admin,scripts/utilities/dblinks.sql,.sql,2487,328e3d60110f902704862bd1283a1acbdfc6758980f405043b3ab4cfc02c3bb8,script,utilities,Oracle administration helper: dblinks.,DESTRUCTIVE,True,['variables'],False,scripts/utilities/dblinks.sql
oracle/admin:scripts/utilities/dbms_advisor_create_task.sql,oracle/admin,scripts/utilities/dbms_advisor_create_task.sql,.sql,2530,870f138b765dff9fef19cb7c6d4e650d30f9c8b09aac3968e0770f890418df93,script,utilities,Oracle administration helper: dbms advisor create task.,CHANGES,True,"['EJECJOB', 'advtype', 'indexn', 'numDaysToRetain', 'scheman', 'tablen', 'taskdesc', 'taskname', 'tbsname', 'timelimit', 'variables']",False,scripts/utilities/dbms_advisor_create_task.sql
oracle/admin:scripts/utilities/dbms_datapump.examples.sql,oracle/admin,scripts/utilities/dbms_datapump.examples.sql,.sql,4806,ea5c8faabdcf9f395c26c8d117c638390229d53ae8bacc1d672779046a4fa9ed,script,utilities,Oracle administration helper: dbms datapump examples.,DESTRUCTIVE,True,['variables'],False,scripts/utilities/dbms_datapump.examples.sql
oracle/admin:scripts/utilities/dbms_network_acl_admin_ex.sql,oracle/admin,scripts/utilities/dbms_network_acl_admin_ex.sql,.sql,2850,f3b843ea157dd9740aec48811377d9d8317f593188335c623c02137021a080f4,script,utilities,Oracle administration helper: dbms network acl admin ex.,DESTRUCTIVE,True,['variables'],False,scripts/utilities/dbms_network_acl_admin_ex.sql
oracle/admin:scripts/utilities/dbms_perf.report_sql.sql,oracle/admin,scripts/utilities/dbms_perf.report_sql.sql,.sql,1308,50c0e11023624580b9319e17e4ea141f8d785fdf09a195f628974341885b77e2,script,utilities,Oracle administration helper: dbms perf report sql.,READ_ONLY,True,"['mi', 'ss', 'variables']",False,scripts/utilities/dbms_perf.report_sql.sql
oracle/admin:scripts/utilities/dbms_resource_manager.pga.sql,oracle/admin,scripts/utilities/dbms_resource_manager.pga.sql,.sql,2854,d22b4393707f62e61d27e90fcc939f9cf74466f001c62b30aaa8bb1140b499a7,script,utilities,Oracle administration helper: dbms resource manager pga.,CHANGES,True,['variables'],False,scripts/utilities/dbms_resource_manager.pga.sql
oracle/admin:scripts/utilities/dbms_service_create_service.sql,oracle/admin,scripts/utilities/dbms_service_create_service.sql,.sql,1511,9ac65aa5b2f809f2d6809a4c08698c28c107c4267e472a9a381e1b2f385079af,script,utilities,Oracle administration helper: dbms service create service.,CHANGES,True,"['serv_name', 'variables']",False,scripts/utilities/dbms_service_create_service.sql
oracle/admin:scripts/utilities/dbms_service_status_start.sql,oracle/admin,scripts/utilities/dbms_service_status_start.sql,.sql,2731,69d8cd01cc872299d17aae58b96c09cddbbbf2c6ca17b838177fcec4bca6cba7,script,utilities,Oracle administration helper: dbms service status start.,DESTRUCTIVE,True,"['ORACLE_SID', 'ORAENV_ASK', 'PATH', 'arg8', 'variables']",False,scripts/utilities/dbms_service_status_start.sql
oracle/admin:scripts/utilities/dbms_space_cost.sql,oracle/admin,scripts/utilities/dbms_space_cost.sql,.sql,1991,b40599574b325f92124924b0de486c34f68844d6aea84d4ba2fcd78b34924f8c,script,utilities,Oracle administration helper: dbms space cost (1).,CHANGES,True,['variables'],False,scripts/utilities/dbms_space_cost.sql
oracle/admin:scripts/utilities/dbms_space_recommendations.sql,oracle/admin,scripts/utilities/dbms_space_recommendations.sql,.sql,1468,6e3261126b2207b18ddb4a4d0600bbad38594092d32233aa9a208ebf0efd6066,script,utilities,Oracle administration helper: dbms space recommendations (1).,READ_ONLY,True,['variables'],False,scripts/utilities/dbms_space_recommendations.sql
oracle/admin:scripts/utilities/dbms_space_recommendations_sql.sql,oracle/admin,scripts/utilities/dbms_space_recommendations_sql.sql,.sql,1957,02754b78ad3e09b5eeaf4c9fdf9c975ad10d0bd937553c775b8f32cd96e40ce0,script,utilities,Oracle administration helper: dbms space recommendations sql.,CHANGES,True,['variables'],False,scripts/utilities/dbms_space_recommendations_sql.sql
oracle/admin:scripts/utilities/dbms_sqldiag.create_sql_patch.sql,oracle/admin,scripts/utilities/dbms_sqldiag.create_sql_patch.sql,.sql,1416,4032d6b4b15adc5ea43fa248417060fd6f4ab85f95dae4f2adb7e8241068b96c,script,utilities,Oracle administration helper: dbms sqldiag create sql patch.,CHANGES,True,"['arg1', 'arg58', 'variables']",False,scripts/utilities/dbms_sqldiag.create_sql_patch.sql
oracle/admin:scripts/utilities/dbms_utility.compile_schema.sql,oracle/admin,scripts/utilities/dbms_utility.compile_schema.sql,.sql,1030,3d473b2651c41ce391b77221a8ff24e0b47a1913ed64fa52accbce572160e2bc,script,utilities,Oracle administration helper: dbms utility compile schema.,CHANGES,True,"['schema_name', 'variables']",False,scripts/utilities/dbms_utility.compile_schema.sql
oracle/admin:scripts/utilities/dc_perf_report_sqlid.sql,oracle/admin,scripts/utilities/dc_perf_report_sqlid.sql,.sql,15870,9dfa4dd2b6b4d0ac62190a6766e0f3cd4332baac1e1ed0fec8abb2c8d62cff99,script,utilities,Oracle administration helper: dc perf report sqlid.,CHANGES,True,"['MI', 'SS', 'minutes', 'variables']",False,scripts/utilities/dc_perf_report_sqlid.sql
oracle/admin:scripts/utilities/dc_recomp_obj_01.sql,oracle/admin,scripts/utilities/dc_recomp_obj_01.sql,.sql,3882,edf1d192aa20cfe03cd5a4e7428dcdb3dfabba3e7331d5a203508b704f69673e,script,utilities,Oracle administration helper: dc recomp obj 01.,CHANGES,True,['variables'],False,scripts/utilities/dc_recomp_obj_01.sql
oracle/admin:scripts/utilities/decrease_data_files.sql,oracle/admin,scripts/utilities/decrease_data_files.sql,.sql,3134,704e4ddf3c3c5c2144eaad50ce29c39c8d5e4420ef675eb61acd7bdd5a3011ab,script,utilities,oracle/admin utilities helper: decrease data files.,CHANGES,True,['p_tablespace_name'],False,scripts/utilities/decrease_data_files.sql
oracle/admin:scripts/utilities/desc_table.sql,oracle/admin,scripts/utilities/desc_table.sql,.sql,3121,27ff3a0c8798c1d4b6cd8b41d907c750d1b4c38cb459431eecc8e1bba6eb4ecf,script,utilities,Oracle administration helper: desc table.,READ_ONLY,True,"['TOWNER', 'TTABLE', 'towner', 'ttable', 'variables']",False,scripts/utilities/desc_table.sql
oracle/admin:scripts/utilities/desc_table_const.sql,oracle/admin,scripts/utilities/desc_table_const.sql,.sql,2410,61822057eff8244f2de703379041d4752183532c558d1917427ae6766e2e3061,script,utilities,oracle/admin utilities helper: desc table const.,READ_ONLY,True,"['OWNER', 'R_CONSTRAINT_NAME', 'TABLA', 'TABLE', 'TOWNER', 'TTABLE', 'towner', 'ttable']",False,scripts/utilities/desc_table_const.sql
oracle/admin:scripts/utilities/df_usage_greater_than.sh,oracle/admin,scripts/utilities/df_usage_greater_than.sh,.sh,922,d4db2995d52b793ff2ae517e372e856a2dcb28f679a71ea6d017982b9c940b7d,script,utilities,Oracle administration helper: df usage greater than.,REVIEW,True,['arg5'],False,scripts/utilities/df_usage_greater_than.sh
oracle/admin:scripts/utilities/diag_alert_ext.sql,oracle/admin,scripts/utilities/diag_alert_ext.sql,.sql,1304,e528431f444f1197138531f990a57047cb567b8e8f2c1d038a92f425477ad912,script,utilities,Oracle administration helper: diag alert ext.,DESTRUCTIVE,True,"['mi', 'ss', 'variables']",False,scripts/utilities/diag_alert_ext.sql
oracle/admin:scripts/utilities/diag_info.sql,oracle/admin,scripts/utilities/diag_info.sql,.sql,1003,e90f86ab2d283c8a4c3fc7ba9b8bf8ae0c53480434fef112a104f863166e2ebf,script,utilities,Oracle administration helper: diag info.,READ_ONLY,True,['variables'],False,scripts/utilities/diag_info.sql
oracle/admin:scripts/utilities/dict.sql,oracle/admin,scripts/utilities/dict.sql,.sql,951,5e4ed2fef6e0a1d43ea8c90cce2d94e5d9775eb7350153502f0a4c6302898472,script,utilities,Oracle administration helper: dict.,READ_ONLY,True,['variables'],False,scripts/utilities/dict.sql
oracle/admin:scripts/utilities/dictionary_hit_ratio.sql,oracle/admin,scripts/utilities/dictionary_hit_ratio.sql,.sql,1398,3f390b6fba06af7104c93c37f0b8fd4eaa3786d12cb7b8041cd6346ba0415f40,script,utilities,oracle/admin utilities helper: dictionary hit ratio.,READ_ONLY,True,[],False,scripts/utilities/dictionary_hit_ratio.sql
oracle/admin:scripts/utilities/dictionary_x.sql,oracle/admin,scripts/utilities/dictionary_x.sql,.sql,1106,91e889d2469e6e3613287f4111284777e5ae513900d5254553d01df5913b969c,script,utilities,Oracle administration helper: dictionary x.,READ_ONLY,True,"['TABLA', 'variables']",False,scripts/utilities/dictionary_x.sql
oracle/admin:scripts/utilities/diff_parameters.sql,oracle/admin,scripts/utilities/diff_parameters.sql,.sql,1555,3b078d8bc0529add350f991ce50fef5ec64012a5b839b51fb01bbd50070f8ecc,script,utilities,oracle/admin utilities helper: diff parameters.,READ_ONLY,True,[],False,scripts/utilities/diff_parameters.sql
oracle/admin:scripts/utilities/discoverer.sql,oracle/admin,scripts/utilities/discoverer.sql,.sql,3218,d29cfb2c644e195ab640362b9f7d874df910bce85c321590ab34c26c7e770712,script,utilities,Oracle administration helper: discoverer.,CHANGES,True,['variables'],False,scripts/utilities/discoverer.sql
oracle/admin:scripts/utilities/dot_ori_orig.sql,oracle/admin,scripts/utilities/dot_ori_orig.sql,.sql,33517,aaf51174575de6ca26329ed5820f2d1197deec1542e80cf40ee42b53e4af7785,script,utilities,Oracle administration helper: dot ori orig.,READ_ONLY,True,['variables'],False,scripts/utilities/dot_ori_orig.sql
oracle/admin:scripts/utilities/dp_backup.sh,oracle/admin,scripts/utilities/dp_backup.sh,.sh,7293,d892b68209d6b1a3bdbc61cb1509d9a1bbce2e02aa98ddaf6b962faf5bd56889,script,utilities,#,DESTRUCTIVE,True,"['ACTION', 'AMBIENTE', 'BO_ACTION', 'HOST', 'LOGFILE', 'MAIL_DBAS', 'MAIL_MSG', 'MAIL_OPERADORES', 'MAIL_TO', 'NARG', 'ORACLE_SID', 'TIPO', 'TYPE', 'TYPE_COLD', 'TYPE_HOT', 'T_ACTION', 'USAGE', 'arg1', 'arg2', 'arg3']",False,scripts/utilities/dp_backup.sh
oracle/admin:scripts/utilities/drop_context_queue_tables.sql,oracle/admin,scripts/utilities/drop_context_queue_tables.sql,.sql,2282,d8e90d8078925d0a2d0231854618e851c8c60b8f536be5b83e89748bea2d2004,script,utilities,Oracle administration helper: drop context queue tables (1).,DESTRUCTIVE,True,['variables'],False,scripts/utilities/drop_context_queue_tables.sql
oracle/admin:scripts/utilities/drop_db_link.sql,oracle/admin,scripts/utilities/drop_db_link.sql,.sql,4084,ca9181b06f35e53fe2f700419946f5aef8626442690292e41f4a693d3b8bf655,script,utilities,Oracle administration helper: drop db link.,DESTRUCTIVE,True,"['owner', 'variables']",False,scripts/utilities/drop_db_link.sql
oracle/admin:scripts/utilities/drop_tbs_temp.sql,oracle/admin,scripts/utilities/drop_tbs_temp.sql,.sql,1211,f6adc45f82adeaa2e5bbc70da8e819292f855eab8bb93a9daa38854484a339e7,script,utilities,Oracle administration helper: drop tbs temp (1).,DESTRUCTIVE,True,['variables'],False,scripts/utilities/drop_tbs_temp.sql
oracle/admin:scripts/utilities/dumpfile_header.sql,oracle/admin,scripts/utilities/dumpfile_header.sql,.sql,13092,bf9f448df4d712dc42e1ae7d3628452c3cc83e729ef41f9f7013418c49b18517,script,utilities,Oracle administration helper: dumpfile header.,CHANGES,True,['variables'],False,scripts/utilities/dumpfile_header.sql
oracle/admin:scripts/utilities/dumping_block.sql,oracle/admin,scripts/utilities/dumping_block.sql,.sql,1285,8923447765afbe3591da648b34ca0bcc44dea4d5db363eb36e5be15c515c6d52,script,utilities,Oracle administration helper: dumping block.,CHANGES,True,['variables'],False,scripts/utilities/dumping_block.sql
oracle/admin:scripts/utilities/dw_vpd_admin.dw_access_policy.sql,oracle/admin,scripts/utilities/dw_vpd_admin.dw_access_policy.sql,.sql,1124,27fe4ab5074198b6ce75fb83e9c70771021a5089c1d65fc731c3ae9681067c7e,script,utilities,Oracle administration helper: dw vpd admin dw access policy.,REVIEW,True,['variables'],False,scripts/utilities/dw_vpd_admin.dw_access_policy.sql
oracle/admin:scripts/utilities/ejemplo_procedure_sun_desa.sql,oracle/admin,scripts/utilities/ejemplo_procedure_sun_desa.sql,.sql,6447,6b717a2e219f52743c2ceb25bf3ab138b719cac67c0501b83993c87673cb8e33,script,utilities,Oracle administration helper: ejemplo procedure sun desa.,DESTRUCTIVE,True,['variables'],False,scripts/utilities/ejemplo_procedure_sun_desa.sql
oracle/admin:scripts/utilities/em_metric_daily_tbs_usage.sql,oracle/admin,scripts/utilities/em_metric_daily_tbs_usage.sql,.sql,1720,e78823962447774e0f4dd313df54ef50c74deee7bff337179d9d0b4d69875a3e,script,utilities,Oracle administration helper: em metric daily tbs usage.,READ_ONLY,True,"['target_name', 'variables']",False,scripts/utilities/em_metric_daily_tbs_usage.sql
oracle/admin:scripts/utilities/emcli.relocate_targets.sh,oracle/admin,scripts/utilities/emcli.relocate_targets.sh,.sh,1088,e7747984ed7b623a3e602f4911ae125f45cb83e4cf2db074c6053bcba5f68d44,script,utilities,Oracle administration helper: emcli relocate targets.,REVIEW,True,[],False,scripts/utilities/emcli.relocate_targets.sh
oracle/admin:scripts/utilities/emctl_commands.sh,oracle/admin,scripts/utilities/emctl_commands.sh,.sh,3391,6d8b9fde199c92792a14a413e4832b0ccd13aeb4e43be824dc53b90a0ced2bf8,script,utilities,Oracle administration helper: emctl commands.,READ_ONLY,True,"['arg8', 'oracle_database', 'oracle_pdb']",False,scripts/utilities/emctl_commands.sh
oracle/admin:scripts/utilities/estadistica_segmentos.sql,oracle/admin,scripts/utilities/estadistica_segmentos.sql,.sql,1885,05c92f7ee6139d1324afd243ccbf74d0731ccedc6a39a3822064fc3571e30afa,script,utilities,Oracle administration helper: estadistica segmentos.,CHANGES,True,['variables'],False,scripts/utilities/estadistica_segmentos.sql
oracle/admin:scripts/utilities/estadisticas-usuarios.sql,oracle/admin,scripts/utilities/estadisticas-usuarios.sql,.sql,1452,02d62ea22bf29f0111f0abbc6b4f8c72fc2d3906ce3a7def7b640c2d4ccb1b1a,script,utilities,Oracle administration helper: estadisticas usuarios.,READ_ONLY,True,['variables'],False,scripts/utilities/estadisticas-usuarios.sql
oracle/admin:scripts/utilities/eul.sql,oracle/admin,scripts/utilities/eul.sql,.sql,3380,15326b826cc6d91ff132b73eefcb62ccf102d9aa8d16ebf4d3d8365b15305b47,script,utilities,Oracle administration helper: eul.,CHANGES,True,['variables'],False,scripts/utilities/eul.sql
oracle/admin:scripts/utilities/eventmetric_io.sql,oracle/admin,scripts/utilities/eventmetric_io.sql,.sql,1403,07985597f41db9394e334a51fcebcb13a081f7dfedcd5cf4bf7b2e2902563853,script,utilities,Oracle administration helper: eventmetric io.,READ_ONLY,True,['variables'],False,scripts/utilities/eventmetric_io.sql
oracle/admin:scripts/utilities/events.sql,oracle/admin,scripts/utilities/events.sql,.sql,1255,255e80348e2bb8cb2970462b552aa3c523e12a076157e1b0f4bd77d9e7c422ed,script,utilities,Oracle administration helper: events (1).,REVIEW,True,['variables'],False,scripts/utilities/events.sql
oracle/admin:scripts/utilities/exa.io.mystat.sql,oracle/admin,scripts/utilities/exa.io.mystat.sql,.sql,1100,4a13b7b586169cb43119036077bea324a8a79650d29e987253789448f1d94713,script,utilities,Oracle administration helper: exa io mystat.,READ_ONLY,True,['variables'],False,scripts/utilities/exa.io.mystat.sql
oracle/admin:scripts/utilities/exa.test.smart_scan.sql,oracle/admin,scripts/utilities/exa.test.smart_scan.sql,.sql,7903,8959a5de8bb12a57efb6c8c579b702c8c76731b4ce45c991fb4ad2e842601e3e,script,utilities,Oracle administration helper: exa test smart scan.,DESTRUCTIVE,True,['variables'],False,scripts/utilities/exa.test.smart_scan.sql
oracle/admin:scripts/utilities/exit.sql,oracle/admin,scripts/utilities/exit.sql,.sql,864,a8f5df5ce1ad877eb34a51e2f1c520e82faed7148077aa43bf5b4883aaf4711a,script,utilities,Oracle administration helper: exit.,REVIEW,True,['variables'],False,scripts/utilities/exit.sql
oracle/admin:scripts/utilities/exp_active.sql,oracle/admin,scripts/utilities/exp_active.sql,.sql,1646,86bdd1213d9299774cce886f05c29e8077452ae619637f926f9b6dc3bf3593b6,script,utilities,Oracle administration helper: exp active.,READ_ONLY,True,"['db_sid', 'schema', 'variables']",False,scripts/utilities/exp_active.sql
oracle/admin:scripts/utilities/exp_avg.sql,oracle/admin,scripts/utilities/exp_avg.sql,.sql,1218,eb781c32943bfb3f2f4b7db125feb23bc45eb905e423cbc5f4faea2e3c82dc4a,script,utilities,Oracle administration helper: exp avg.,READ_ONLY,True,"['schema_name', 'variables']",False,scripts/utilities/exp_avg.sql
oracle/admin:scripts/utilities/exp_env.sql,oracle/admin,scripts/utilities/exp_env.sql,.sql,1405,3afeb994c5ee4ceeedddeb3faa8a5d68200d8649b4f7b17aef3d865b0a1b90c6,script,utilities,Oracle administration helper: exp env.,CHANGES,True,"['MI', 'variables']",False,scripts/utilities/exp_env.sql
oracle/admin:scripts/utilities/exp_eom.sql,oracle/admin,scripts/utilities/exp_eom.sql,.sql,1576,80ba038f4867445281921b31e50bf1e5267c55a148bf76ac2b55ebb49bcbeff4,script,utilities,Oracle administration helper: exp eom.,READ_ONLY,True,"['db_sid', 'variables']",False,scripts/utilities/exp_eom.sql
oracle/admin:scripts/utilities/exp_files.sql,oracle/admin,scripts/utilities/exp_files.sql,.sql,1104,1a45e60ec8ba284f6a60bc74a5b77ff1ec07bce86cca52c2ef0fe4f72071fa03,script,utilities,Oracle administration helper: exp files.,READ_ONLY,True,"['JOB_ID', 'variables']",False,scripts/utilities/exp_files.sql
oracle/admin:scripts/utilities/exp_gantt.sql,oracle/admin,scripts/utilities/exp_gantt.sql,.sql,2538,1958bb519551e1b5440fc47e9bcccd7a093169aa6841bd8efb68cb30b99018de,script,utilities,Oracle administration helper: exp gantt.,READ_ONLY,True,"['MI', 'sid', 'variables']",False,scripts/utilities/exp_gantt.sql
oracle/admin:scripts/utilities/exp_r.sql,oracle/admin,scripts/utilities/exp_r.sql,.sql,2975,2d3ee8f48ffbb1bb3d99e7d3310bc48a436903c2bcb086113cebf66d67cdcdd6,script,utilities,Oracle administration helper: exp r.,CHANGES,True,"['MI', 'variables']",False,scripts/utilities/exp_r.sql
oracle/admin:scripts/utilities/exp_sizing.sql,oracle/admin,scripts/utilities/exp_sizing.sql,.sql,1797,701be8e89516c952ed0a5df905e6e9292b24194d2c27601eb6c25490e0c7760a,script,utilities,Oracle administration helper: exp sizing.,READ_ONLY,True,['variables'],False,scripts/utilities/exp_sizing.sql
oracle/admin:scripts/utilities/exp_total.sql,oracle/admin,scripts/utilities/exp_total.sql,.sql,1609,7bd62d6e0db12f5c6b004f5e96690a30cee0a30d1e5104d22832fe6f8f6a832e,script,utilities,Oracle administration helper: exp total.,READ_ONLY,True,"['schema_name', 'variables']",False,scripts/utilities/exp_total.sql
oracle/admin:scripts/utilities/expdp_database.sh,oracle/admin,scripts/utilities/expdp_database.sh,.sh,6710,30a6b053fd31b63541f166986f1f5ab6e74e53dbab21e88ab140a0269eb0dc57,script,utilities,Oracle administration helper: expdp database.,CHANGES,True,"['AMBIENTE', 'DIR', 'DIRDB', 'DUMPFILE', 'FECHA', 'FILE', 'LD_LIBRARY_PATH', 'LOGFILE', 'MAIL_DBAS', 'MAIL_MSG', 'MAIL_OPERADORES', 'MAIL_TO', 'NLS_LANG', 'ORACLE_HOME', 'ORACLE_SID', 'OWNERR', 'PATH', 'PREF', 'RETENTION', 'TIPO', 'ZIPF', 'arg1', 'arg2', 'arg3', 'arg4', 'arg5', 'arg6']",False,scripts/utilities/expdp_database.sh
oracle/admin:scripts/utilities/explain.sql,oracle/admin,scripts/utilities/explain.sql,.sql,2056,a9ba0a3ff0d177f9732f87dd032fca47128143c86fd1bc7c0daff0f279538b20,script,utilities,Oracle administration helper: explain.,CHANGES,True,"['CHILD', 'SQL_ID', 'v_sys_b_0', 'v_sys_b_1', 'v_sys_b_2', 'v_sys_b_3', 'v_sys_b_4', 'v_sys_b_5', 'v_sys_b_6', 'v_sys_b_7', 'variables']",False,scripts/utilities/explain.sql
oracle/admin:scripts/utilities/explain_outline.sql,oracle/admin,scripts/utilities/explain_outline.sql,.sql,1003,98b6c3014d74edfa8006203cf5d414a555e987dcda301f97db3e257d29912684,script,utilities,Oracle administration helper: explain outline.,READ_ONLY,True,"['query', 'variables']",False,scripts/utilities/explain_outline.sql
oracle/admin:scripts/utilities/explain_sqls.sql,oracle/admin,scripts/utilities/explain_sqls.sql,.sql,1167,48fd7e9c09e8a6f40a3f002383f83625a29959902fe094ece5032785972e681f,script,utilities,oracle/admin utilities helper: explain sqls.,CHANGES,True,[],False,scripts/utilities/explain_sqls.sql
oracle/admin:scripts/utilities/export+cold.sh,oracle/admin,scripts/utilities/export+cold.sh,.sh,4496,710ae727371583dc2ad9ea71baff00a55a10b85779fc8633512e66de8b998cd7,script,utilities,Oracle administration helper: export+cold.,DESTRUCTIVE,True,"['DIRECT_BACKUP', 'FECHA', 'NOMBRE_BASE', 'ORACLE_BASE', 'ORACLE_HOME', 'ORACLE_SID', 'PASSW', 'PATH', 'PATH_LOGS', 'PTHTMP', 'USUARIO', 'VISTA_CONTROLFILES', 'VISTA_DATAFILES']",False,scripts/utilities/export+cold.sh
oracle/admin:scripts/utilities/export_owner.sh,oracle/admin,scripts/utilities/export_owner.sh,.sh,2970,c86a7888732f2efde763e741a5b566e99415082d4fe0f0dd35000034e6ccd283,script,utilities,Oracle administration helper: export owner.,CHANGES,True,"['AMBIENTE', 'DIR', 'DUMPFILE', 'FECHA', 'FILE', 'LOGFILE', 'MAIL_DBAS', 'MAIL_MSG', 'MAIL_OPERADORES', 'MAIL_TO', 'NLS_LANG', 'ORACLE_SID', 'OWNERR', 'PREF', 'RETENTION', 'TIPO', 'ZIPF', 'arg1', 'arg2', 'arg3', 'arg4']",False,scripts/utilities/export_owner.sh
oracle/admin:scripts/utilities/filestat_tbs.sql,oracle/admin,scripts/utilities/filestat_tbs.sql,.sql,1442,fcc43314ede586bc67d29610f238a4dfd6dcbd3d4b73e29ad6a9791bc5d61be6,script,utilities,Oracle administration helper: filestat tbs.,READ_ONLY,True,['variables'],False,scripts/utilities/filestat_tbs.sql
oracle/admin:scripts/utilities/find_files_by_date.sh,oracle/admin,scripts/utilities/find_files_by_date.sh,.sh,935,b9b22a2b3c013b2cd1fa5bcea8564fb5d4a616c743a52ed0062fd6e8211ad527,script,utilities,Oracle administration helper: find files by date.,REVIEW,True,[],False,scripts/utilities/find_files_by_date.sh
oracle/admin:scripts/utilities/find_grep_sqlnet_params.sh,oracle/admin,scripts/utilities/find_grep_sqlnet_params.sh,.sh,947,f2222bb89db3579198ab5eee5e86b68cf767443d5eee0c65765564d4d6747ee0,script,utilities,Oracle administration helper: find grep sqlnet params.,CHANGES,True,[],False,scripts/utilities/find_grep_sqlnet_params.sh
oracle/admin:scripts/utilities/find_sql.sql,oracle/admin,scripts/utilities/find_sql.sql,.sql,2689,8b6f36869afad8dc1cddf90d1634bd2f8ac69d7ef0b89e58a96420aea52d4889,script,utilities,Oracle administration helper: find sql.,DESTRUCTIVE,True,"['parsing_schema_name', 'sql_id', 'sql_text', 'variables']",False,scripts/utilities/find_sql.sql
oracle/admin:scripts/utilities/find_sql_mem.sql,oracle/admin,scripts/utilities/find_sql_mem.sql,.sql,3695,35f69615bb1dfd9d37f73e1b797efbf313d7eaad0bbdfbb0b9128aae76b17103,script,utilities,Oracle administration helper: find sql mem.,DESTRUCTIVE,True,"['parsing_schema_name', 'sql_id', 'sql_text', 'variables']",False,scripts/utilities/find_sql_mem.sql
oracle/admin:scripts/utilities/find_unique_date.sh,oracle/admin,scripts/utilities/find_unique_date.sh,.sh,1089,97e9154e6932eb8741976c10d2291867935bf86eb32e6aa11ba9d2556d76cb7a,script,utilities,Oracle administration helper: find unique date.,CHANGES,True,[],False,scripts/utilities/find_unique_date.sh
oracle/admin:scripts/utilities/flash_recovery_area_usage.sql,oracle/admin,scripts/utilities/flash_recovery_area_usage.sql,.sql,963,4a0e0039fbbfce012e59adab3e49cbde191e947d5e2fec1bbb9888797c5fd76d,script,utilities,Oracle administration helper: flash recovery area usage.,READ_ONLY,True,['variables'],False,scripts/utilities/flash_recovery_area_usage.sql
oracle/admin:scripts/utilities/flashback.sql,oracle/admin,scripts/utilities/flashback.sql,.sql,1661,5a590cf40bd26cce2ac59b0285e5c7917c1e32a628b23b0aa92f8c36f5302806,script,utilities,Oracle administration helper: flashback.,CHANGES,True,['variables'],False,scripts/utilities/flashback.sql
oracle/admin:scripts/utilities/flashback_database_log.sql,oracle/admin,scripts/utilities/flashback_database_log.sql,.sql,951,0b3aee402f1b1237cdeb3b609edcb534d2195d79c924c9b2751b6ef48c6e4eee,script,utilities,Oracle administration helper: flashback database log.,READ_ONLY,True,['variables'],False,scripts/utilities/flashback_database_log.sql
oracle/admin:scripts/utilities/flashback_database_logfile.sql,oracle/admin,scripts/utilities/flashback_database_logfile.sql,.sql,1454,8a464cd4b4495abb1aae4f0220c379b2e4afcbadd8bb6aaf1c6a52145c18888d,script,utilities,Oracle administration helper: flashback database logfile.,READ_ONLY,True,['variables'],False,scripts/utilities/flashback_database_logfile.sql
oracle/admin:scripts/utilities/flashback_original.sql,oracle/admin,scripts/utilities/flashback_original.sql,.sql,14965,1af70990932ecf0b631f91688c919061f534b2b32a7c8747d1788c211c936a4b,script,utilities,Oracle administration helper: flashback original.,DESTRUCTIVE,True,"['HH24', 'MI', 'SS', 'as', 'fb_scn', 'fb_timestamp', 'unable', 'variables']",False,scripts/utilities/flashback_original.sql
oracle/admin:scripts/utilities/flashback_query.sql,oracle/admin,scripts/utilities/flashback_query.sql,.sql,1117,6da9a458f0f288ecea2cb20c335b21b60d82bb0bb704de76709b7d81dd027d3e,script,utilities,Oracle administration helper: flashback query.,CHANGES,True,['variables'],False,scripts/utilities/flashback_query.sql
oracle/admin:scripts/utilities/flush_shared_pool_sqlid.sql,oracle/admin,scripts/utilities/flush_shared_pool_sqlid.sql,.sql,1995,650e53ca3e46fa51e02996b090623b3e9239fdf9551dfabaadc18492c91ce1e4,script,utilities,Oracle administration helper: flush shared pool sqlid.,DESTRUCTIVE,True,"['sql_id', 'variables']",False,scripts/utilities/flush_shared_pool_sqlid.sql
oracle/admin:scripts/utilities/formatofecha.sql,oracle/admin,scripts/utilities/formatofecha.sql,.sql,961,59b306710034ce4be46c4aae1d390db69dec73b8be0768376ae6c6d6adf6bba6,script,utilities,Oracle administration helper: formatofecha.,CHANGES,True,"['mi', 'ss', 'variables']",False,scripts/utilities/formatofecha.sql
oracle/admin:scripts/utilities/fra.sql,oracle/admin,scripts/utilities/fra.sql,.sql,1755,ba1a7483ba600e01daff44183747830ab4326489370757b51b5c24f228400684,script,utilities,Oracle administration helper: fra.,READ_ONLY,True,['variables'],False,scripts/utilities/fra.sql
oracle/admin:scripts/utilities/free_memory.sql,oracle/admin,scripts/utilities/free_memory.sql,.sql,1246,934a9cf7b980b299d82fc46b8050b3d60a70508aa2d38703914fd152602b95f5,script,utilities,Oracle administration helper: free memory.,READ_ONLY,True,['variables'],False,scripts/utilities/free_memory.sql
oracle/admin:scripts/utilities/full.sh,oracle/admin,scripts/utilities/full.sh,.sh,1049,feb9e9b88f74cb698c310cecea00ce3569af210ffe7a9d258f979def3b5db402,script,utilities,Oracle administration helper: full (1).,CHANGES,True,[],False,scripts/utilities/full.sh
oracle/admin:scripts/utilities/full.sql,oracle/admin,scripts/utilities/full.sql,.sql,1108,6c0986908b245c43f0b65c823e2161e07a1ebf3e80aad22e996a5ddb54f3d44e,script,utilities,Oracle administration helper: full (1).,CHANGES,True,['variables'],False,scripts/utilities/full.sql
oracle/admin:scripts/utilities/gardw_eul_purge.sh,oracle/admin,scripts/utilities/gardw_eul_purge.sh,.sh,1808,71cc26f6e22aa85f7ad8396f778ca491161aec2ad7662fc2bff4e9ae3084ae3f,script,utilities,#,DESTRUCTIVE,True,"['FECHA', 'LOGFILE', 'ORACLE_SID', 'mi', 'ss']",False,scripts/utilities/gardw_eul_purge.sh
oracle/admin:scripts/utilities/get_bytes_part_range.sql,oracle/admin,scripts/utilities/get_bytes_part_range.sql,.sql,6476,b66574201873e68b6ffe864e96a74117444bb4a465ef69be693dd5c63a9527df,script,utilities,Oracle administration helper: get bytes part range.,CHANGES,True,['variables'],False,scripts/utilities/get_bytes_part_range.sql
oracle/admin:scripts/utilities/get_db_information.sql,oracle/admin,scripts/utilities/get_db_information.sql,.sql,33667,67657aa43c15585eb857d863c5d137fd1629275422b845fb2bfad317caf305c1,script,utilities,oracle/admin utilities helper: get db information.,CHANGES,True,"['ALIGN', 'COLSPAN', 'CONTENT', 'EQUIV', 'MI', 'SS', 'White', 'absolute', 'auto', 'black', 'bold', 'dbname', 'hidden', 'mi', 'nbsp', 'nth', 'report_name', 'ss', 'suffix', 'timestamp', 'top']",False,scripts/utilities/get_db_information.sql
oracle/admin:scripts/utilities/get_ddl.sql,oracle/admin,scripts/utilities/get_ddl.sql,.sql,1192,c31f2c8f29560e5beead0c3947947d6742ce0eaf58fda67438281391d9460488,script,utilities,Oracle administration helper: get ddl (1).,READ_ONLY,True,"['NAME', 'OWNER', 'TYPE', 'variables']",False,scripts/utilities/get_ddl.sql
oracle/admin:scripts/utilities/get_ddl_index.sql,oracle/admin,scripts/utilities/get_ddl_index.sql,.sql,1357,296015652e9ec25768b7f3fe4b9e8abf7d2fed6aa0c19917db019926bcd7cb77,script,utilities,Oracle administration helper: get ddl index.,CHANGES,True,"['OWNER', 'variables']",False,scripts/utilities/get_ddl_index.sql
oracle/admin:scripts/utilities/get_ddl_mail.sql,oracle/admin,scripts/utilities/get_ddl_mail.sql,.sql,5168,2308603e4699beaf9307f7d226ebc868372a4fac2a5550b6287bb10a311af783,script,utilities,Oracle administration helper: get ddl mail.,READ_ONLY,True,"['MI', 'SS', 'addr', 'object', 'owner', 'type', 'variables']",False,scripts/utilities/get_ddl_mail.sql
oracle/admin:scripts/utilities/get_ddl_owner.sql,oracle/admin,scripts/utilities/get_ddl_owner.sql,.sql,1147,9238270e15d6ef1570a330c1c84a00671ce5161236ff7149c85cbe6484f55d61,script,utilities,Oracle administration helper: get ddl owner.,READ_ONLY,True,"['OWNER', 'variables']",False,scripts/utilities/get_ddl_owner.sql
oracle/admin:scripts/utilities/get_ddl_rol.sql,oracle/admin,scripts/utilities/get_ddl_rol.sql,.sql,1500,d145e7e2a9ced0c7d931a888bcf6ea2428d1d29dce9184de0c6ec97374de9ce5,script,utilities,Oracle administration helper: get ddl rol (1).,CHANGES,True,"['ROLE', 'variables']",False,scripts/utilities/get_ddl_rol.sql
oracle/admin:scripts/utilities/get_ddl_table.sql,oracle/admin,scripts/utilities/get_ddl_table.sql,.sql,1151,432d9fa4ab17009110a8076cf6f276e8f295c667aa451bfefdf3f4b9c4bdbd1d,script,utilities,Oracle administration helper: get ddl table.,READ_ONLY,True,"['owner', 'table_name', 'variables']",False,scripts/utilities/get_ddl_table.sql
oracle/admin:scripts/utilities/get_pparameters_db.sql,oracle/admin,scripts/utilities/get_pparameters_db.sql,.sql,1944,e3a769e47e2a1801edff7db13b6273cdd873ce061b6dce3e676d86e526fda831,script,utilities,oracle/admin utilities helper: get pparameters db.,READ_ONLY,True,[],False,scripts/utilities/get_pparameters_db.sql
oracle/admin:scripts/utilities/get_row_block_id.sql,oracle/admin,scripts/utilities/get_row_block_id.sql,.sql,1132,af578e1c67a7722c7d6eb99cd9e137a851fab9b03c4b6407de8c7a433839223b,script,utilities,Oracle administration helper: get row block id.,READ_ONLY,True,['variables'],False,scripts/utilities/get_row_block_id.sql
oracle/admin:scripts/utilities/get_view_text.sql,oracle/admin,scripts/utilities/get_view_text.sql,.sql,1456,2644cb7ba8f97c41b5baf863cc8f22bbc876bd12c53e90fb8e36f0bd284d382b,script,utilities,Oracle administration helper: get view text.,CHANGES,True,"['owner', 'spoolname', 'variables', 'viewname']",False,scripts/utilities/get_view_text.sql
oracle/admin:scripts/utilities/getddl.sql,oracle/admin,scripts/utilities/getddl.sql,.sql,965,be38c93de5e158caaf87f4a60792a1c4562fc0e61cf7ff1f1ee1e1d1091900d1,script,utilities,Oracle administration helper: getddl.,READ_ONLY,True,['variables'],False,scripts/utilities/getddl.sql
oracle/admin:scripts/utilities/ggs_checkpoint.sql,oracle/admin,scripts/utilities/ggs_checkpoint.sql,.sql,1146,bdf0c499aaf13026c232d09c5ee5125fb6936a78faba70b2ec70a1cd7a3e06de,script,utilities,Oracle administration helper: ggs checkpoint.,READ_ONLY,True,['variables'],False,scripts/utilities/ggs_checkpoint.sql
oracle/admin:scripts/utilities/gi_reconfig_setup.sh,oracle/admin,scripts/utilities/gi_reconfig_setup.sh,.sh,2394,4fa74fb7e87847115ea26a439038bced32d7015400e727a9d5b45422be5b6ef7,script,utilities,Oracle administration helper: gi reconfig setup.,CHANGES,True,"['INVENTORY_LOCATION', 'ORACLE_BASE', 'ORACLE_HOME', 'ORACLE_OWNER', 'OSASM', 'OSDBA', 'OSOPER', 'SELECTED_LANGUAGES']",False,scripts/utilities/gi_reconfig_setup.sh
oracle/admin:scripts/utilities/goldengate/GG_create_HBT.sql,oracle/admin,scripts/utilities/goldengate/GG_create_HBT.sql,.sql,11090,d0e1509a72e0e5269612bdd05069c2911ce94a479e0d0e88960939cb06d7f259,script,utilities,Oracle administration helper: GG create HBT.,DESTRUCTIVE,True,"['MI', 'NLS_DATE_FORMAT', 'SQL', 'SS', 'SSxFF', 'variables']",False,scripts/utilities/goldengate/GG_create_HBT.sql
oracle/admin:scripts/utilities/goldengate/XAG_managed.sh,oracle/admin,scripts/utilities/goldengate/XAG_managed.sh,.sh,1718,c50d0d5795e6fa5460640138fe080c534a84f58cce7e9252c56531167cd0e8be,script,utilities,Oracle administration helper: XAG managed.,REVIEW,True,[],False,scripts/utilities/goldengate/XAG_managed.sh
oracle/admin:scripts/utilities/goldengate/gg_stop_drop_capture.sql,oracle/admin,scripts/utilities/goldengate/gg_stop_drop_capture.sql,.sql,1291,7afc07cfc3b7b38b1771bbaf5d1ee8ee239d6be4e8be2bb9678a1b67f170d411,script,utilities,Oracle administration helper: gg stop drop capture.,DESTRUCTIVE,True,['variables'],False,scripts/utilities/goldengate/gg_stop_drop_capture.sql
oracle/admin:scripts/utilities/goldengate/infocredentialstore.sh,oracle/admin,scripts/utilities/goldengate/infocredentialstore.sh,.sh,903,b4e2238e34cca6c87ab99b0ad3f2b710e91501983f27ff5ee1b5368cb66751bd,script,utilities,Oracle administration helper: infocredentialstore.,REVIEW,True,[],False,scripts/utilities/goldengate/infocredentialstore.sh
oracle/admin:scripts/utilities/goldengate/ogg_12102_health_check.sql,oracle/admin,scripts/utilities/goldengate/ogg_12102_health_check.sql,.sql,211116,19ce1c34b97d75c9d12d8ca37e3f090c69add2dabb332f5130781d0b91c8b4dc,script,utilities,Oracle administration helper: ogg 12102 health check.,DESTRUCTIVE,True,"['AQ_TM_PROCESSES', 'FREQ', 'GRANT_SELECT_PRIVILEGES', 'HH24', 'MI', 'Mi', 'PRIVILEGE_TYPE', 'SS', 'SSxFF', 'age_threshold', 'hcversion', 'lag_threshold', 'v_table_name', 'variables']",False,scripts/utilities/goldengate/ogg_12102_health_check.sql
oracle/admin:scripts/utilities/goldengate/prm_parsing.sh,oracle/admin,scripts/utilities/goldengate/prm_parsing.sh,.sh,1348,fc0eea64eb27bd622e6431dbb9ab12568574d729afd8efb2be926c79a3e18a36,script,utilities,Oracle administration helper: prm parsing.,CHANGES,True,['arg10'],False,scripts/utilities/goldengate/prm_parsing.sh
oracle/admin:scripts/utilities/gpswd.sql,oracle/admin,scripts/utilities/gpswd.sql,.sql,2971,90739c81a633d03f0c81d5bc67380bd74bc0753e971215ad5c5490419868a790,script,utilities,Oracle administration helper: gpswd.,READ_ONLY,True,['variables'],False,scripts/utilities/gpswd.sql
oracle/admin:scripts/utilities/grep_recover_until_change_alert.sh,oracle/admin,scripts/utilities/grep_recover_until_change_alert.sh,.sh,1122,d4075aa3141ab17bab7047e63e630266c0d30dc37e4ee072f0cf1df688b70355,script,utilities,Oracle administration helper: grep recover until change alert.,DESTRUCTIVE,True,"['arg2', 'arg3', 'arg4']",False,scripts/utilities/grep_recover_until_change_alert.sh
oracle/admin:scripts/utilities/grid_notification_rules.sql,oracle/admin,scripts/utilities/grid_notification_rules.sql,.sql,1889,b1226198b152a63e94dc3b66c6f97f5aa097c3b472d0587af24f5c24c4af2fa8,script,utilities,Oracle administration helper: grid notification rules.,READ_ONLY,True,"['metric_column', 'metric_name', 'owner', 'rule_name', 'target_name', 'target_type', 'variables']",False,scripts/utilities/grid_notification_rules.sql
oracle/admin:scripts/utilities/grupo_refresh.sql,oracle/admin,scripts/utilities/grupo_refresh.sql,.sql,10590,fcdb6ff6807eead62173c4a8ebae9346979faa3bb96156761a26d2f02a626ba1,script,utilities,Oracle administration helper: grupo refresh.,REVIEW,True,"['MI', 'SS', 'variables']",False,scripts/utilities/grupo_refresh.sql
oracle/admin:scripts/utilities/hcheck.sql,oracle/admin,scripts/utilities/hcheck.sql,.sql,67969,5b721232ee5dc7e2d965d71cf85d506249c31c03a0578d0bc9f1d7ebda4ca80f,script,utilities,oracle/admin utilities helper: hcheck.,DESTRUCTIVE,True,"['ABS', 'ATTR_NAME', 'BLOCK', 'BLOCKS', 'CNT', 'DOBJ', 'FAILURE', 'NAME', 'OBJ', 'OPTION', 'PARTCNT', 'RFILE', 'SUCCESS', 'TYPE', 'obj']",False,scripts/utilities/hcheck.sql
oracle/admin:scripts/utilities/hints/unnest.sql,oracle/admin,scripts/utilities/hints/unnest.sql,.sql,2123,a9af71213c3a2ed48fd38884e9ef169e77c4abfa593f77f5858f62dce3f6c724,script,utilities,Oracle administration helper: unnest.,CHANGES,True,['variables'],False,scripts/utilities/hints/unnest.sql
oracle/admin:scripts/utilities/hit_ratios.sql,oracle/admin,scripts/utilities/hit_ratios.sql,.sql,2587,311d5ebaa59c44db6ecf9b0332778ea15e99865f3661c6d7f0c8dadbf4f4ce38,script,utilities,Oracle administration helper: hit ratios.,CHANGES,True,['variables'],False,scripts/utilities/hit_ratios.sql
oracle/admin:scripts/utilities/hot_blocks2.sql,oracle/admin,scripts/utilities/hot_blocks2.sql,.sql,4009,35dbf2809a765e8f78fb4236e9fc3583873e00de25f859c4cf57afe7d70f1937,script,utilities,Oracle administration helper: hot blocks2.,CHANGES,True,"['ADDR_Value', 'variables']",False,scripts/utilities/hot_blocks2.sql
oracle/admin:scripts/utilities/hout.sql,oracle/admin,scripts/utilities/hout.sql,.sql,5132,a5d4ec983a2daac289ae7c0fca3896c864956a47d2ee25e90b0f7e1b5fa58ac0,script,utilities,oracle/admin utilities helper: hout.,CHANGES,True,[],False,scripts/utilities/hout.sql
oracle/admin:scripts/utilities/hugepages_settings.sh,oracle/admin,scripts/utilities/hugepages_settings.sh,.sh,4340,5c41679f94d769e40d5b6276b2e7a85d9ec87a207fc015a6b8408ac3e5f7c1bb,script,utilities,Oracle administration helper: hugepages settings.,READ_ONLY,True,"['HPG_SZ', 'HUGETLB_POOL', 'KERN', 'MIN_PG', 'NUM_PG', 'RES_BYTES', 'arg1', 'arg2']",False,scripts/utilities/hugepages_settings.sh
oracle/admin:scripts/utilities/i_create_patch_12.1.sql,oracle/admin,scripts/utilities/i_create_patch_12.1.sql,.sql,1753,5e19c4d5f438e7e43c5b1f5b4004922c17f9c5b5819573360d6c0a0efa4e6443,script,utilities,Oracle administration helper: i create patch 12 1.,CHANGES,True,['variables'],False,scripts/utilities/i_create_patch_12.1.sql
oracle/admin:scripts/utilities/imp_r.sql,oracle/admin,scripts/utilities/imp_r.sql,.sql,2725,a15b91374e6dca9bf5dbfab1c17222d2e275bcd876acdb947193647d2ffbe167,script,utilities,Oracle administration helper: imp r.,DESTRUCTIVE,True,['variables'],False,scripts/utilities/imp_r.sql
oracle/admin:scripts/utilities/impdp_sqlfile.sh,oracle/admin,scripts/utilities/impdp_sqlfile.sh,.sh,1035,93a60464f16420f101a39236b2289236989cffaea34edcaf1ae0d447d02cbf7c,script,utilities,Oracle administration helper: impdp sqlfile.,REVIEW,True,"['CONTENT', 'DIRECTORY', 'INCLUDE']",False,scripts/utilities/impdp_sqlfile.sh
oracle/admin:scripts/utilities/import_sqlprof_table.sql,oracle/admin,scripts/utilities/import_sqlprof_table.sql,.sql,1258,fa77e11a91e0f8e8becf0ee6f8f588694bd69b193445ee212c69d437d60d2625,script,utilities,Oracle administration helper: import sqlprof table.,REVIEW,True,"['schema_name', 'staging_table', 'variables']",False,scripts/utilities/import_sqlprof_table.sql
oracle/admin:scripts/utilities/indices_cache.sql,oracle/admin,scripts/utilities/indices_cache.sql,.sql,1929,4c21e4afee013d5213b09a79ed63fe0911b358e0d54bf7ac1d35ace4eb028696,script,utilities,Oracle administration helper: indices cache.,CHANGES,True,['variables'],False,scripts/utilities/indices_cache.sql
oracle/admin:scripts/utilities/indices_sin_usar.sql,oracle/admin,scripts/utilities/indices_sin_usar.sql,.sql,1881,dc492eb8fae0b409b22c9d14ca0db1232dd8ee46d870734f53e0276f0328cd67,script,utilities,Oracle administration helper: indices sin usar.,READ_ONLY,True,['variables'],False,scripts/utilities/indices_sin_usar.sql
oracle/admin:scripts/utilities/informe_base.sql,oracle/admin,scripts/utilities/informe_base.sql,.sql,38693,c133e8dc582ec32f0b2a6a2ea5b478599014d10c397a23fb72803c0f603ea392,script,utilities,Oracle administration helper: informe base.,CHANGES,True,"['ALIGN', 'BGCOLOR', 'BORDER', 'CELLPADDING', 'COLOR', 'COLSPAN', 'CONTENT', 'EQUIV', 'FACE', 'MI', 'SIZE', 'SS', 'WIDTH', 'nbsp', 'variables']",False,scripts/utilities/informe_base.sql
oracle/admin:scripts/utilities/initial_rsrc_consumer_group.sql,oracle/admin,scripts/utilities/initial_rsrc_consumer_group.sql,.sql,1049,9855699e92130a403d5a357eddd2406dabac253acdaf9ba94471aa1b33eef6ab,script,utilities,Oracle administration helper: initial rsrc consumer group.,READ_ONLY,True,['variables'],False,scripts/utilities/initial_rsrc_consumer_group.sql
oracle/admin:scripts/utilities/inodos_find_files_x_folder.sh,oracle/admin,scripts/utilities/inodos_find_files_x_folder.sh,.sh,964,a55456434ec5c7920b5b392174f8b1c4ff24493e541698edb089cc5706971e3c,script,utilities,Oracle administration helper: inodos find files x folder.,REVIEW,True,[],False,scripts/utilities/inodos_find_files_x_folder.sh
oracle/admin:scripts/utilities/inserts_x_min.sql,oracle/admin,scripts/utilities/inserts_x_min.sql,.sql,1538,24742d26e082a0d3203934a9753b6cab22aae0e8e5509498aa75b06572377c15,script,utilities,Oracle administration helper: inserts x min.,CHANGES,True,"['MI', 'SS', 'variables']",False,scripts/utilities/inserts_x_min.sql
oracle/admin:scripts/utilities/instance.sql,oracle/admin,scripts/utilities/instance.sql,.sql,1111,17a7295303bfb2fdbd743eaaaa092109ac71d218f2471b700b10388fbdf71c3a,script,utilities,Oracle administration helper: instance.,READ_ONLY,True,['variables'],False,scripts/utilities/instance.sql
oracle/admin:scripts/utilities/instance_exit.sql,oracle/admin,scripts/utilities/instance_exit.sql,.sql,1383,91ac2d3048c0130f631da37b0ea0bb7b750f7ee48804d933925b7a35cae35821,script,utilities,Oracle administration helper: instance exit.,READ_ONLY,True,['variables'],False,scripts/utilities/instance_exit.sql
oracle/admin:scripts/utilities/internal_params.sql,oracle/admin,scripts/utilities/internal_params.sql,.sql,1398,b783a146e312cbdd8effcbe141cf367b8ebe55d581cfcccf9544350d7ceb93e8,script,utilities,Oracle administration helper: internal params.,READ_ONLY,True,['variables'],False,scripts/utilities/internal_params.sql
oracle/admin:scripts/utilities/invalid_number_detector.sql,oracle/admin,scripts/utilities/invalid_number_detector.sql,.sql,1374,61cb934a9f5f3785ca1b4b0aa8c0c5950ca2d62c359636661473f59f54018d44,script,utilities,Oracle administration helper: invalid number detector.,READ_ONLY,True,['variables'],False,scripts/utilities/invalid_number_detector.sql
oracle/admin:scripts/utilities/iot_tables.sql,oracle/admin,scripts/utilities/iot_tables.sql,.sql,1004,ea8689e551e7fee15d12ea507be2607569d9abc0a825a0734e16ecbe6f544df8,script,utilities,Oracle administration helper: iot tables.,READ_ONLY,True,['variables'],False,scripts/utilities/iot_tables.sql
oracle/admin:scripts/utilities/iotop.sh,oracle/admin,scripts/utilities/iotop.sh,.sh,851,5825c07afcf20d72f290151bb70a6340cbbe88b3268f7f02e616a15f419f3c3b,script,utilities,Oracle administration helper: iotop.,REVIEW,True,[],False,scripts/utilities/iotop.sh
oracle/admin:scripts/utilities/jar_jdbc_tester.sh,oracle/admin,scripts/utilities/jar_jdbc_tester.sh,.sh,1016,da2345377a3c00990cc49649f84fe83a80702ab2ecb3dbc4dd585ea66e78eaf3,script,utilities,Oracle administration helper: jar jdbc tester.,REVIEW,True,"['oracle', 'thin']",False,scripts/utilities/jar_jdbc_tester.sh
oracle/admin:scripts/utilities/java_check_usage.sql,oracle/admin,scripts/utilities/java_check_usage.sql,.sql,1555,4e160f82f8e3c1d55baafc1ffa9adde0acb5135acf3e5103b135734bf56eb810,script,utilities,Oracle administration helper: java check usage.,READ_ONLY,True,['variables'],False,scripts/utilities/java_check_usage.sql
oracle/admin:scripts/utilities/java_recompile.sql,oracle/admin,scripts/utilities/java_recompile.sql,.sql,1234,cfb2ca80a29e711e5407a1067b4e03ae01328e33d5da6d9aed1ec30a79f1b049,script,utilities,Oracle administration helper: java recompile.,CHANGES,True,"['JOB_QUEUE_PROCESSES', 'variables']",False,scripts/utilities/java_recompile.sql
oracle/admin:scripts/utilities/java_test.sql,oracle/admin,scripts/utilities/java_test.sql,.sql,917,0c27eee982ffd6b6a2f4f5238fcb7aef2ec3b5a73c338b578db1188410170781,script,utilities,Oracle administration helper: java test.,READ_ONLY,True,['variables'],False,scripts/utilities/java_test.sql
oracle/admin:scripts/utilities/keep_procedure.sql,oracle/admin,scripts/utilities/keep_procedure.sql,.sql,7512,53fcbc35de4e677ad6ad130245cafa2103d67b7bcdaabfdcd8e486272aadbe7f,script,utilities,Oracle administration helper: keep procedure (1).,DESTRUCTIVE,True,"['MI', 'NEW', 'SS', 'mi', 'ss', 'variables']",False,scripts/utilities/keep_procedure.sql
oracle/admin:scripts/utilities/left_to_do.sql,oracle/admin,scripts/utilities/left_to_do.sql,.sql,990,3e6eff8df733d17950c1ffa7e57742a46db739457def6b82697d1a6aa60e82b6,script,utilities,Oracle administration helper: left to do.,READ_ONLY,True,['variables'],False,scripts/utilities/left_to_do.sql
oracle/admin:scripts/utilities/lfsdiag.sql,oracle/admin,scripts/utilities/lfsdiag.sql,.sql,13109,a1fdeb30b9bb03c89112aca5e2d09078353769947bce266f2a34ed0dd2c7e9f6,script,utilities,oracle/admin utilities helper: lfsdiag.,CHANGES,True,"['dbname', 'mi', 'ss', 'suffix', 'threshold', 'timestamp']",False,scripts/utilities/lfsdiag.sql
oracle/admin:scripts/utilities/liberar_espacio_objetos.sql,oracle/admin,scripts/utilities/liberar_espacio_objetos.sql,.sql,1021,5538c5c4d01a3640cdbeacca942a3d2e24d195bdf576da6a1a9b66c26c3bb689,script,utilities,Oracle administration helper: liberar espacio objetos.,CHANGES,True,['variables'],False,scripts/utilities/liberar_espacio_objetos.sql
oracle/admin:scripts/utilities/liberar_memoria_q_ya_no_se_esta_utilizando_en_sesion.sql,oracle/admin,scripts/utilities/liberar_memoria_q_ya_no_se_esta_utilizando_en_sesion.sql,.sql,1045,89ed65f9a44dad3cd2e4fe72d94e6a83f43437a11cece5cdf06b21c7db99ce6b,script,utilities,Oracle administration helper: liberar memoria q ya no se esta utilizando en sesion.,CHANGES,True,['variables'],False,scripts/utilities/liberar_memoria_q_ya_no_se_esta_utilizando_en_sesion.sql
oracle/admin:scripts/utilities/library_cache_hit_ratio.sql,oracle/admin,scripts/utilities/library_cache_hit_ratio.sql,.sql,1003,d323adb4579db00175ca03654cd5ba7609238e0541a2548a82e3a1211e2a136e,script,utilities,Oracle administration helper: library cache hit ratio.,READ_ONLY,True,['variables'],False,scripts/utilities/library_cache_hit_ratio.sql
oracle/admin:scripts/utilities/library_miss_ratio.sql,oracle/admin,scripts/utilities/library_miss_ratio.sql,.sql,1401,43bfa1358b20a7f4e592e86a34832ded32ced206b486f572c3e9b54c60e58d4c,script,utilities,oracle/admin utilities helper: library miss ratio.,READ_ONLY,True,[],False,scripts/utilities/library_miss_ratio.sql
oracle/admin:scripts/utilities/librarycache.sql,oracle/admin,scripts/utilities/librarycache.sql,.sql,937,9b3de269d3ed17a0cd3f8f52a17e1f8f93de8be3bd3ce1f970891081bf22ad73,script,utilities,Oracle administration helper: librarycache.,READ_ONLY,True,['variables'],False,scripts/utilities/librarycache.sql
oracle/admin:scripts/utilities/licence.sql,oracle/admin,scripts/utilities/licence.sql,.sql,925,28cb731f476f46592c434edc5798925a1e3997c605925db9748d61a5b480f51a,script,utilities,Oracle administration helper: licence.,READ_ONLY,True,['variables'],False,scripts/utilities/licence.sql
oracle/admin:scripts/utilities/link_base_table.sql,oracle/admin,scripts/utilities/link_base_table.sql,.sql,1304,4bc6b8a6eccfc08382bde28f621c4e0edec4b3c81833860997ce81c45ebf012f,script,utilities,Oracle administration helper: link$.,READ_ONLY,True,"['authusr', 'host', 'name', 'password', 'userid', 'variables']",False,scripts/utilities/link_base_table.sql
oracle/admin:scripts/utilities/linux_diskcheck.sh,oracle/admin,scripts/utilities/linux_diskcheck.sh,.sh,3470,53e6fb5feffb7948ee03479efe187d42c9c239e9f3919261afc7884775e85e2d,script,utilities,Oracle administration helper: linux diskcheck.,DESTRUCTIVE,True,"['arg1', 'arg12', 'arg2', 'arg3', 'arg4', 'arg5']",False,scripts/utilities/linux_diskcheck.sh
oracle/admin:scripts/utilities/linux_split_file.sh,oracle/admin,scripts/utilities/linux_split_file.sh,.sh,945,9105bf247a40f6baeb4fa2a64607c2c1afc7070e29b09b87a527111537f7d187,script,utilities,Oracle administration helper: linux split file.,REVIEW,True,[],False,scripts/utilities/linux_split_file.sh
oracle/admin:scripts/utilities/list_files.sql,oracle/admin,scripts/utilities/list_files.sql,.sql,2298,d2ba8e66c56fe98a3cf5b1ad8fe1fce1ae5130718f6846b45a6e9e42e92c75ee,script,utilities,Oracle administration helper: list files.,CHANGES,True,['variables'],False,scripts/utilities/list_files.sql
oracle/admin:scripts/utilities/lista_posic_column_dif.sql,oracle/admin,scripts/utilities/lista_posic_column_dif.sql,.sql,1742,ccc83af1ffd69695b6f2ccb82c9a52579cf29eb02d6c38dfed5947eebc97f355,script,utilities,Oracle administration helper: lista posic column dif.,CHANGES,True,['variables'],False,scripts/utilities/lista_posic_column_dif.sql
oracle/admin:scripts/utilities/listener_log_grep_errors.sh,oracle/admin,scripts/utilities/listener_log_grep_errors.sh,.sh,1308,c21aba9512b8000815264b3c643a6e7aca3e2c9e1bf5bb20a27b2ebcf35d2e72,script,utilities,Oracle administration helper: listener log grep errors.,READ_ONLY,True,[],False,scripts/utilities/listener_log_grep_errors.sh
oracle/admin:scripts/utilities/listener_log_grep_logins.sh,oracle/admin,scripts/utilities/listener_log_grep_logins.sh,.sh,1259,7290f68c0ab58e0af64a771bebb14cdc55101f203e0212c9d6c05393ff7a49ff,script,utilities,Oracle administration helper: listener log grep logins.,REVIEW,True,"['BASE', 'FECHA', 'HORA', 'arg1', 'arg2']",False,scripts/utilities/listener_log_grep_logins.sh
oracle/admin:scripts/utilities/literals_sqlarea.sql,oracle/admin,scripts/utilities/literals_sqlarea.sql,.sql,1899,fd478b47cd1e88ed8c32829c588c7a4fabefb7c4e1366aec075d0730846238cc,script,utilities,Oracle administration helper: literals sqlarea.,READ_ONLY,True,['variables'],False,scripts/utilities/literals_sqlarea.sql
oracle/admin:scripts/utilities/lock_mode_p1.sql,oracle/admin,scripts/utilities/lock_mode_p1.sql,.sql,1077,f133331ceec21fb6d425866eb96bb511facd0ce1bd4e682f434cbf1f7d6c931f,script,utilities,Oracle administration helper: lock mode p1.,CHANGES,True,"['p1', 'variables']",False,scripts/utilities/lock_mode_p1.sql
oracle/admin:scripts/utilities/lock_rows.sql,oracle/admin,scripts/utilities/lock_rows.sql,.sql,1517,40be48be49b0c7f9ced61a216dbb304e29c609386dd0ac4aa781203491c49d59,script,utilities,Oracle administration helper: lock rows.,DESTRUCTIVE,True,"['object_name', 'owner', 'variables', 'waiting_sid']",False,scripts/utilities/lock_rows.sql
oracle/admin:scripts/utilities/locked_object.sql,oracle/admin,scripts/utilities/locked_object.sql,.sql,1401,07350bd6d94a1de2f512490edfbf43420658ba023b96fc3fdc12fc4b6778877d,script,utilities,Oracle administration helper: locked object.,READ_ONLY,True,['variables'],False,scripts/utilities/locked_object.sql
oracle/admin:scripts/utilities/lockedobjects.sql,oracle/admin,scripts/utilities/lockedobjects.sql,.sql,1129,3449e12edc73aab1e64dcfa883eb9b2ee29af1e8d6e561e58f48896a077bc937,script,utilities,Oracle administration helper: lockedobjects.,READ_ONLY,True,['variables'],False,scripts/utilities/lockedobjects.sql
oracle/admin:scripts/utilities/locko.sql,oracle/admin,scripts/utilities/locko.sql,.sql,1876,cd57ce3bd6b44aaf11beaa3c53f56b3e495d6f4c447b46513f6a7e28d8763138,script,utilities,Oracle administration helper: locko.,READ_ONLY,True,['variables'],False,scripts/utilities/locko.sql
oracle/admin:scripts/utilities/lockobj.sql,oracle/admin,scripts/utilities/lockobj.sql,.sql,1480,48d9db0cdb4bb958b6d8f850d95fc9ff142174154a6be431c14c3bdaca15f101,script,utilities,Oracle administration helper: lockobj.,READ_ONLY,True,['variables'],False,scripts/utilities/lockobj.sql
oracle/admin:scripts/utilities/locks.sql,oracle/admin,scripts/utilities/locks.sql,.sql,4933,ef16e2afec5044539e05b73c56b8e63397119455b2b3c2d28eb86eb16cd6e46c,script,utilities,Oracle administration helper: locks.,READ_ONLY,True,"['ADDR', 'ID1', 'ID2', 'LATCH', 'ROW', 'THREAD', 'TYPE', 'variables']",False,scripts/utilities/locks.sql
oracle/admin:scripts/utilities/locks1.sql,oracle/admin,scripts/utilities/locks1.sql,.sql,1023,dc94fe2beaa00668ac444ad50f243f8f8917a45aa1b58e7df541656c2fbb3ce5,script,utilities,Oracle administration helper: locks1.,READ_ONLY,True,['variables'],False,scripts/utilities/locks1.sql
oracle/admin:scripts/utilities/locks10g.sql,oracle/admin,scripts/utilities/locks10g.sql,.sql,2285,c1a70de4635c4452ca55ef008e2e57609893ebc28b0c8040eda3283bcc0f87ee,script,utilities,Oracle administration helper: locks10g.,READ_ONLY,True,['variables'],False,scripts/utilities/locks10g.sql
oracle/admin:scripts/utilities/locks2.sql,oracle/admin,scripts/utilities/locks2.sql,.sql,2232,5f2cd2733e0b1a4a50a0bea0c2cae2bd7c9fc9217df5e9c1426d02b28d88c80a,script,utilities,Oracle administration helper: locks2.,READ_ONLY,True,['variables'],False,scripts/utilities/locks2.sql
oracle/admin:scripts/utilities/locks3.sql,oracle/admin,scripts/utilities/locks3.sql,.sql,4462,0e841f892149ac283377df2ee48f07e46c9f898216d4a131cdaf34de966b212a,script,utilities,"Display database locks and latches (with tables names, etc)",READ_ONLY,True,"['ADDR', 'ID1', 'ID2', 'LATCH', 'ROW', 'THREAD', 'TYPE']",False,scripts/utilities/locks3.sql
oracle/admin:scripts/utilities/log.sql,oracle/admin,scripts/utilities/log.sql,.sql,1055,db754f1266ff7ca059962502f50cdd12cb21e6b193fdee0ba2462021907a0f78,script,utilities,Oracle administration helper: log.,READ_ONLY,True,['variables'],False,scripts/utilities/log.sql
oracle/admin:scripts/utilities/log_history.sql,oracle/admin,scripts/utilities/log_history.sql,.sql,1084,f77fcc615d1d8562c1710c1ff8333c3976756f94bd6dc766c6362951e6d21b5f,script,utilities,Oracle administration helper: log history.,CHANGES,True,"['MI', 'SS', 'first_time', 'variables']",False,scripts/utilities/log_history.sql
oracle/admin:scripts/utilities/log_history_sum.sql,oracle/admin,scripts/utilities/log_history_sum.sql,.sql,1744,2d4d07c9aa4b4319729731762af5e65aa878cc453f07b30557e80815bb07a986,script,utilities,Oracle administration helper: log history sum.,READ_ONLY,True,['variables'],False,scripts/utilities/log_history_sum.sql
oracle/admin:scripts/utilities/log_switch_history.sql,oracle/admin,scripts/utilities/log_switch_history.sql,.sql,3088,e16fedc6f2f9d2cd7c645f9684f0cbccc1555de0f1df19d1acdf3a01a8b14cb4,script,utilities,oracle/admin utilities helper: log switch history.,CHANGES,True,['days'],False,scripts/utilities/log_switch_history.sql
oracle/admin:scripts/utilities/log_switch_history_2.sql,oracle/admin,scripts/utilities/log_switch_history_2.sql,.sql,3078,2f2ff997c6446146316a0022e829ebf931c58ea0fa94620de836f5f0837b9b51,script,utilities,Oracle administration helper: log switch history 2.,CHANGES,True,['variables'],False,scripts/utilities/log_switch_history_2.sql
oracle/admin:scripts/utilities/logfile.sql,oracle/admin,scripts/utilities/logfile.sql,.sql,981,3d3f8a379612f53e2a2cb30aaaa487764c82bb77ba6122d483cd8b9745926dec,script,utilities,Oracle administration helper: logfile.,READ_ONLY,True,['variables'],False,scripts/utilities/logfile.sql
oracle/admin:scripts/utilities/longops10g.sql,oracle/admin,scripts/utilities/longops10g.sql,.sql,1338,cf320daa1e15a4231f112145974b2db6ab37bfddf0a800875d245f1068035994,script,utilities,Oracle administration helper: longops10g.,READ_ONLY,True,['variables'],False,scripts/utilities/longops10g.sql
oracle/admin:scripts/utilities/lsoh.sh,oracle/admin,scripts/utilities/lsoh.sh,.sh,3076,420eb8ceda1869fa099ce5985fb9d526d08f6d34182f7048e2acef28a91a820e,script,utilities,Oracle administration helper: lsoh.,REVIEW,True,"['CENTRAL_ORAINV', 'IFS', 'LOC', 'NAME', 'OH_NAME', 'ORAEDITION', 'ORAMAJOR', 'ORAVERSION', 'VER', 'arg2']",False,scripts/utilities/lsoh.sh
oracle/admin:scripts/utilities/max_lob_size.sql,oracle/admin,scripts/utilities/max_lob_size.sql,.sql,964,5c49c7cc59a0e3670bc89c29a9f66acfc270b2e8a83ee2f5751706fc45b27d9c,script,utilities,Oracle administration helper: max lob size.,READ_ONLY,True,['variables'],False,scripts/utilities/max_lob_size.sql
oracle/admin:scripts/utilities/maxlengthcolumn.sql,oracle/admin,scripts/utilities/maxlengthcolumn.sql,.sql,1294,0e5203f7e6b8de3fa0d36237517c9856b04c6dc3373e27a390e97421894a453f,script,utilities,Oracle administration helper: maxlengthcolumn.,CHANGES,True,['variables'],False,scripts/utilities/maxlengthcolumn.sql
oracle/admin:scripts/utilities/mem_pga.sql,oracle/admin,scripts/utilities/mem_pga.sql,.sql,2758,d76d3295d24453557a1249e4d6aeffb3e7519832bbfa7c6e686f04d0d800a607,script,utilities,Oracle administration helper: mem pga.,READ_ONLY,True,['variables'],False,scripts/utilities/mem_pga.sql
oracle/admin:scripts/utilities/mem_pool.sql,oracle/admin,scripts/utilities/mem_pool.sql,.sql,1199,3e8aa1632306d77f119c686634e50e68616b596c3b2f64d8456292d2941565ab,script,utilities,Oracle administration helper: mem pool.,READ_ONLY,True,['variables'],False,scripts/utilities/mem_pool.sql
oracle/admin:scripts/utilities/mem_sharedpool.sql,oracle/admin,scripts/utilities/mem_sharedpool.sql,.sql,1997,eef05bf759e282857d6ba085facf10aabacfbe65b2477d1a9847eb605efbd5fa,script,utilities,Oracle administration helper: mem sharedpool.,READ_ONLY,True,['variables'],False,scripts/utilities/mem_sharedpool.sql
oracle/admin:scripts/utilities/mem_sharedpool1.sql,oracle/admin,scripts/utilities/mem_sharedpool1.sql,.sql,4564,efb53e4590c8aafa40f4d0a1a0d11aec9274ce6855e7c73a8317ef616d6f98c0,script,utilities,oracle/admin utilities helper: mem sharedpool1.,READ_ONLY,True,[],False,scripts/utilities/mem_sharedpool1.sql
oracle/admin:scripts/utilities/mem_usage.sh,oracle/admin,scripts/utilities/mem_usage.sh,.sh,5404,d10537e5c91629e85713956f12398f044a160a643ff1876314298d9a48e3def5,script,utilities,Oracle administration helper: mem usage.,DESTRUCTIVE,True,"['INSTANCE_NUMBER', 'MAXMEM_USED', 'MAXMEM_USEDP', 'MAXPGA_USED', 'MAXPGA_USEDP', 'MAXSGA_USED', 'MAXSGA_USEDP', 'MI', 'ORACLE_SID', 'ORAENV_ASK', 'OUT', 'PATH', 'SS', 'arg1', 'arg8']",False,scripts/utilities/mem_usage.sh
oracle/admin:scripts/utilities/memoria_libre_pool_memoria_uso.sql,oracle/admin,scripts/utilities/memoria_libre_pool_memoria_uso.sql,.sql,1182,818bfba920fd3b539d1cee8e2b0b1c49e03db2c9d0317633bfac19ac51024538,script,utilities,Oracle administration helper: memoria libre pool memoria uso.,READ_ONLY,True,['variables'],False,scripts/utilities/memoria_libre_pool_memoria_uso.sql
oracle/admin:scripts/utilities/memory_sga.sql,oracle/admin,scripts/utilities/memory_sga.sql,.sql,1148,ee13f4412fc048e2d3d69735e05a91977606efceeecccc38365a380a1ade9005,script,utilities,Oracle administration helper: memory sga.,READ_ONLY,True,['variables'],False,scripts/utilities/memory_sga.sql
oracle/admin:scripts/utilities/memory_usage.sql,oracle/admin,scripts/utilities/memory_usage.sql,.sql,1052,4b6544ff26b06287ff2928dc1dba9936d1727ada48ed0a00825d75ee2298072a,script,utilities,oracle/admin utilities helper: memory usage.,READ_ONLY,True,[],False,scripts/utilities/memory_usage.sql
oracle/admin:scripts/utilities/memory_usage_hist.sql,oracle/admin,scripts/utilities/memory_usage_hist.sql,.sql,933,32671b21af30afbfc999f28b0a41b7d7bc9344ff3f6e5054c4f910ce8f421f70,script,utilities,oracle/admin utilities helper: memory usage hist.,READ_ONLY,True,['days'],False,scripts/utilities/memory_usage_hist.sql
oracle/admin:scripts/utilities/memory_usage_process.sql,oracle/admin,scripts/utilities/memory_usage_process.sql,.sql,1298,1e3b3e6d9b89b46d0478f88fbcd1151784494c35c3a0c2241dccf88aff4fd651,script,utilities,Oracle administration helper: memory usage process.,READ_ONLY,True,['variables'],False,scripts/utilities/memory_usage_process.sql
oracle/admin:scripts/utilities/memory_usage_v2.sql,oracle/admin,scripts/utilities/memory_usage_v2.sql,.sql,3848,061454cc27d78fa366a374310f8a38f85c6a4c7abd32814045ae577d18b2c6c4,script,utilities,Oracle administration helper: memory usage v2.,CHANGES,True,"['KSMSSNAM', 'MI', 'SS', 'variables']",False,scripts/utilities/memory_usage_v2.sql
oracle/admin:scripts/utilities/migrar_dbs_10gR2.sh,oracle/admin,scripts/utilities/migrar_dbs_10gR2.sh,.sh,1721,0a6ed434b008482dd2ff2cfebf599bcfad8f0e4c5bac4faaa5deddf4d0c990d1,script,utilities,Oracle administration helper: migrar dbs 10gR2.,DESTRUCTIVE,True,['ORACLE_SID'],False,scripts/utilities/migrar_dbs_10gR2.sh
oracle/admin:scripts/utilities/modificar_secuencia.sql,oracle/admin,scripts/utilities/modificar_secuencia.sql,.sql,2010,1181ce7f27f888f5b471f3e6b34695c2e02d3033a179014acfb89dcbf6a31aa2,script,utilities,Oracle administration helper: modificar secuencia.,CHANGES,True,['variables'],False,scripts/utilities/modificar_secuencia.sql
oracle/admin:scripts/utilities/mon_imp_perf.sql,oracle/admin,scripts/utilities/mon_imp_perf.sql,.sql,1348,b105986d3a70824a1a5f72e759fbc7fcfa470fd70d2d7a3a82d9d6199a742b66,script,utilities,Oracle administration helper: mon imp perf.,CHANGES,True,"['mi', 'ss', 'variables']",False,scripts/utilities/mon_imp_perf.sql
oracle/admin:scripts/utilities/move_lobs.sql,oracle/admin,scripts/utilities/move_lobs.sql,.sql,5125,facadb248fb3f3ee1047fbd7997a59d78a486e005ca2994fdcd24faeaee65f3b,script,utilities,Oracle administration helper: move lobs.,CHANGES,True,['variables'],False,scripts/utilities/move_lobs.sql
oracle/admin:scripts/utilities/move_online_schema.sql,oracle/admin,scripts/utilities/move_online_schema.sql,.sql,4930,2c00007109f69c49893d91a4d8f71651b06c27c533d36418e933eb176bb4d338,script,utilities,Oracle administration helper: move online schema.,CHANGES,True,"['MI', 'SS', 'variables']",False,scripts/utilities/move_online_schema.sql
oracle/admin:scripts/utilities/move_sysaux.sql,oracle/admin,scripts/utilities/move_sysaux.sql,.sql,4945,e42c90f60517be54288d9f20779fd463b3d24a252320bdc0f6ff043edb765e46,script,utilities,Oracle administration helper: move sysaux.,DESTRUCTIVE,True,['variables'],False,scripts/utilities/move_sysaux.sql
oracle/admin:scripts/utilities/multi_block_read_count_full_scan.sql,oracle/admin,scripts/utilities/multi_block_read_count_full_scan.sql,.sql,2001,8025cc2ac2f162a4d4d0905e71f51f268870f324f670b56d65a01684898fbabc,script,utilities,Oracle administration helper: multi block read count full scan.,READ_ONLY,True,['variables'],False,scripts/utilities/multi_block_read_count_full_scan.sql
oracle/admin:scripts/utilities/mutex_sleep.sql,oracle/admin,scripts/utilities/mutex_sleep.sql,.sql,908,c1b9bb57a67ec0067132dbb66e317434b1e44c6120d048f00730a07545dbbc71,script,utilities,Oracle administration helper: mutex sleep.,READ_ONLY,True,['variables'],False,scripts/utilities/mutex_sleep.sql
oracle/admin:scripts/utilities/mutex_sleep_history.sql,oracle/admin,scripts/utilities/mutex_sleep_history.sql,.sql,940,2b38bdb563d81c4e3ed62a40409b4f1f9f0e99c65ca381bb2161978406fcdd1a,script,utilities,Oracle administration helper: mutex sleep history.,READ_ONLY,True,['variables'],False,scripts/utilities/mutex_sleep_history.sql
oracle/admin:scripts/utilities/mystat_pga.sql,oracle/admin,scripts/utilities/mystat_pga.sql,.sql,1120,ca2bfe82673f54e66e45b267f8c13127926255b6b2a1becf6170e1d653efd429,script,utilities,Oracle administration helper: mystat pga.,READ_ONLY,True,['variables'],False,scripts/utilities/mystat_pga.sql
oracle/admin:scripts/utilities/mytbs_10g.sql,oracle/admin,scripts/utilities/mytbs_10g.sql,.sql,1080,747d02da5d3178d50024089afaf55d44e6186a6307da5aa4c9f9fb35bb4a8e1c,script,utilities,Oracle administration helper: mytbs 10g.,CHANGES,True,['variables'],False,scripts/utilities/mytbs_10g.sql
oracle/admin:scripts/utilities/nls.sql,oracle/admin,scripts/utilities/nls.sql,.sql,1050,c0134397e56ea78ec2abd484324342a10ba7f7430d701aa785a7a7519ea7c276,script,utilities,Oracle administration helper: nls.,READ_ONLY,True,['variables'],False,scripts/utilities/nls.sql
oracle/admin:scripts/utilities/nls_date.sql,oracle/admin,scripts/utilities/nls_date.sql,.sql,974,f2633db9defc80b0bc87e4ae3f4d61292c156d238cdf1a7f9e34ce31412cfaba,script,utilities,Oracle administration helper: nls date.,CHANGES,True,"['MI', 'SS', 'variables']",False,scripts/utilities/nls_date.sql
oracle/admin:scripts/utilities/no_objetossystema_en_tab_system.sql,oracle/admin,scripts/utilities/no_objetossystema_en_tab_system.sql,.sql,1200,3e5d70f08ebde388bd9983ddb5d0189c2b0283915babe16b3d6935d32bc37d56,script,utilities,Oracle administration helper: no objetossystema en tab system.,READ_ONLY,True,['variables'],False,scripts/utilities/no_objetossystema_en_tab_system.sql
oracle/admin:scripts/utilities/obj.sql,oracle/admin,scripts/utilities/obj.sql,.sql,1185,9a1fa28402f8dddc0fa2f9c54ace8795563cdd0adbdd718343b411dd693b65fb,script,utilities,Oracle administration helper: obj.,READ_ONLY,True,['variables'],False,scripts/utilities/obj.sql
oracle/admin:scripts/utilities/obj1.sql,oracle/admin,scripts/utilities/obj1.sql,.sql,1133,46eaf1a544a3bb08e54d60027c77b72412d6f3c7d773e59e7e436cbacd1e8dcd,script,utilities,Oracle administration helper: obj1.,READ_ONLY,True,['variables'],False,scripts/utilities/obj1.sql
oracle/admin:scripts/utilities/obj11.sql,oracle/admin,scripts/utilities/obj11.sql,.sql,992,cbfaf0ac95cd160fedd1ed6398dae9dbcdf510f2cabd9dc67a5ddf591320302f,script,utilities,Oracle administration helper: obj11.,READ_ONLY,True,['variables'],False,scripts/utilities/obj11.sql
oracle/admin:scripts/utilities/obj2.sql,oracle/admin,scripts/utilities/obj2.sql,.sql,1182,d90d323b98dd688bc5d4ed10973580c01475021f59b3cb77c11dc5b6e1be869b,script,utilities,Oracle administration helper: obj2.,READ_ONLY,True,['variables'],False,scripts/utilities/obj2.sql
oracle/admin:scripts/utilities/obj3.sql,oracle/admin,scripts/utilities/obj3.sql,.sql,1165,c5dd58c93db9f8a6f044b0a3750a53f310ce492ab66aa5ed177cb8f6063a82eb,script,utilities,Oracle administration helper: obj3.,READ_ONLY,True,['variables'],False,scripts/utilities/obj3.sql
oracle/admin:scripts/utilities/obj4.sql,oracle/admin,scripts/utilities/obj4.sql,.sql,1178,90489192524f2360bec651f086349c4ad316c066cf1015cd0bbf01371a5f5844,script,utilities,Oracle administration helper: obj4.,READ_ONLY,True,['variables'],False,scripts/utilities/obj4.sql
oracle/admin:scripts/utilities/obj_esquemas.sql,oracle/admin,scripts/utilities/obj_esquemas.sql,.sql,1598,3b7a69b6c41834c1727b138ec696f6c5fdc163394c93fbba7f02a2499c3ad8bc,script,utilities,oracle/admin utilities helper: obj esquemas.,READ_ONLY,True,[],False,scripts/utilities/obj_esquemas.sql
oracle/admin:scripts/utilities/obj_invalid.sql,oracle/admin,scripts/utilities/obj_invalid.sql,.sql,1612,b7b8d2d2ce7f36ddd35b57da3b19a14299165b3739ea447a0a5e189bd7dfa742,script,utilities,oracle/admin utilities helper: obj invalid.,READ_ONLY,True,[],False,scripts/utilities/obj_invalid.sql
oracle/admin:scripts/utilities/obj_invalid_det.sql,oracle/admin,scripts/utilities/obj_invalid_det.sql,.sql,1266,2b40c35134be41a8cc2f93a41bca723dc071b80e82abeafec729c91f3785d30b,script,utilities,Oracle administration helper: obj invalid det.,READ_ONLY,True,['variables'],False,scripts/utilities/obj_invalid_det.sql
oracle/admin:scripts/utilities/object_usage.sql,oracle/admin,scripts/utilities/object_usage.sql,.sql,1026,445e1a9a87b54198136eb3a356db5572b30a5973547e0f33784d46b836f72c66,script,utilities,Oracle administration helper: object usage.,READ_ONLY,True,['variables'],False,scripts/utilities/object_usage.sql
oracle/admin:scripts/utilities/objects_locks.sql,oracle/admin,scripts/utilities/objects_locks.sql,.sql,1537,8e9b43305ddef73d348dd87f4cc75cdd3d86c39bc12841608565f0e33298b115,script,utilities,Oracle administration helper: objects locks.,DESTRUCTIVE,True,['variables'],False,scripts/utilities/objects_locks.sql
oracle/admin:scripts/utilities/objetos_en_shared_pool.sql,oracle/admin,scripts/utilities/objetos_en_shared_pool.sql,.sql,1239,adf570fdb38da1fa815387fc3873784abafafdbddf11422beba20554d3d8c23e,script,utilities,Oracle administration helper: objetos en shared pool.,READ_ONLY,True,['variables'],False,scripts/utilities/objetos_en_shared_pool.sql
oracle/admin:scripts/utilities/objetos_memoria.sql,oracle/admin,scripts/utilities/objetos_memoria.sql,.sql,1197,eb2b9a841a826a5686a91f1b2a3fdfbba01b6c429254b4471c548d95737a4e55,script,utilities,Oracle administration helper: objetos memoria.,READ_ONLY,True,['variables'],False,scripts/utilities/objetos_memoria.sql
oracle/admin:scripts/utilities/objetos_shared_pool_a_keep.sql,oracle/admin,scripts/utilities/objetos_shared_pool_a_keep.sql,.sql,4585,f596c8234efeda84760b77a838ec325d85f456a0c6e8cbb50b718891def9c2fd,script,utilities,Oracle administration helper: objetos shared pool a keep.,DESTRUCTIVE,True,"['NUEVO', 'variables']",False,scripts/utilities/objetos_shared_pool_a_keep.sql
oracle/admin:scripts/utilities/oem_querys.sql,oracle/admin,scripts/utilities/oem_querys.sql,.sql,4386,eed3e25af3e022df8fcbcebefc567eb38cb7ab006fa5cb839b04010cde580874,script,utilities,Oracle administration helper: oem querys.,DESTRUCTIVE,True,"['mi', 'ss', 'variables']",False,scripts/utilities/oem_querys.sql
oracle/admin:scripts/utilities/oem_rest_query_curl.sh,oracle/admin,scripts/utilities/oem_rest_query_curl.sh,.sh,2066,7e14cdc9d89bdf4add136f32e911a301656a649e96c496638b67844eb5bf49b9,script,utilities,Oracle administration helper: oem rest query curl.,READ_ONLY,True,['Prodentmgr13c'],False,scripts/utilities/oem_rest_query_curl.sh
oracle/admin:scripts/utilities/ogg_12102.sql,oracle/admin,scripts/utilities/ogg_12102.sql,.sql,211893,c4bd54c831949e1d6ec3f819c1ca2fd33b2ec0e767e31860257f04a4bea48bd6,script,utilities,Oracle administration helper: ogg 12102.,DESTRUCTIVE,True,"['AQ_TM_PROCESSES', 'FREQ', 'GRANT_SELECT_PRIVILEGES', 'HH24', 'MI', 'Mi', 'PRIVILEGE_TYPE', 'SS', 'SSxFF', 'age_threshold', 'hcversion', 'lag_threshold', 'v_table_name', 'variables']",False,scripts/utilities/ogg_12102.sql
oracle/admin:scripts/utilities/oh_clone_12.1.sh,oracle/admin,scripts/utilities/oh_clone_12.1.sh,.sh,1470,20d8d129ec3df9fb0c0276e9ae44ccaaa349b0840e9b4efafda04561827c6786,script,utilities,Oracle administration helper: oh clone 12 1.,REVIEW,True,"['DBHOME_FILE', 'ORACLE_BASE', 'ORACLE_HOME', 'ORACLE_HOME_DEST', 'OSASM_GROUP', 'OSBACKUPDBA_GROUP', 'OSDBA_GROUP', 'OSDGDBA_GROUP', 'OSKMDBA_GROUP', 'OSOPER_GROUP', 'OSRACDBA_GROUP', 'RUNNINSTALLER_COMMAND', 'SOURCE_PATH', 'UNIX_GROUP_NAME']",False,scripts/utilities/oh_clone_12.1.sh
oracle/admin:scripts/utilities/ojvm_status.sql,oracle/admin,scripts/utilities/ojvm_status.sql,.sql,943,03458d63fc76fb7b8d3f4b51901df675c7b3f5878e97a8dc5455bd5f83d2d4da,script,utilities,Oracle administration helper: ojvm status.,READ_ONLY,True,['variables'],False,scripts/utilities/ojvm_status.sql
oracle/admin:scripts/utilities/olocks.sql,oracle/admin,scripts/utilities/olocks.sql,.sql,1182,7da1fbfb39c7f4bef6cffa02c2ef303de19b7597fee3e7832c7c9d91bda9041e,script,utilities,Oracle administration helper: olocks.,READ_ONLY,True,['variables'],False,scripts/utilities/olocks.sql
oracle/admin:scripts/utilities/oms_host_encryption_check.sh,oracle/admin,scripts/utilities/oms_host_encryption_check.sh,.sh,976,303b2e2ba93d534b7682fa9ba460f9ca3383c21e02c9ce7cf06944801b5234a3,script,utilities,Oracle administration helper: oms host encryption check.,REVIEW,True,[],False,scripts/utilities/oms_host_encryption_check.sh
oracle/admin:scripts/utilities/open_cursor.sql,oracle/admin,scripts/utilities/open_cursor.sql,.sql,1274,64fad56c904677dcb63fa91b95cb4cb2451f329c30bcb8c3a475b5f76348e780,script,utilities,Oracle administration helper: open cursor.,READ_ONLY,True,['variables'],False,scripts/utilities/open_cursor.sql
oracle/admin:scripts/utilities/open_cursor_cnt.sql,oracle/admin,scripts/utilities/open_cursor_cnt.sql,.sql,1013,a3bb6935e759d8a42b9521d9fc97e8d05ab6353b72d68d5adcf0c657fa09d82a,script,utilities,Oracle administration helper: open cursor cnt.,READ_ONLY,True,['variables'],False,scripts/utilities/open_cursor_cnt.sql
oracle/admin:scripts/utilities/open_cursor_pl.sql,oracle/admin,scripts/utilities/open_cursor_pl.sql,.sql,3033,d71198ebb269efc8acd53ff881d837ffa83f8a27ef0490985b56a2bdcbf26440,script,utilities,Oracle administration helper: open cursor pl.,READ_ONLY,True,['variables'],False,scripts/utilities/open_cursor_pl.sql
oracle/admin:scripts/utilities/open_cursor_sid.sql,oracle/admin,scripts/utilities/open_cursor_sid.sql,.sql,1207,1ece541f989e2d6e51e8d8bd768b84cc6bf68106df949a6c758a8c8932853e3a,script,utilities,Oracle administration helper: open cursor sid.,READ_ONLY,True,"['SID', 'variables']",False,scripts/utilities/open_cursor_sid.sql
oracle/admin:scripts/utilities/opened_cursors_current.sql,oracle/admin,scripts/utilities/opened_cursors_current.sql,.sql,1127,3f09427a23483d32c8c79548ffa9f06754b86d395e7e728a0993bea0a5d89046,script,utilities,Oracle administration helper: opened cursors current.,READ_ONLY,True,['variables'],False,scripts/utilities/opened_cursors_current.sql
oracle/admin:scripts/utilities/optimizer_index_cost_adj.sql,oracle/admin,scripts/utilities/optimizer_index_cost_adj.sql,.sql,1739,7f47fc2b096e8c296bdb8ca96306488a1500b3c14534629347fc6f7e6932bd65,script,utilities,Oracle administration helper: optimizer index cost adj.,READ_ONLY,True,['variables'],False,scripts/utilities/optimizer_index_cost_adj.sql
oracle/admin:scripts/utilities/optionssql.sql,oracle/admin,scripts/utilities/optionssql.sql,.sql,2303,4f6ad2c7f24091450ef7d99fdff3843f986dd7b3708812bf72593ec045487057,script,utilities,Oracle administration helper: optionssql.,READ_ONLY,True,['variables'],False,scripts/utilities/optionssql.sql
oracle/admin:scripts/utilities/ora_manage_restore_point.sh,oracle/admin,scripts/utilities/ora_manage_restore_point.sh,.sh,2742,c29d940bf0851507625782a8efdedb724a4d66e316520ba8079fe55e827dfb80,script,utilities,Oracle administration helper: ora manage restore point.,DESTRUCTIVE,True,"['HEADER_SQL', 'INF_QUERY', 'ORACLE_SID', 'ORAENV_ASK', 'PATH', 'QUERY', 'arg8']",False,scripts/utilities/ora_manage_restore_point.sh
oracle/admin:scripts/utilities/oradebug_check_enabled_events.sql,oracle/admin,scripts/utilities/oradebug_check_enabled_events.sql,.sql,1295,6f7522501928c48d5e156ab8346258498dad4af1082f18725ad1125592c330df,script,utilities,Oracle administration helper: oradebug check enabled events.,CHANGES,True,['variables'],False,scripts/utilities/oradebug_check_enabled_events.sql
oracle/admin:scripts/utilities/oratab_exec_script.sh,oracle/admin,scripts/utilities/oratab_exec_script.sh,.sh,2078,361be016b0b8d01f2aa42b8cd9b96ae5e4cec2f6205ec4b96601912ba563510e,script,utilities,Oracle administration helper: oratab exec script.,CHANGES,True,"['LD_LIBRARY_PATH', 'ORACLE_HOME', 'ORACLE_SID', 'ORATAB', 'ORATABLINE', 'PATH']",False,scripts/utilities/oratab_exec_script.sh
oracle/admin:scripts/utilities/orcl_wallet.sh,oracle/admin,scripts/utilities/orcl_wallet.sh,.sh,1480,7613f410d03930806ead656b256aa1d62c4525510babc372e32c7cd1cd0b3c75,script,utilities,Oracle administration helper: orcl wallet.,CHANGES,True,[],False,scripts/utilities/orcl_wallet.sh
oracle/admin:scripts/utilities/orden_de_columnas_en_una_tabla.sql,oracle/admin,scripts/utilities/orden_de_columnas_en_una_tabla.sql,.sql,5815,e09ed73459c4eca14b02d5e4b3dc7b4aeb7f5ee57c141f2883d75de402a4135c,script,utilities,Oracle administration helper: orden de columnas en una tabla.,CHANGES,True,['variables'],False,scripts/utilities/orden_de_columnas_en_una_tabla.sql
oracle/admin:scripts/utilities/os_dba_group_check.sh,oracle/admin,scripts/utilities/os_dba_group_check.sh,.sh,929,b99004dc2962f4ac7a8768faa8d0e6c673c6739d1ce1caf0a295b9b3d57ef11a,script,utilities,Oracle administration helper: os dba group check.,REVIEW,True,[],False,scripts/utilities/os_dba_group_check.sh
oracle/admin:scripts/utilities/param_optimizer_index_cost_adj.sql,oracle/admin,scripts/utilities/param_optimizer_index_cost_adj.sql,.sql,1578,5ae3c08dc0238457d6d9d5c9cacda4bc3bf6542421133943501917abe3ebe484,script,utilities,oracle/admin utilities helper: param optimizer index cost adj.,READ_ONLY,True,[],False,scripts/utilities/param_optimizer_index_cost_adj.sql
oracle/admin:scripts/utilities/parameter.sql,oracle/admin,scripts/utilities/parameter.sql,.sql,1316,6309557df3d803cccc4cfdfb26f8131d701dedda57d9114e2d550d2884e4267b,script,utilities,oracle/admin utilities helper: parameter.,READ_ONLY,True,['name'],False,scripts/utilities/parameter.sql
oracle/admin:scripts/utilities/parameter_db.sql,oracle/admin,scripts/utilities/parameter_db.sql,.sql,2023,7f6549655a83b1051f1f5d64f9c57558000c3ab846a8e15fd5acf1ccd8d91bcf,script,utilities,oracle/admin utilities helper: parameter db.,READ_ONLY,True,[],False,scripts/utilities/parameter_db.sql
oracle/admin:scripts/utilities/parameter_mem.sql,oracle/admin,scripts/utilities/parameter_mem.sql,.sql,1411,65fd5c3710e648eccb579a0ed433c4729c8d58e3ed885d17f093fc4fd3ab8c46,script,utilities,oracle/admin utilities helper: parameter mem.,READ_ONLY,True,[],False,scripts/utilities/parameter_mem.sql
oracle/admin:scripts/utilities/parameter_x.sql,oracle/admin,scripts/utilities/parameter_x.sql,.sql,1390,6f67c24e906218e73cb3dacd22254f42745d2018ceb52b5345d4bebeb89029d3,script,utilities,oracle/admin utilities helper: parameter x.,READ_ONLY,True,['parametro'],False,scripts/utilities/parameter_x.sql
oracle/admin:scripts/utilities/parametros_base.sql,oracle/admin,scripts/utilities/parametros_base.sql,.sql,1033,b8ab7662b8e203bb2707b37c7e54c1e957efccd9dd77c140999537aca54106e7,script,utilities,Oracle administration helper: parametros base.,READ_ONLY,True,['variables'],False,scripts/utilities/parametros_base.sql
oracle/admin:scripts/utilities/parmemory.sql,oracle/admin,scripts/utilities/parmemory.sql,.sql,2268,5a5a76178726c0e5611d81742509b11770c89a8f8f7abc7b0e0930aaace71e96,script,utilities,Oracle administration helper: parmemory.,READ_ONLY,True,['variables'],False,scripts/utilities/parmemory.sql
oracle/admin:scripts/utilities/parseos.sql,oracle/admin,scripts/utilities/parseos.sql,.sql,5015,832e9b023a8cebd4ec2457a3f92b527a1110cd49ee68e1451f0bd5934b305945,script,utilities,Oracle administration helper: parseos.,READ_ONLY,True,['variables'],False,scripts/utilities/parseos.sql
oracle/admin:scripts/utilities/partition.sql,oracle/admin,scripts/utilities/partition.sql,.sql,1242,b08e071e20992166a33dd7e5c27635075d5deb6917ecf859a46d0e77a336c0a7,script,utilities,Oracle administration helper: partition.,READ_ONLY,True,['variables'],False,scripts/utilities/partition.sql
oracle/admin:scripts/utilities/partition_control.sql,oracle/admin,scripts/utilities/partition_control.sql,.sql,1406,4d6cac0d529747ddf92ef01f11eafbcdac4aa8b305e8a0f496c5c79f9eade2d2,script,utilities,Oracle administration helper: partition control.,READ_ONLY,True,['variables'],False,scripts/utilities/partition_control.sql
oracle/admin:scripts/utilities/partition_high_value.sql,oracle/admin,scripts/utilities/partition_high_value.sql,.sql,1814,203bcfd54ecaa13617122b3508247f67b5358535124b836e2c65ba55a386367d,script,utilities,Oracle administration helper: partition high value.,READ_ONLY,True,"['OWNER', 'variables']",False,scripts/utilities/partition_high_value.sql
oracle/admin:scripts/utilities/partition_max_high_value.sql,oracle/admin,scripts/utilities/partition_max_high_value.sql,.sql,1949,02d7aaabca1ba3529bd6a307c095dd5e02616fc2160e6c92f9dfa925d9faeda2,script,utilities,Oracle administration helper: partition max high value.,READ_ONLY,True,"['owner', 'table_name', 'variables']",False,scripts/utilities/partition_max_high_value.sql
oracle/admin:scripts/utilities/partition_table_interval_ex.sql,oracle/admin,scripts/utilities/partition_table_interval_ex.sql,.sql,5389,8f05134b136716d161ed133e322439af5c5c3c81ee9a061a1b47967ae776a70f,script,utilities,Oracle administration helper: partition table interval ex.,DESTRUCTIVE,True,['variables'],False,scripts/utilities/partition_table_interval_ex.sql
oracle/admin:scripts/utilities/partition_tablec.sql,oracle/admin,scripts/utilities/partition_tablec.sql,.sql,1229,9368d9bce369350a4f66b4d763c0f2b3e0439259ae7b9d3664a89d65d188b342,script,utilities,Oracle administration helper: partition tablec.,CHANGES,True,['variables'],False,scripts/utilities/partition_tablec.sql
oracle/admin:scripts/utilities/patch_alldbs.sh,oracle/admin,scripts/utilities/patch_alldbs.sh,.sh,1296,82f4f51585ff63ea28ff795aab2e75a29f4af6f7dad4f5c4ca5d4ebb9dedea08,script,utilities,Oracle administration helper: patch alldbs.,DESTRUCTIVE,True,['ORACLE_SID'],False,scripts/utilities/patch_alldbs.sh
oracle/admin:scripts/utilities/pbds.sql,oracle/admin,scripts/utilities/pbds.sql,.sql,1049,960f760c76778972ed5ba9ceec87330b81673da8783845fdbbce9b8758d8f105,script,utilities,Oracle administration helper: pbds.,READ_ONLY,True,['variables'],False,scripts/utilities/pbds.sql
oracle/admin:scripts/utilities/pdb.close.sql,oracle/admin,scripts/utilities/pdb.close.sql,.sql,1100,e56b1a523aaacf1932c02971076d461ab6c4fbdbc1c8d8c435d6815f7acf3974,script,utilities,Oracle administration helper: pdb close.,CHANGES,True,['variables'],False,scripts/utilities/pdb.close.sql
oracle/admin:scripts/utilities/pdb.rename.sql,oracle/admin,scripts/utilities/pdb.rename.sql,.sql,1064,7273b9f624700ec0d0170a29201c61d48ec67da8b2d8d14985b950ad1978848c,script,utilities,Oracle administration helper: pdb rename.,CHANGES,True,['variables'],False,scripts/utilities/pdb.rename.sql
oracle/admin:scripts/utilities/pdb_resource_usage.sql,oracle/admin,scripts/utilities/pdb_resource_usage.sql,.sql,2703,b64fa92d4256dab5187ca231315636bb7da052787eb0d10af78c428f1b69dfa4,script,utilities,Oracle administration helper: pdb resource usage.,CHANGES,True,"['MI', 'NLS_DATE_FORMAT', 'NLS_TIMESTAMP_FORMAT', 'SS', 'variables']",False,scripts/utilities/pdb_resource_usage.sql
oracle/admin:scripts/utilities/pdb_services.sql,oracle/admin,scripts/utilities/pdb_services.sql,.sql,945,6ae14efb67325a1ffb6e04e6ec820953ae8c06f48250d50bc9d671581fc91b16,script,utilities,Oracle administration helper: pdb services.,READ_ONLY,True,['variables'],False,scripts/utilities/pdb_services.sql
oracle/admin:scripts/utilities/pdb_switch.sql,oracle/admin,scripts/utilities/pdb_switch.sql,.sql,1069,bbe316204b04703e34df96008d8335561c03ada1ff047c0d1a810feca5e25988,script,utilities,Oracle administration helper: pdb switch.,CHANGES,True,['variables'],False,scripts/utilities/pdb_switch.sql
oracle/admin:scripts/utilities/pdbs.sql,oracle/admin,scripts/utilities/pdbs.sql,.sql,893,c212a5de6dcff7232c5784ff18f104d388bc3dc815ad47066fc0eb7b8a29b0ba,script,utilities,Oracle administration helper: pdbs.,READ_ONLY,True,['variables'],False,scripts/utilities/pdbs.sql
oracle/admin:scripts/utilities/pga_advice.sql,oracle/admin,scripts/utilities/pga_advice.sql,.sql,1216,d14ead072fe278daebf7a0818ddc611307eddd3b7699dac1487cd2b5bbab547e,script,utilities,Oracle administration helper: pga advice.,READ_ONLY,True,['variables'],False,scripts/utilities/pga_advice.sql
oracle/admin:scripts/utilities/pga_agregate_target.sql,oracle/admin,scripts/utilities/pga_agregate_target.sql,.sql,1545,1a62f44d03ec506e7a15935f982fced61a1efde28a1c6d318caafdd46d016405,script,utilities,Oracle administration helper: pga agregate target.,REVIEW,True,['variables'],False,scripts/utilities/pga_agregate_target.sql
oracle/admin:scripts/utilities/pga_stat.sql,oracle/admin,scripts/utilities/pga_stat.sql,.sql,7602,3fb244a41b24fb4cb03050229eb84a192c68733cbb13700eca68d53828f8f118,script,utilities,Oracle administration helper: pga stat.,DESTRUCTIVE,True,"['MI', 'variables']",False,scripts/utilities/pga_stat.sql
oracle/admin:scripts/utilities/pga_target_advice.sql,oracle/admin,scripts/utilities/pga_target_advice.sql,.sql,1665,7d40b4ab3a41d5de8117baded98ea719bff7462455159a9b807d98859fa97cce,script,utilities,Oracle administration helper: pga target advice.,READ_ONLY,True,['variables'],False,scripts/utilities/pga_target_advice.sql
oracle/admin:scripts/utilities/pga_test.sql,oracle/admin,scripts/utilities/pga_test.sql,.sql,993,381cf66c110d6aa20cc8e329735e53f2e73130827bfed19e1cf575b4123d88ea,script,utilities,Oracle administration helper: pga test.,REVIEW,True,['variables'],False,scripts/utilities/pga_test.sql
oracle/admin:scripts/utilities/pga_usage.sql,oracle/admin,scripts/utilities/pga_usage.sql,.sql,2250,d7d064943161ba687cb9bbd4c509cf0fc83ef090a62ac2e6a3d91c72c08f00b3,script,utilities,Oracle administration helper: pga usage.,DESTRUCTIVE,True,['variables'],False,scripts/utilities/pga_usage.sql
oracle/admin:scripts/utilities/pgastat.sql,oracle/admin,scripts/utilities/pgastat.sql,.sql,1214,6aabffee1813541863867f99b93b2bbb32bea6da314228a859fb757053820d05,script,utilities,Oracle administration helper: pgastat.,READ_ONLY,True,['variables'],False,scripts/utilities/pgastat.sql
oracle/admin:scripts/utilities/plug_startall_pdb.sql,oracle/admin,scripts/utilities/plug_startall_pdb.sql,.sql,931,81e07f60c5fdd34c08ac384ec469d55ca4b572845f11318ed6716cfec4abe622,script,utilities,Oracle administration helper: plug startall pdb.,CHANGES,True,['variables'],False,scripts/utilities/plug_startall_pdb.sql
oracle/admin:scripts/utilities/plug_unplug_pdb.sql,oracle/admin,scripts/utilities/plug_unplug_pdb.sql,.sql,1324,9f65e97d846d1e0eb4027edebc35538eaa54ab8d53d358e2fdb5c94219fbfc85,script,utilities,Oracle administration helper: plug unplug pdb.,DESTRUCTIVE,True,['variables'],False,scripts/utilities/plug_unplug_pdb.sql
oracle/admin:scripts/utilities/porcentaje_toma_estadisticas.sql,oracle/admin,scripts/utilities/porcentaje_toma_estadisticas.sql,.sql,1117,6cc98bc2eb2e6be4af01caba7dd28daf86dab3e8ff58be9475277208c767e038,script,utilities,Oracle administration helper: porcentaje toma estadisticas.,READ_ONLY,True,"['OWNER', 'variables']",False,scripts/utilities/porcentaje_toma_estadisticas.sql
oracle/admin:scripts/utilities/portal_docs.sql,oracle/admin,scripts/utilities/portal_docs.sql,.sql,1249,f419596cc3ae8d0248ef36068ac2ae0b88be03b220750a3d6dc19206aee93ec5,script,utilities,Oracle administration helper: portal docs.,READ_ONLY,True,['variables'],False,scripts/utilities/portal_docs.sql
oracle/admin:scripts/utilities/postDBCreation.sql,oracle/admin,scripts/utilities/postDBCreation.sql,.sql,2074,e5b4160ae1ca062f0530101c75cd7f8067262b91dfb5f2629e90808deb4dc92e,script,utilities,Oracle administration helper: postDBCreation.,DESTRUCTIVE,True,"['MI', 'SS', 'dbsnmpPassword', 'sysPassword', 'sysmanPassword', 'variables']",False,scripts/utilities/postDBCreation.sql
oracle/admin:scripts/utilities/postScripts.sql,oracle/admin,scripts/utilities/postScripts.sql,.sql,1502,25e70f2497f052c041bf029af18a3c45a5dab0d4b63c38529027059da34ea34f,script,utilities,Oracle administration helper: postScripts.,CHANGES,True,"['sysPassword', 'variables']",False,scripts/utilities/postScripts.sql
oracle/admin:scripts/utilities/pq_sysstat.sql,oracle/admin,scripts/utilities/pq_sysstat.sql,.sql,924,352fdfac0ad4aacb1bf2e41076e7ce86bdec4447759064e3559de92afc56723e,script,utilities,Oracle administration helper: pq sysstat.,READ_ONLY,True,['variables'],False,scripts/utilities/pq_sysstat.sql
oracle/admin:scripts/utilities/print_table.sql,oracle/admin,scripts/utilities/print_table.sql,.sql,2251,4b3e1fb0a10e316e1a406e735a3bce2fc862a1be2d03556518cc7d9cc1f851bd,script,utilities,Oracle administration helper: print table.,CHANGES,True,"['mi', 'ss', 'variables']",False,scripts/utilities/print_table.sql
oracle/admin:scripts/utilities/print_table_old.sql,oracle/admin,scripts/utilities/print_table_old.sql,.sql,5629,69e5f60d81627399410b359fa1dc7610a71f5d9fd9700ee81da3a608aabd6695,script,utilities,Oracle administration helper: print table old.,DESTRUCTIVE,True,"['mi', 'ss', 'variables']",False,scripts/utilities/print_table_old.sql
oracle/admin:scripts/utilities/print_table_ori.sql,oracle/admin,scripts/utilities/print_table_ori.sql,.sql,6015,0bbee65a0ec2592b5cb923cd50b6bd3dc30a3489a88bd6dea8d99fa7966969aa,script,utilities,Oracle administration helper: print table ori.,DESTRUCTIVE,True,"['mi', 'ss', 'variables']",False,scripts/utilities/print_table_ori.sql
oracle/admin:scripts/utilities/process_memory_pga.sql,oracle/admin,scripts/utilities/process_memory_pga.sql,.sql,1716,c02e917aecbf0eef4cf48d8f617ec80e2fdea603935f11e43f3608278b08719a,script,utilities,Oracle administration helper: process memory pga.,READ_ONLY,True,['variables'],False,scripts/utilities/process_memory_pga.sql
oracle/admin:scripts/utilities/prompt.sql,oracle/admin,scripts/utilities/prompt.sql,.sql,1110,dd319ee11008eea6450cd47a93ffa807bc55645c42680549be4c85d89cd66a82,script,utilities,Oracle administration helper: prompt.,CHANGES,True,"['_connect_identifier', '_date', '_user', 'mi', 'ss', 'variables']",False,scripts/utilities/prompt.sql
oracle/admin:scripts/utilities/prueba_bulk_collect_forall.sql,oracle/admin,scripts/utilities/prueba_bulk_collect_forall.sql,.sql,3879,f8b4d0b51dfb8338f5a5704b8135cce0bfc0196bae74fadf2dace7c1d7d959cc,script,utilities,Oracle administration helper: prueba bulk collect forall.,DESTRUCTIVE,True,['variables'],False,scripts/utilities/prueba_bulk_collect_forall.sql
oracle/admin:scripts/utilities/prueba_insert_as_select.sql,oracle/admin,scripts/utilities/prueba_insert_as_select.sql,.sql,2332,e72f2d07f552a5077912be2b2d4679dd9612ab7beca50e950d266801a0b5a53f,script,utilities,Oracle administration helper: prueba insert as select.,DESTRUCTIVE,True,"['TBS', 'variables']",False,scripts/utilities/prueba_insert_as_select.sql
oracle/admin:scripts/utilities/ps_mon_checklist_det_history.sql,oracle/admin,scripts/utilities/ps_mon_checklist_det_history.sql,.sql,2204,3992c2b3c6b0bc41af75c5c1d42fe153786ce401545ceec116aa601acb8d4533,script,utilities,Oracle administration helper: ps mon checklist det history.,CHANGES,True,"['binsert_time', 'einsert_time', 'spool_name', 'variables']",False,scripts/utilities/ps_mon_checklist_det_history.sql
oracle/admin:scripts/utilities/ps_mon_chklist_history.sql,oracle/admin,scripts/utilities/ps_mon_chklist_history.sql,.sql,2576,daf6cbd0ec52e927e83b3aea7ac7ce0343c57478b81d4b9fe36b8469c21e89ed,script,utilities,Oracle administration helper: ps mon chklist history.,CHANGES,True,"['bbookdate', 'ebookdate', 'spool_name', 'variables']",False,scripts/utilities/ps_mon_chklist_history.sql
oracle/admin:scripts/utilities/ps_mon_crontab.sql,oracle/admin,scripts/utilities/ps_mon_crontab.sql,.sql,1051,394f7a11d8007f7d8834199774f83767eef37bfa02a3189f466907e701afd13b,script,utilities,Oracle administration helper: ps mon crontab.,READ_ONLY,True,['variables'],False,scripts/utilities/ps_mon_crontab.sql
oracle/admin:scripts/utilities/purge_partitions.sql,oracle/admin,scripts/utilities/purge_partitions.sql,.sql,3679,c40b629fefc8a1f98425b026312be795ad0dbc8049710b420783b6ddba86a2d5,script,utilities,oracle/admin utilities helper: purge partitions.,DESTRUCTIVE,True,"['mi', 'ss']",False,scripts/utilities/purge_partitions.sql
oracle/admin:scripts/utilities/purge_partitions_2.sql,oracle/admin,scripts/utilities/purge_partitions_2.sql,.sql,1838,e3f01aaf85d75cceb3b962452273692bd789c4733d6e80d7e7322a6cf0baf213,script,utilities,Oracle administration helper: purge partitions 2.,DESTRUCTIVE,True,['variables'],False,scripts/utilities/purge_partitions_2.sql
oracle/admin:scripts/utilities/purge_recyclebin.sql,oracle/admin,scripts/utilities/purge_recyclebin.sql,.sql,1733,f2d2390f28f9c671974c93bd2505fd4ccea096f27811a611ac322c9321104541,script,utilities,Oracle administration helper: purge recyclebin.,DESTRUCTIVE,True,['variables'],False,scripts/utilities/purge_recyclebin.sql
oracle/admin:scripts/utilities/query_all_dbs.sh,oracle/admin,scripts/utilities/query_all_dbs.sh,.sh,4916,9757ec1b59e7be58716fa4199c16fb0fd05ae52658bc173d4d802534f72f20b3,script,utilities,Oracle administration helper: query all dbs.,DESTRUCTIVE,True,"['MI', 'ORACLE_SID', 'ORAENV_ASK', 'PATH', 'SS', 'arg8']",False,scripts/utilities/query_all_dbs.sh
oracle/admin:scripts/utilities/quien.sql,oracle/admin,scripts/utilities/quien.sql,.sql,1446,38bfe0200e91d72cc6e716181c61899913f687bb48d42026bd1c10c4fcc7969a,script,utilities,Oracle administration helper: quien.,READ_ONLY,True,"['MI', 'variables']",False,scripts/utilities/quien.sql
oracle/admin:scripts/utilities/quota.sql,oracle/admin,scripts/utilities/quota.sql,.sql,933,989b2899f77e153b18d36af430fbc2aa2b1dd9ffb97dc78d89d6cdbe55bd73ad,script,utilities,Oracle administration helper: quota.,READ_ONLY,True,['variables'],False,scripts/utilities/quota.sql
oracle/admin:scripts/utilities/random.sh,oracle/admin,scripts/utilities/random.sh,.sh,1092,db9b535e23b2141a0a9bc6b2e1b29d0a822e3ecdc75d5ac1e8ce8f3e10fc14cd,script,utilities,Oracle administration helper: random (1).,DESTRUCTIVE,True,[],False,scripts/utilities/random.sh
oracle/admin:scripts/utilities/random.sql,oracle/admin,scripts/utilities/random.sql,.sql,1181,5c4b4ca0019fb59694767a1f16cdf05a2ccf304fa20942fadc5032b0edad8684,script,utilities,Oracle administration helper: random (1).,CHANGES,True,"['id', 'variables']",False,scripts/utilities/random.sql
oracle/admin:scripts/utilities/randomCOutLines.sql,oracle/admin,scripts/utilities/randomCOutLines.sql,.sql,1289,3eda5753d6c3f77cb23cc8df6df8d58bb7f9a41ef7b201cd3f4ce7c23082b94e,script,utilities,Oracle administration helper: randomCOutLines.,CHANGES,True,"['id', 'variables']",False,scripts/utilities/randomCOutLines.sql
oracle/admin:scripts/utilities/randomSOutLines.sql,oracle/admin,scripts/utilities/randomSOutLines.sql,.sql,1222,9a22e5f10352259201fef163f18c91bbbbb7de458037fe94c674a2a7433ac77c,script,utilities,Oracle administration helper: randomSOutLines.,CHANGES,True,"['id', 'variables']",False,scripts/utilities/randomSOutLines.sql
oracle/admin:scripts/utilities/rc_backup_set_details.sql,oracle/admin,scripts/utilities/rc_backup_set_details.sql,.sql,1023,c797b5c9629046d16e9c426cf6759dcb85acd887f96911c45a3a498dec912725,script,utilities,Oracle administration helper: rc backup set details.,READ_ONLY,True,['variables'],False,scripts/utilities/rc_backup_set_details.sql
oracle/admin:scripts/utilities/rebindexi.sql,oracle/admin,scripts/utilities/rebindexi.sql,.sql,1477,524399db74e6d47e8d19f8063a60ed04760eac1ff168a3163fa6dfd2c62bd35b,script,utilities,Oracle administration helper: rebindexi.,CHANGES,True,['variables'],False,scripts/utilities/rebindexi.sql
oracle/admin:scripts/utilities/rebuild_indices_online.sql,oracle/admin,scripts/utilities/rebuild_indices_online.sql,.sql,1631,db064b8ce695eb314d2d3da20dca1fae5797ad61480413812c5f4cba6ffa2741,script,utilities,Oracle administration helper: rebuild indices online.,CHANGES,True,['variables'],False,scripts/utilities/rebuild_indices_online.sql
oracle/admin:scripts/utilities/recomp_inv_obj.sql,oracle/admin,scripts/utilities/recomp_inv_obj.sql,.sql,4509,1d5127fa61299c5d209f3fe5c48a9ec361793b71f17d3c05a7e4454a2fcf348b,script,utilities,Oracle administration helper: recomp inv obj.,CHANGES,True,['variables'],False,scripts/utilities/recomp_inv_obj.sql
oracle/admin:scripts/utilities/recomp_synonyms.sql,oracle/admin,scripts/utilities/recomp_synonyms.sql,.sql,2122,908edbd66d2e47830161c9618fe6f57b40093c9375ddb9c47906b8acc473339c,script,utilities,oracle/admin utilities helper: recomp synonyms.,CHANGES,True,[],False,scripts/utilities/recomp_synonyms.sql
oracle/admin:scripts/utilities/recovery_file_dest.sql,oracle/admin,scripts/utilities/recovery_file_dest.sql,.sql,1481,20f44ec20b0fd5f073ef727c471a8ef9d2446430aa04525b8018011e3e808797,script,utilities,Oracle administration helper: recovery file dest.,READ_ONLY,True,['variables'],False,scripts/utilities/recovery_file_dest.sql
oracle/admin:scripts/utilities/recrea_index_snap_punto.sql,oracle/admin,scripts/utilities/recrea_index_snap_punto.sql,.sql,68063,94f281637a9d3ba829a9d2b10f73a631bb4f6ba1032f4a1c7999632d56698683,script,utilities,Oracle administration helper: recrea index snap punto.,CHANGES,True,['variables'],False,scripts/utilities/recrea_index_snap_punto.sql
oracle/admin:scripts/utilities/recrea_indices.sql,oracle/admin,scripts/utilities/recrea_indices.sql,.sql,12694,bbeff31d47b3d0e190b7598b3929668dfa21b6eb4a80c2db156f076aa0ad22a8,script,utilities,Oracle administration helper: recrea indices.,DESTRUCTIVE,True,"['TABLESPACE_INDICE', 'variables']",False,scripts/utilities/recrea_indices.sql
oracle/admin:scripts/utilities/recrea_snap_punto.sql,oracle/admin,scripts/utilities/recrea_snap_punto.sql,.sql,7135,6c81fa02e4c44eafa1557b49ab4275b91159d3e17db3b9eaec8d16ddb007535e,script,utilities,Oracle administration helper: recrea snap punto.,DESTRUCTIVE,True,"['REFRESH_METHOD', 'variables']",False,scripts/utilities/recrea_snap_punto.sql
oracle/admin:scripts/utilities/recreate_redo_logfiles.sql,oracle/admin,scripts/utilities/recreate_redo_logfiles.sql,.sql,1214,c2f8a1920f8230910b5d74cc597bf16ddac0cd6e58f3d78699f009b671e1e5bd,script,utilities,Oracle administration helper: recreate redo logfiles.,DESTRUCTIVE,True,['variables'],False,scripts/utilities/recreate_redo_logfiles.sql
oracle/admin:scripts/utilities/redo_generation.sql,oracle/admin,scripts/utilities/redo_generation.sql,.sql,2072,790e07647740021527bab1572686434ed7afa0323011e971879e075d7a292f47,script,utilities,Oracle administration helper: redo generation.,READ_ONLY,True,['variables'],False,scripts/utilities/redo_generation.sql
oracle/admin:scripts/utilities/refresco_07001.sql,oracle/admin,scripts/utilities/refresco_07001.sql,.sql,2056,b10789432226b2bd9e3c780d0b6ec0e7b4e04fb6e99f5a721a3b463e574b6bb9,script,utilities,Oracle administration helper: refresco 07001.,CHANGES,True,"['HH24', 'MI', 'SS', 'variables']",False,scripts/utilities/refresco_07001.sql
oracle/admin:scripts/utilities/refrescos1.sql,oracle/admin,scripts/utilities/refrescos1.sql,.sql,2216,58264b3da7e33fc4fa9ea76a50ab2ebb1d7d45a0cf6891bba6398a40a6ee2bad,script,utilities,Oracle administration helper: refrescos1.,CHANGES,True,"['HH24', 'MI', 'SS', 'variables']",False,scripts/utilities/refrescos1.sql
oracle/admin:scripts/utilities/reintentos_escritura_redo.sql,oracle/admin,scripts/utilities/reintentos_escritura_redo.sql,.sql,1562,6e7f9241817d0178eb565c8864c772776f1958c639654795d5297134fcc4e141,script,utilities,Oracle administration helper: reintentos escritura redo.,READ_ONLY,True,['variables'],False,scripts/utilities/reintentos_escritura_redo.sql
oracle/admin:scripts/utilities/relaciones_entre_tablas.sql,oracle/admin,scripts/utilities/relaciones_entre_tablas.sql,.sql,1598,86d3429015e1343343c52f96f1f3f06abe75510ed1ffad57a1db9f199f0091f9,script,utilities,Oracle administration helper: relaciones entre tablas (2).,READ_ONLY,True,"['R_CONSTRAINT_NAME', 'TABLE_NAME', 'variables']",False,scripts/utilities/relaciones_entre_tablas.sql
oracle/admin:scripts/utilities/remote_ssh_commands.sh,oracle/admin,scripts/utilities/remote_ssh_commands.sh,.sh,1581,b211f7ab412e2ea74415c8ecb41d345c1fe730786aa6c3b514c56a7d893fa6a4,script,utilities,Oracle administration helper: remote ssh commands.,REVIEW,True,['arg1'],False,scripts/utilities/remote_ssh_commands.sh
oracle/admin:scripts/utilities/rep.sql,oracle/admin,scripts/utilities/rep.sql,.sql,1052,60fcd819111e524aa276ba71d25020750f719dba2e4216fc6e9153d543c6033b,script,utilities,Oracle administration helper: rep.,READ_ONLY,True,['variables'],False,scripts/utilities/rep.sql
oracle/admin:scripts/utilities/rep_refresh.sql,oracle/admin,scripts/utilities/rep_refresh.sql,.sql,970,37fde27011d96789d7cd42d83f0ef0b4479f7008319c696efb7c71cf58036fe2,script,utilities,Oracle administration helper: rep refresh.,READ_ONLY,True,['variables'],False,scripts/utilities/rep_refresh.sql
oracle/admin:scripts/utilities/reset_global_prefs.sql,oracle/admin,scripts/utilities/reset_global_prefs.sql,.sql,1001,199f236d802a5e8bfc87be2b7dbc88516cbb1f4bed87bf2fb41186d1175389ed,script,utilities,Oracle administration helper: reset global prefs.,CHANGES,True,['variables'],False,scripts/utilities/reset_global_prefs.sql
oracle/admin:scripts/utilities/reset_table_prefs.sql,oracle/admin,scripts/utilities/reset_table_prefs.sql,.sql,988,8a0af6df3d8660f936d7819a36df5353af057f3e9af839327d35e70c60f337fe,script,utilities,Oracle administration helper: reset table prefs.,CHANGES,True,['variables'],False,scripts/utilities/reset_table_prefs.sql
oracle/admin:scripts/utilities/reset_table_prefs_customers.sql,oracle/admin,scripts/utilities/reset_table_prefs_customers.sql,.sql,1015,063ac47ab03f5a769bae2a579ce9c2c83578772783a3ca57131e317d1f63cba7,script,utilities,Oracle administration helper: reset table prefs customers.,CHANGES,True,['variables'],False,scripts/utilities/reset_table_prefs_customers.sql
oracle/admin:scripts/utilities/resource_limit.sql,oracle/admin,scripts/utilities/resource_limit.sql,.sql,1030,842634cc59019a1d607ae96531db16e8665e951e6e837a901f09c13f0ddda331,script,utilities,Oracle administration helper: resource limit.,READ_ONLY,True,['variables'],False,scripts/utilities/resource_limit.sql
oracle/admin:scripts/utilities/resource_manager_steps.sql,oracle/admin,scripts/utilities/resource_manager_steps.sql,.sql,2401,f0ae3cbef6066c9a4e847acb765c660778a705331deb84302ed6ff9d01653508,script,utilities,Oracle administration helper: resource manager steps.,CHANGES,True,['variables'],False,scripts/utilities/resource_manager_steps.sql
oracle/admin:scripts/utilities/restore_point.sql,oracle/admin,scripts/utilities/restore_point.sql,.sql,1275,64f158609198f503611ab084c793d4717ee44b18786cc66044f5dd065a5937ce,script,utilities,Oracle administration helper: restore point.,DESTRUCTIVE,True,['variables'],False,scripts/utilities/restore_point.sql
oracle/admin:scripts/utilities/rg_sqlprof3.sql,oracle/admin,scripts/utilities/rg_sqlprof3.sql,.sql,1742,42d43e620492ebc9ded1f7890d8565610305cddfab217deecec2f8b96356aaa9,script,utilities,Oracle administration helper: rg sqlprof3.,READ_ONLY,True,"['CURSOR_SHARING', 'variables']",False,scripts/utilities/rg_sqlprof3.sql
oracle/admin:scripts/utilities/rollback.sql,oracle/admin,scripts/utilities/rollback.sql,.sql,937,5c7aa86f20ee8da6ab6c585832db34dc58cf29be57371b30f3ddaffc27ff545b,script,utilities,Display database sessions using rollback segments,READ_ONLY,True,[],False,scripts/utilities/rollback.sql
oracle/admin:scripts/utilities/rollback_usage_TOAD.sql,oracle/admin,scripts/utilities/rollback_usage_TOAD.sql,.sql,1591,eedc360b7b517001e3cd947421cf13c8b6d61345429e02520f08bb58f3fe691d,script,utilities,Oracle administration helper: rollback usage TOAD.,READ_ONLY,True,['variables'],False,scripts/utilities/rollback_usage_TOAD.sql
oracle/admin:scripts/utilities/rowsize.sql,oracle/admin,scripts/utilities/rowsize.sql,.sql,1067,58912ce812537990482d4779883919a3c125bd235af613f265b8d4173f99ef40,script,utilities,Oracle administration helper: rowsize.,READ_ONLY,True,['variables'],False,scripts/utilities/rowsize.sql
oracle/admin:scripts/utilities/rsrc_pdb.sql,oracle/admin,scripts/utilities/rsrc_pdb.sql,.sql,944,56c9c2eb3a8a4561a033942afaff17439af8010cdb4c2919c99b6c263aa0534c,script,utilities,Oracle administration helper: rsrc pdb.,READ_ONLY,True,['variables'],False,scripts/utilities/rsrc_pdb.sql
oracle/admin:scripts/utilities/rsrcmgrmetric_history.sql,oracle/admin,scripts/utilities/rsrcmgrmetric_history.sql,.sql,2337,a8c13bf7c4a473010650110aeab36d70f0d9e3a638ee14c06d3cebde1ef2a696,script,utilities,Oracle administration helper: rsrcmgrmetric history.,READ_ONLY,True,"['MI', 'variables']",False,scripts/utilities/rsrcmgrmetric_history.sql
oracle/admin:scripts/utilities/sar_p_awk.sh,oracle/admin,scripts/utilities/sar_p_awk.sh,.sh,933,5d5db5b72c6bcae6db673093ce4424482856c41f0d45dc4e173c426ff3e203ca,script,utilities,Oracle administration helper: sar p awk.,REVIEW,True,['arg11'],False,scripts/utilities/sar_p_awk.sh
oracle/admin:scripts/utilities/sarp.sql,oracle/admin,scripts/utilities/sarp.sql,.sql,4874,aad9de58ea6a14b5db3ffb873f57fedc45a5b87a2269e7c3293cac3fe573d69b,script,utilities,Oracle administration helper: sarp.,READ_ONLY,True,"['pIdEmpresa', 'pIdSucursal', 'variables']",False,scripts/utilities/sarp.sql
oracle/admin:scripts/utilities/search_sql.sql,oracle/admin,scripts/utilities/search_sql.sql,.sql,3485,7795d517d5a730b7e6645466d441512f8fc46c90de90c99c2459d6c52ffc40ef,script,utilities,Oracle administration helper: search sql.,CHANGES,True,"['ETIME', 'EXECUTIONS', 'MI', 'PSCHEMA', 'SQL_ID', 'SQL_TEXT', 'SS', 'variables']",False,scripts/utilities/search_sql.sql
oracle/admin:scripts/utilities/segment.sql,oracle/admin,scripts/utilities/segment.sql,.sql,1469,ba246f80977c55e61209cb838f8ba4bd5902cbc5c9ae84eeb9993e345485ca72,script,utilities,Oracle administration helper: segment.,READ_ONLY,True,['variables'],False,scripts/utilities/segment.sql
oracle/admin:scripts/utilities/segment1.sql,oracle/admin,scripts/utilities/segment1.sql,.sql,1140,ccd865e8b84e95f719877636dee729266d78820e00923f37f28684f29e332e82,script,utilities,Oracle administration helper: segment1.,READ_ONLY,True,['variables'],False,scripts/utilities/segment1.sql
oracle/admin:scripts/utilities/segment2.sql,oracle/admin,scripts/utilities/segment2.sql,.sql,1147,d0011806d2c4c3622f2db8b164a5538a0477998784cc2ea699eb7a247d46ea99,script,utilities,Oracle administration helper: segment2.,READ_ONLY,True,['variables'],False,scripts/utilities/segment2.sql
oracle/admin:scripts/utilities/segment_advisor.sql,oracle/admin,scripts/utilities/segment_advisor.sql,.sql,4875,08f55d286791ef1d4b6af1834d24d9e0575d6c4635e6f293cf13781f392fe891,script,utilities,Oracle administration helper: segment advisor.,CHANGES,True,['variables'],False,scripts/utilities/segment_advisor.sql
oracle/admin:scripts/utilities/segments_by_datafile.sql,oracle/admin,scripts/utilities/segments_by_datafile.sql,.sql,1252,ec9084753b0d90871be42ae733d74595bf610ecc8074db471b67e054fe2a396e,script,utilities,Oracle administration helper: segments by datafile.,READ_ONLY,True,"['file_id', 'variables']",False,scripts/utilities/segments_by_datafile.sql
oracle/admin:scripts/utilities/segments_keep.sql,oracle/admin,scripts/utilities/segments_keep.sql,.sql,1963,81486d1dbc90f63e65c0c52509b7c26c86e986922703515620b1f45fd7e9075b,script,utilities,Oracle administration helper: segments keep.,READ_ONLY,True,['variables'],False,scripts/utilities/segments_keep.sql
oracle/admin:scripts/utilities/segments_to_keep.sql,oracle/admin,scripts/utilities/segments_to_keep.sql,.sql,1959,8515e3829eb6ed75836f436254611b3233c481cabab633d4b830a804174e7213,script,utilities,Oracle administration helper: segments to keep.,READ_ONLY,True,['variables'],False,scripts/utilities/segments_to_keep.sql
oracle/admin:scripts/utilities/segments_to_keep_sql.sql,oracle/admin,scripts/utilities/segments_to_keep_sql.sql,.sql,1546,4b939d3a36d944fd5bac76f80685b38b1a3e68fa82be5532d5cfc17ea12a231f,script,utilities,Oracle administration helper: segments to keep sql.,DESTRUCTIVE,True,['variables'],False,scripts/utilities/segments_to_keep_sql.sql
oracle/admin:scripts/utilities/segtbs.sql,oracle/admin,scripts/utilities/segtbs.sql,.sql,1127,84d82c6690b2bd54fe3fac9a05e3affb15fc8da59ae7c955840ae4df749494a9,script,utilities,Oracle administration helper: segtbs.,READ_ONLY,True,['variables'],False,scripts/utilities/segtbs.sql
oracle/admin:scripts/utilities/select_case.sql,oracle/admin,scripts/utilities/select_case.sql,.sql,1795,21dbc7ada8526389cbea31631a8d8368e74247746aafbe79fa226f1f446ab2f1,script,utilities,oracle/admin utilities helper: select case.,READ_ONLY,True,[],False,scripts/utilities/select_case.sql
oracle/admin:scripts/utilities/select_query_exp_columns.sql,oracle/admin,scripts/utilities/select_query_exp_columns.sql,.sql,2276,136db4362afaf1f44cf9c10c088468383e273b9dd4fb907778caf32a1296127b,script,utilities,Oracle administration helper: select query exp columns.,READ_ONLY,True,"['OWNER', 'QUERY', 'variables']",False,scripts/utilities/select_query_exp_columns.sql
oracle/admin:scripts/utilities/ses_optimizer_env.sql,oracle/admin,scripts/utilities/ses_optimizer_env.sql,.sql,1071,be10b689ad4e99365c43d9b93414e6ea0e84fcff6d216ecf5eccb5c6fa0460ed,script,utilities,Oracle administration helper: ses optimizer env.,READ_ONLY,True,"['sid', 'variables']",False,scripts/utilities/ses_optimizer_env.sql
oracle/admin:scripts/utilities/set_global_publish.sql,oracle/admin,scripts/utilities/set_global_publish.sql,.sql,980,6750ce59ffb71b6ebe211dc9b8fd7d5db8b6a905beb1724d4134580b68452666,script,utilities,Oracle administration helper: set global publish.,READ_ONLY,True,['variables'],False,scripts/utilities/set_global_publish.sql
oracle/admin:scripts/utilities/set_sqlplus_defaults.sql,oracle/admin,scripts/utilities/set_sqlplus_defaults.sql,.sql,1111,effe2ac71b8a029a2573e787c8c2726561a16de19b3a0f8300df456498cad481,script,utilities,Oracle administration helper: set sqlplus defaults.,REVIEW,True,['variables'],False,scripts/utilities/set_sqlplus_defaults.sql
oracle/admin:scripts/utilities/set_table_publish_prefs_false.sql,oracle/admin,scripts/utilities/set_table_publish_prefs_false.sql,.sql,1029,8dfe5efa6d102f6acdf93a08fc033462253ab2040b6efba23fc6e5eb422ed21c,script,utilities,Oracle administration helper: set table publish prefs false.,CHANGES,True,['variables'],False,scripts/utilities/set_table_publish_prefs_false.sql
oracle/admin:scripts/utilities/setsequence.sql,oracle/admin,scripts/utilities/setsequence.sql,.sql,3116,849828031f7da07359667a9ec178a631ad6714543d6887d00faac895ae67adb8,script,utilities,Oracle administration helper: setsequence.,CHANGES,True,"['Seq_CacheSize', 'Seq_CurValue', 'Seq_Cycle', 'Seq_DesireValue', 'Seq_IncrementBy', 'Seq_MaxValue', 'Seq_Name', 'Seq_Owner', 'Seq_Value', 'variables']",False,scripts/utilities/setsequence.sql
oracle/admin:scripts/utilities/sga.sql,oracle/admin,scripts/utilities/sga.sql,.sql,1282,0494717896fa266160e215a9f54bf9dc8e687a2d88de3635b8b4e9d21ded536f,script,utilities,Oracle administration helper: sga.,READ_ONLY,True,['variables'],False,scripts/utilities/sga.sql
oracle/admin:scripts/utilities/sga_free_memory.sql,oracle/admin,scripts/utilities/sga_free_memory.sql,.sql,1279,f2a488eaf106041ea85534bca7a0b496c560885733152e25cd742550a42b53ee,script,utilities,Oracle administration helper: sga free memory.,READ_ONLY,True,['variables'],False,scripts/utilities/sga_free_memory.sql
oracle/admin:scripts/utilities/sga_usage_hist.sql,oracle/admin,scripts/utilities/sga_usage_hist.sql,.sql,1286,1982d563ac005d95d425f439c64303b2c2340758b5012dcbf1ab05a2a12db527,script,utilities,Oracle administration helper: sga usage hist.,READ_ONLY,True,"['mi', 'ss', 'variables']",False,scripts/utilities/sga_usage_hist.sql
oracle/admin:scripts/utilities/sgainfo.sql,oracle/admin,scripts/utilities/sgainfo.sql,.sql,944,aed5f4b53451363067bd4fd42f5b901e91b645edb6dc5663e8006401931a5b68,script,utilities,Oracle administration helper: sgainfo.,READ_ONLY,True,['variables'],False,scripts/utilities/sgainfo.sql
oracle/admin:scripts/utilities/shared_pool_advice.sql,oracle/admin,scripts/utilities/shared_pool_advice.sql,.sql,1561,3a4277b19f2253c5ef7ee3179135653fde0ff286f0df47a6421cb2f23f2d4418,script,utilities,Oracle administration helper: shared pool advice.,READ_ONLY,True,['variables'],False,scripts/utilities/shared_pool_advice.sql
oracle/admin:scripts/utilities/shared_pool_free_mem.sql,oracle/admin,scripts/utilities/shared_pool_free_mem.sql,.sql,1164,a05d40d36e3a498935dc46d7cf8a231cdc49cbe6821e9461089a7418a292ed2a,script,utilities,Oracle administration helper: shared pool free mem.,READ_ONLY,True,['variables'],False,scripts/utilities/shared_pool_free_mem.sql
oracle/admin:scripts/utilities/shared_pool_memory_alloc.sql,oracle/admin,scripts/utilities/shared_pool_memory_alloc.sql,.sql,3456,961354026cd131d717037c562147fff6469418d99b9c18101f867bbb524158cb,script,utilities,Oracle administration helper: shared pool memory alloc.,CHANGES,True,"['MI', 'SS', 'variables']",False,scripts/utilities/shared_pool_memory_alloc.sql
oracle/admin:scripts/utilities/shared_pool_obj_nokept.sql,oracle/admin,scripts/utilities/shared_pool_obj_nokept.sql,.sql,1338,9ec4c87c1e188f5a930968084ae16bc11c47f12bf6d72e67fd9ee907ffdbb663,script,utilities,Oracle administration helper: shared pool obj nokept.,READ_ONLY,True,['variables'],False,scripts/utilities/shared_pool_obj_nokept.sql
oracle/admin:scripts/utilities/shared_pool_ora4031_errors.sql,oracle/admin,scripts/utilities/shared_pool_ora4031_errors.sql,.sql,1138,160cb79502d494dd1477dbbeecebc026c61bd668ce4360afccc2805de6318b23,script,utilities,Oracle administration helper: shared pool ora4031 errors.,READ_ONLY,True,['variables'],False,scripts/utilities/shared_pool_ora4031_errors.sql
oracle/admin:scripts/utilities/shared_pool_reserved.sql,oracle/admin,scripts/utilities/shared_pool_reserved.sql,.sql,1603,c89d4d460c550ef151e61fbf8abbee2ad6b899341f7f9878427dce2a8731b55b,script,utilities,Oracle administration helper: shared pool reserved.,READ_ONLY,True,['variables'],False,scripts/utilities/shared_pool_reserved.sql
oracle/admin:scripts/utilities/shared_pool_size.sql,oracle/admin,scripts/utilities/shared_pool_size.sql,.sql,2226,9209629ff5e742201f63356e3426620f9b3fd860b49a2d6c3d9c920e0e7dac9e,script,utilities,Oracle administration helper: shared pool size.,READ_ONLY,True,['variables'],False,scripts/utilities/shared_pool_size.sql
oracle/admin:scripts/utilities/shared_pool_sql_highmem.sql,oracle/admin,scripts/utilities/shared_pool_sql_highmem.sql,.sql,2996,f15448291b78217a67f13471095b493862766851d33735ef46b751af37f35951,script,utilities,Oracle administration helper: shared pool sql highmem.,CHANGES,True,['variables'],False,scripts/utilities/shared_pool_sql_highmem.sql
oracle/admin:scripts/utilities/shared_pool_usage_dly.sql,oracle/admin,scripts/utilities/shared_pool_usage_dly.sql,.sql,1642,66e0617b22443cbc12033cbf689d38fdf96025fb02a662d11908d454fba26d77,script,utilities,Oracle administration helper: shared pool usage dly.,READ_ONLY,True,"['days', 'name', 'variables']",False,scripts/utilities/shared_pool_usage_dly.sql
oracle/admin:scripts/utilities/shared_pool_utilization.sql,oracle/admin,scripts/utilities/shared_pool_utilization.sql,.sql,5154,ad1796eea3de0fb6cdfe1e4c4c232801aa32a2bc2dc67ab61b4afbf9da7a54bd,script,utilities,Oracle administration helper: shared pool utilization.,READ_ONLY,True,['variables'],False,scripts/utilities/shared_pool_utilization.sql
oracle/admin:scripts/utilities/sharedserver.sql,oracle/admin,scripts/utilities/sharedserver.sql,.sql,2071,76a86674979b5e691cbab7c127283405fcf861925fd8a47815561afea5355e9e,script,utilities,Oracle administration helper: sharedserver.,CHANGES,True,"['DIS', 'PROTOCOL', 'variables']",False,scripts/utilities/sharedserver.sql
oracle/admin:scripts/utilities/shell/gen_embeddings.py,oracle/admin,scripts/utilities/shell/gen_embeddings.py,.py,2837,d83f296817c3a4532168376edf28f4cc93a5e2cca94559d80140221ea295db9f,script,utilities,"Gieven a CSV ot TSV file, this script generates vector embeddings using sentence transformers model. Then, a new file will be created with the new vector column called ""embedding""",READ_ONLY,True,[],False,scripts/utilities/shell/gen_embeddings.py
oracle/admin:scripts/utilities/shell/grep_alert.sh,oracle/admin,scripts/utilities/shell/grep_alert.sh,.sh,1052,c5b780266647d3b7cefc5f840582266664959737caf5a5f3c225c17205aba725,script,utilities,Oracle administration helper: grep alert.,REVIEW,True,[],False,scripts/utilities/shell/grep_alert.sh
oracle/admin:scripts/utilities/shell/python_connect.sh,oracle/admin,scripts/utilities/shell/python_connect.sh,.sh,1885,e4488b83bdf84f36e01591e0d25d7a2a92e3e241d29d6a44f98fb3cfe17abf37,script,utilities,Oracle administration helper: python connect.,CHANGES,True,[],False,scripts/utilities/shell/python_connect.sh
oracle/admin:scripts/utilities/shell/sqlplus_connection_strings.sh,oracle/admin,scripts/utilities/shell/sqlplus_connection_strings.sh,.sh,1328,25097b6c58c0ec47ba51be31e7799bec7311ff8329f86cd4c1bf301af1dd920b,script,utilities,Oracle administration helper: sqlplus connection strings.,REVIEW,True,"['ADDRESS', 'CONNECT_DATA', 'DESCRIPTION', 'PROTOCOL', 'SERVICE_NAME']",False,scripts/utilities/shell/sqlplus_connection_strings.sh
oracle/admin:scripts/utilities/shell/sqlplus_loop_linux.sh,oracle/admin,scripts/utilities/shell/sqlplus_loop_linux.sh,.sh,1495,bd434962d16d8aa4bf9e3c1b98c0add8c8b81fec62138a70a4a4d5e53d0c0fe6,script,utilities,Oracle administration helper: sqlplus loop linux.,CHANGES,True,[],False,scripts/utilities/shell/sqlplus_loop_linux.sh
oracle/admin:scripts/utilities/similar_sql.sql,oracle/admin,scripts/utilities/similar_sql.sql,.sql,1527,bce95ee2b3cdcbdbf75f9a36e9e115e58e262c43d99f528ef1fcacbbe3b3b866,script,utilities,Oracle administration helper: similar sql.,READ_ONLY,True,"['chars', 'db', 'num_repeats', 'variables']",False,scripts/utilities/similar_sql.sql
oracle/admin:scripts/utilities/small_table_threshold.sql,oracle/admin,scripts/utilities/small_table_threshold.sql,.sql,1132,d129841d4e79e4c8f6dda92c92d59dbfd9dfbb9e04fcf4747ea3c5c6316ab3e7,script,utilities,Oracle administration helper: small table threshold.,CHANGES,True,['variables'],False,scripts/utilities/small_table_threshold.sql
oracle/admin:scripts/utilities/sniped.sql,oracle/admin,scripts/utilities/sniped.sql,.sql,975,0eef9567d285b5a3cf8bed3641995518a6c338c72e5884d56e07dc3bb369fd35,script,utilities,Oracle administration helper: sniped.,READ_ONLY,True,['variables'],False,scripts/utilities/sniped.sql
oracle/admin:scripts/utilities/soundex.sql,oracle/admin,scripts/utilities/soundex.sql,.sql,921,95ce90206d542bedf7e3f45dab39d5d079000558705c70e96420a92470e0f600,script,utilities,Oracle administration helper: soundex.,READ_ONLY,True,['variables'],False,scripts/utilities/soundex.sql
oracle/admin:scripts/utilities/spfile.sql,oracle/admin,scripts/utilities/spfile.sql,.sql,1156,e5d4a16df66b9cf16f3de2b7b5556fb488ce6abdb608969b819cfec73c1b4f80,script,utilities,Oracle administration helper: spfile.,READ_ONLY,True,['variables'],False,scripts/utilities/spfile.sql
oracle/admin:scripts/utilities/spid.sql,oracle/admin,scripts/utilities/spid.sql,.sql,983,0b1f6e28254d827ac2c71d41480257ee5b64489d8bdb7f604e9b35202fb5d52e,script,utilities,Oracle administration helper: spid.,READ_ONLY,True,['variables'],False,scripts/utilities/spid.sql
oracle/admin:scripts/utilities/spool_flashback.sql,oracle/admin,scripts/utilities/spool_flashback.sql,.sql,3279,dedc247373bf8cb9221056d758c662b80d511293dd7f45c0aa132939bcfbc0f5,script,utilities,Oracle administration helper: spool flashback.,CHANGES,True,"['fb_scn', 'variables']",False,scripts/utilities/spool_flashback.sql
oracle/admin:scripts/utilities/sql.sql,oracle/admin,scripts/utilities/sql.sql,.sql,1458,21d012447a4c806d9f46c4823b64b549a6f76c29e5b7b8927098745d2f1ad4dc,script,utilities,Oracle administration helper: sql.,READ_ONLY,True,"['parsing_schema_name', 'sql_id', 'sql_text', 'variables']",False,scripts/utilities/sql.sql
oracle/admin:scripts/utilities/sql_area_parses.sql,oracle/admin,scripts/utilities/sql_area_parses.sql,.sql,2028,a58fb8dc426fefde45a8906ec31a6bdb8df09d7c6bfe246692944bd8ade1ac3c,script,utilities,oracle/admin utilities helper: sql area parses.,READ_ONLY,True,[],False,scripts/utilities/sql_area_parses.sql
oracle/admin:scripts/utilities/sql_bind_capture_x.sql,oracle/admin,scripts/utilities/sql_bind_capture_x.sql,.sql,1629,a23e53ae8dee7fbe9d3f16fe281008bee06e43a5a550f96fcde60d213153149d,script,utilities,oracle/admin utilities helper: sql bind capture x.,READ_ONLY,True,['SQLID'],False,scripts/utilities/sql_bind_capture_x.sql
oracle/admin:scripts/utilities/sql_bind_variables.sql,oracle/admin,scripts/utilities/sql_bind_variables.sql,.sql,1678,aecf65a1fff202ea0fd45cc7094c41605460f89e58b79a24e304869a4a16572c,script,utilities,Oracle administration helper: sql bind variables.,READ_ONLY,True,"['parsing_schema_name', 'plan_hash_value', 'variables']",False,scripts/utilities/sql_bind_variables.sql
oracle/admin:scripts/utilities/sql_high_memory.sql,oracle/admin,scripts/utilities/sql_high_memory.sql,.sql,3971,3d6083305284561c5e96a17d5e3f22f285a161d3569baf730370aac5cc0836ac,script,utilities,Oracle administration helper: sql high memory.,CHANGES,True,['variables'],False,scripts/utilities/sql_high_memory.sql
oracle/admin:scripts/utilities/sql_hist_id.sql,oracle/admin,scripts/utilities/sql_hist_id.sql,.sql,3228,ddc734dfd333808e0c4c25e7808bdf78eae4df4e34ec66f1d641651b4037d06a,script,utilities,Oracle administration helper: sql hist id.,READ_ONLY,True,"['MI', 'SS', 'sqlid', 'variables']",False,scripts/utilities/sql_hist_id.sql
oracle/admin:scripts/utilities/sql_hit_ratio.sql,oracle/admin,scripts/utilities/sql_hit_ratio.sql,.sql,1393,03faa1ede1912aee601dd94e847fe7ddae5304d1d779bc48effd9e0bd722191b,script,utilities,oracle/admin utilities helper: sql hit ratio.,READ_ONLY,True,[],False,scripts/utilities/sql_hit_ratio.sql
oracle/admin:scripts/utilities/sql_id_to_signature.sql,oracle/admin,scripts/utilities/sql_id_to_signature.sql,.sql,1193,0a9a6061e98ab5ae967a5714cffbe521657847ac06e579e0c1cb2bfea5b7da02,script,utilities,Oracle administration helper: sql id to signature.,READ_ONLY,True,"['SIGNATURE', 'sql_id', 'variables']",False,scripts/utilities/sql_id_to_signature.sql
oracle/admin:scripts/utilities/sql_offload.sql,oracle/admin,scripts/utilities/sql_offload.sql,.sql,2182,6710cc1a543e7dcab03916b05ddc2667424143b54502a70a3af1c0cafbba8d4c,script,utilities,Oracle administration helper: sql offload.,CHANGES,True,"['MI', 'SS', 'sql_text', 'variables']",False,scripts/utilities/sql_offload.sql
oracle/admin:scripts/utilities/sql_perf_mon.sql,oracle/admin,scripts/utilities/sql_perf_mon.sql,.sql,19307,9cba8d054d729f70e2f6a87e2b987f5a1da21d53f79f44c160d5a6b1d2d145bd,script,utilities,oracle/admin utilities helper: sql perf mon.,CHANGES,True,"['MI', 'NLS_DATE_FORMAT', 'SQL_ID', 'SS', 'White', 'black', 'bold', 'left', 'mi', 'narchivo', 'ss', 'top']",False,scripts/utilities/sql_perf_mon.sql
oracle/admin:scripts/utilities/sql_response_time_stddev.sql,oracle/admin,scripts/utilities/sql_response_time_stddev.sql,.sql,1507,8ff76b8f17a09a987d7ed75029f20837e4a1e54a8c3b8d9de911c19b30d12fab,script,utilities,Oracle administration helper: sql response time stddev.,READ_ONLY,True,['variables'],False,scripts/utilities/sql_response_time_stddev.sql
oracle/admin:scripts/utilities/sql_shared_cursor.sql,oracle/admin,scripts/utilities/sql_shared_cursor.sql,.sql,2663,f72205e989d937b1adf3098231794395db064d0c6c9c97b31308da721d0b5d24,script,utilities,Oracle administration helper: sql shared cursor.,READ_ONLY,True,['variables'],False,scripts/utilities/sql_shared_cursor.sql
oracle/admin:scripts/utilities/sql_sqltext.sql,oracle/admin,scripts/utilities/sql_sqltext.sql,.sql,1230,50254258db8417a99525a96a7dc35d490600062514037f77d311772b7d4f5734,script,utilities,Oracle administration helper: sql sqltext.,READ_ONLY,True,['variables'],False,scripts/utilities/sql_sqltext.sql
oracle/admin:scripts/utilities/sql_test_1.sql,oracle/admin,scripts/utilities/sql_test_1.sql,.sql,1073,9e664831ce619da5637197d47b944118ead022628651ebfd327995ff5b6dcd4c,script,utilities,Oracle administration helper: sql test 1.,CHANGES,True,"['id', 'variables']",False,scripts/utilities/sql_test_1.sql
oracle/admin:scripts/utilities/sql_test_2.sql,oracle/admin,scripts/utilities/sql_test_2.sql,.sql,1234,4b8cebd4bfc8f5425a2cae70c4d590e0a4a5e3edad2e81c188b1c41a5112db27,script,utilities,Oracle administration helper: sql test 2.,DESTRUCTIVE,True,"['id', 'variables']",False,scripts/utilities/sql_test_2.sql
oracle/admin:scripts/utilities/sql_test_3.sql,oracle/admin,scripts/utilities/sql_test_3.sql,.sql,1243,172a77f9d37dabb52a76d4ec2ccd3472114bbf8e33845a97909494dd76302ee1,script,utilities,Oracle administration helper: sql test 3.,CHANGES,True,"['id', 'variables']",False,scripts/utilities/sql_test_3.sql
oracle/admin:scripts/utilities/sql_tuning_auto_enable.sql,oracle/admin,scripts/utilities/sql_tuning_auto_enable.sql,.sql,1128,fea212bb20f779962bf75856868e0424b160e66cb81bf80a88e9a2eff407d666,script,utilities,Oracle administration helper: sql tuning auto enable.,REVIEW,True,['variables'],False,scripts/utilities/sql_tuning_auto_enable.sql
oracle/admin:scripts/utilities/sql_workarea_active.sql,oracle/admin,scripts/utilities/sql_workarea_active.sql,.sql,1563,569c0ac3f12a5d6cb2dac0d7008880a8115e2071c1f5cace15be1e24f6097828,script,utilities,Oracle administration helper: sql workarea active.,READ_ONLY,True,['variables'],False,scripts/utilities/sql_workarea_active.sql
oracle/admin:scripts/utilities/sql_workarea_histogram.sql,oracle/admin,scripts/utilities/sql_workarea_histogram.sql,.sql,1593,2880ab57831764ac4a1a6b1080362a50d586313340230790de87b9eb87500d5e,script,utilities,Oracle administration helper: sql workarea histogram.,READ_ONLY,True,['variables'],False,scripts/utilities/sql_workarea_histogram.sql
oracle/admin:scripts/utilities/sql_x.sql,oracle/admin,scripts/utilities/sql_x.sql,.sql,1123,29e71046735345b8577911e71cdf8416f2184e9b6b99b2974389da5c884e682d,script,utilities,Oracle administration helper: sql x.,READ_ONLY,True,"['SQL_TEXT', 'variables']",False,scripts/utilities/sql_x.sql
oracle/admin:scripts/utilities/sqlarea.sql,oracle/admin,scripts/utilities/sqlarea.sql,.sql,1193,6175aaf08c15895a828b711c3688f75783e3f8014e8fca48869083cb2d387890,script,utilities,Oracle administration helper: sqlarea.,READ_ONLY,True,['variables'],False,scripts/utilities/sqlarea.sql
oracle/admin:scripts/utilities/sqlarea_x.sql,oracle/admin,scripts/utilities/sqlarea_x.sql,.sql,1167,22665a023a630d78ca265a0fee6823f05786dfd91b7edafe10ec8632417e18bc,script,utilities,Oracle administration helper: sqlarea x.,READ_ONLY,True,"['SQL_ID', 'variables']",False,scripts/utilities/sqlarea_x.sql
oracle/admin:scripts/utilities/sqlid_executions_elaptime.sql,oracle/admin,scripts/utilities/sqlid_executions_elaptime.sql,.sql,2359,68eb294b9a120e03f33ad8ddf77eab3819e3bb2d50e3c4dd2378a4e9eec88048,script,utilities,Oracle administration helper: sqlid executions elaptime.,DESTRUCTIVE,True,"['duration_sec_min', 'sql_id', 'sysdaten', 'username', 'variables']",False,scripts/utilities/sqlid_executions_elaptime.sql
oracle/admin:scripts/utilities/sqlnet_blockip.sql,oracle/admin,scripts/utilities/sqlnet_blockip.sql,.sql,2953,a972cb76fc74234606ec1936347b04c68acd7ff87be3855bdbb22fc65c43275c,script,utilities,Oracle administration helper: sqlnet blockip.,CHANGES,True,"['Oracle', 'variables']",False,scripts/utilities/sqlnet_blockip.sql
oracle/admin:scripts/utilities/sqltext.sql,oracle/admin,scripts/utilities/sqltext.sql,.sql,3533,b50d0adf1975264370d1e2a1b020f5dfb127bb0d97291e1d9f845dc3736b5072,script,utilities,Oracle administration helper: sqltext.,READ_ONLY,True,['variables'],False,scripts/utilities/sqltext.sql
oracle/admin:scripts/utilities/sqltext_with_newlines.sql,oracle/admin,scripts/utilities/sqltext_with_newlines.sql,.sql,1229,f47248249fb26a45d6bf7f2f79824bf97e965c8309226eee3700f3540003cc26,script,utilities,Oracle administration helper: sqltext with newlines.,READ_ONLY,True,"['sqlid', 'variables']",False,scripts/utilities/sqltext_with_newlines.sql
oracle/admin:scripts/utilities/srdc_db_ora4031sp.sql,oracle/admin,scripts/utilities/srdc_db_ora4031sp.sql,.sql,7892,91665fb4eaf9de254f14e7d19ddf77956d4ec429b060370e98de77bf5ee49b70,script,utilities,Oracle administration helper: srdc db ora4031sp.,CHANGES,True,"['MI', 'SRDCNAME', 'SRDCSPOOLNAME', 'SS', 'TZM', 'variables']",False,scripts/utilities/srdc_db_ora4031sp.sql
oracle/admin:scripts/utilities/srv.add.instance.sql,oracle/admin,scripts/utilities/srv.add.instance.sql,.sql,957,239b89e26d56b5fd37bf23087cb671186bc8683a8206fdc20cf4fc4b0423ddcb,script,utilities,Oracle administration helper: srv add instance.,REVIEW,True,['variables'],False,scripts/utilities/srv.add.instance.sql
oracle/admin:scripts/utilities/srvctl.services..move.sh,oracle/admin,scripts/utilities/srvctl.services..move.sh,.sh,6209,8df291a22ef472b8f5e115b9e93309083a8c36507b7ac26b3b496c9ebbcb8d4c,script,utilities,Oracle administration helper: srvctl services move.,REVIEW,True,[],False,scripts/utilities/srvctl.services..move.sh
oracle/admin:scripts/utilities/srvctl.services.sh,oracle/admin,scripts/utilities/srvctl.services.sh,.sh,911,fa4b5a9ab67b501de91b3af31ec7d93110266b621b855e86641c363b009aa610,script,utilities,Oracle administration helper: srvctl services.,REVIEW,True,[],False,scripts/utilities/srvctl.services.sh
oracle/admin:scripts/utilities/stat_parse.sql,oracle/admin,scripts/utilities/stat_parse.sql,.sql,1630,ba96227df602cfa85543fe2d5ce609e06d2bd4d30ed67d4a7b941bddf628ecff,script,utilities,Oracle administration helper: stat parse.,READ_ONLY,True,['variables'],False,scripts/utilities/stat_parse.sql
oracle/admin:scripts/utilities/statistics_level.sql,oracle/admin,scripts/utilities/statistics_level.sql,.sql,1138,12c43dc42c63ac234018bc1e103a18eb596cc4e2bac40e85475b24b20756cc80,script,utilities,Oracle administration helper: statistics level.,READ_ONLY,True,['variables'],False,scripts/utilities/statistics_level.sql
oracle/admin:scripts/utilities/statname.sql,oracle/admin,scripts/utilities/statname.sql,.sql,939,8ca0ced81628adb8d2da4f5050e09676d351aa64605c95a236878dcc04b63ab0,script,utilities,Oracle administration helper: statname.,READ_ONLY,True,"['statname', 'variables']",False,scripts/utilities/statname.sql
oracle/admin:scripts/utilities/streams_capture.sql,oracle/admin,scripts/utilities/streams_capture.sql,.sql,1004,482a4281c7a9357dc22f3a83818839a7120076fef9a394fd3799e1e5c9a1f70f,script,utilities,Oracle administration helper: streams capture.,READ_ONLY,True,['variables'],False,scripts/utilities/streams_capture.sql
oracle/admin:scripts/utilities/streams_dba_apply.sql,oracle/admin,scripts/utilities/streams_dba_apply.sql,.sql,2082,bada3e5c26291fed6624b7e619046575f040e852c5163d6cf4d949c5bfe3e979,script,utilities,Oracle administration helper: streams dba apply.,READ_ONLY,True,['variables'],False,scripts/utilities/streams_dba_apply.sql
oracle/admin:scripts/utilities/streams_hc_10GR2.sql,oracle/admin,scripts/utilities/streams_hc_10GR2.sql,.sql,139303,6f18f7cc4aa236c22bf564cac1737b196651017ad61af2f002897251a01e8935,script,utilities,Oracle administration helper: streams hc 10GR2.,CHANGES,True,"['MI', 'Mi', 'SS', 'variables']",False,scripts/utilities/streams_hc_10GR2.sql
oracle/admin:scripts/utilities/streams_hc_11_2_0_3.sql,oracle/admin,scripts/utilities/streams_hc_11_2_0_3.sql,.sql,195721,781ba03f3a9f6f830a719dc301b211b4aa583f0c97167cd6e7db4b65df39c202,script,utilities,Oracle administration helper: streams hc 11 2 0 3.,DESTRUCTIVE,True,"['AQ_TM_PROCESSES', 'Mi', 'SS', 'hcversion', 'variables']",False,scripts/utilities/streams_hc_11_2_0_3.sql
oracle/admin:scripts/utilities/streams_register_logfile.sql,oracle/admin,scripts/utilities/streams_register_logfile.sql,.sql,3087,8b5c7506277e36d6c68249f2d9969785a8f5af56e2167bd912600610651e10fe,script,utilities,Oracle administration helper: streams register logfile.,DESTRUCTIVE,True,['variables'],False,scripts/utilities/streams_register_logfile.sql
oracle/admin:scripts/utilities/streams_schema_script.sql,oracle/admin,scripts/utilities/streams_schema_script.sql,.sql,18930,0f82687f617c22f12f5c05ef45e031142368675d731beaa04f950fd6e356681b,script,utilities,Oracle administration helper: streams schema script.,DESTRUCTIVE,True,"['ADDRESS', 'ADDRESS_LIST', 'CONNECT_DATA', 'DESCRIPTION', 'HOST', 'PORT', 'PROTOCOL', 'SID', 'compat', 'db1', 'db2', 'lcr', 'strm_adm_db1', 'strm_adm_db2', 'strm_adm_pwd_db1', 'strm_adm_pwd_db2', 'strm_pwd_dest', 'strm_pwd_src', 'variables', 'ver']",False,scripts/utilities/streams_schema_script.sql
oracle/admin:scripts/utilities/streams_table_script.sql,oracle/admin,scripts/utilities/streams_table_script.sql,.sql,20070,1991e8df4c4dbde2a71c15939933a6b7d8935bfdb55ff64060b3fe59b1265209,script,utilities,Oracle administration helper: streams table script.,DESTRUCTIVE,True,"['ADDRESS', 'ADDRESS_LIST', 'CONNECT_DATA', 'DESCRIPTION', 'HOST', 'PORT', 'PROTOCOL', 'SID', 'compat', 'db1', 'db2', 'lcr', 'strm_adm_db1', 'strm_adm_db2', 'strm_adm_pwd_db1', 'strm_adm_pwd_db2', 'strm_pwd_dest', 'strm_pwd_src', 'variables', 'ver']",False,scripts/utilities/streams_table_script.sql
oracle/admin:scripts/utilities/stress_test.sql,oracle/admin,scripts/utilities/stress_test.sql,.sql,1217,6a44aeee232066947b1ccf1d354410394deaff5ab2cc93fc7571f28503765947,script,utilities,Oracle administration helper: stress test.,READ_ONLY,True,['variables'],False,scripts/utilities/stress_test.sql
oracle/admin:scripts/utilities/subsrt.sql,oracle/admin,scripts/utilities/subsrt.sql,.sql,908,753089aac25a5e8329c1f1ccc20bc2c2e118b8d98528c0fef2f6cc045754346d,script,utilities,Oracle administration helper: subsrt.,REVIEW,True,['variables'],False,scripts/utilities/subsrt.sql
oracle/admin:scripts/utilities/supplemental_logging_check.sql,oracle/admin,scripts/utilities/supplemental_logging_check.sql,.sql,1072,b5041768c4a21105681203f5f906a29fbde4a48fd781a36b3bafcb0c78c78fd8,script,utilities,Oracle administration helper: supplemental logging check.,READ_ONLY,True,['variables'],False,scripts/utilities/supplemental_logging_check.sql
oracle/admin:scripts/utilities/syn.sql,oracle/admin,scripts/utilities/syn.sql,.sql,938,a75d422d397b8f6bc7e3643c248574c6aefcf8832216280c7bebaa9d64985e29,script,utilities,Oracle administration helper: syn.,READ_ONLY,True,['variables'],False,scripts/utilities/syn.sql
oracle/admin:scripts/utilities/sys_fields_59.sql,oracle/admin,scripts/utilities/sys_fields_59.sql,.sql,12662,d553c065f6317eddb4253cd7402b6f9d8f86f28ef7ffd0b93ce71eb8384e37ee,script,utilities,Oracle administration helper: sys fields 59.,CHANGES,True,['variables'],False,scripts/utilities/sys_fields_59.sql
oracle/admin:scripts/utilities/sys_time_model.sql,oracle/admin,scripts/utilities/sys_time_model.sql,.sql,2334,133000b60b7fe35aed4ddcc62a6b08a9865b317da7006cf2b668fa1cc1f59396,script,utilities,Oracle administration helper: sys time model.,CHANGES,True,['variables'],False,scripts/utilities/sys_time_model.sql
oracle/admin:scripts/utilities/sys_time_model_vview.sql,oracle/admin,scripts/utilities/sys_time_model_vview.sql,.sql,2352,3be77e6007ab684fabff926eff152b3a58ba8b258ea52192c8d48772e2251ef0,script,utilities,Oracle administration helper: v$sys time model (1).,CHANGES,True,['variables'],False,scripts/utilities/sys_time_model_vview.sql
oracle/admin:scripts/utilities/sysaux_occupants.sql,oracle/admin,scripts/utilities/sysaux_occupants.sql,.sql,2223,1fdf2f04a4ae64d61a10890f4c8c9db01da653f3e55d1892703ab815871b2f78,script,utilities,Oracle administration helper: sysaux occupants.,CHANGES,True,['variables'],False,scripts/utilities/sysaux_occupants.sql
oracle/admin:scripts/utilities/sysmetric_history.sql,oracle/admin,scripts/utilities/sysmetric_history.sql,.sql,5692,bcbc92fe3f245fe402d3d7aa650b07b77c726182e4ec85b5202060970df5acbe,script,utilities,Oracle administration helper: sysmetric history.,CHANGES,True,"['mi', 'variables']",False,scripts/utilities/sysmetric_history.sql
oracle/admin:scripts/utilities/sysmetric_history_sql_response_time.sql,oracle/admin,scripts/utilities/sysmetric_history_sql_response_time.sql,.sql,2321,826f422838762a44ffc6612f912e583379669e3e3970078af193a23597b83d0d,script,utilities,Oracle administration helper: sysmetric history sql response time.,READ_ONLY,True,"['_Average', '_standard_deviation', 'mi', 'variables']",False,scripts/utilities/sysmetric_history_sql_response_time.sql
oracle/admin:scripts/utilities/sysmetric_summary.sql,oracle/admin,scripts/utilities/sysmetric_summary.sql,.sql,1909,4bf4b8bc926dcc2cf239fd4be0fd631ff941e604d9a2beae8cdca8384829ff17,script,utilities,Oracle administration helper: sysmetric summary.,READ_ONLY,True,['variables'],False,scripts/utilities/sysmetric_summary.sql
oracle/admin:scripts/utilities/sysstat_parallel.sql,oracle/admin,scripts/utilities/sysstat_parallel.sql,.sql,1146,e8a3104f87a41360b49d2411bd863ca04adf075b868a67fc372b149defc428c8,script,utilities,Oracle administration helper: sysstat parallel.,READ_ONLY,True,['variables'],False,scripts/utilities/sysstat_parallel.sql
oracle/admin:scripts/utilities/system_event_io_latency.sql,oracle/admin,scripts/utilities/system_event_io_latency.sql,.sql,7201,ff0e5616f94af821d132cd5cacbd86f9ccbec6798b2c3da2cd899d0cd0d55fe3,script,utilities,Oracle administration helper: system event io latency.,READ_ONLY,True,"['prevdpr_ct_var', 'prevdpr_tm_var', 'prevdprt_ct_var', 'prevdprt_tm_var', 'prevdpw_ct_var', 'prevdpw_tm_var', 'prevdpwt_ct_var', 'prevdpwt_tm_var', 'prevlfpw_ct_var', 'prevlfpw_tm_var', 'prevscat_ct_var', 'prevscat_tm_var', 'prevsec_var', 'prevseq_ct_var', 'prevseq_tm_var', 'variables']",False,scripts/utilities/system_event_io_latency.sql
oracle/admin:scripts/utilities/system_fix_control.sql,oracle/admin,scripts/utilities/system_fix_control.sql,.sql,950,448ac101ff0430ea5e9cfbbe3f230db006a80114860cea5a5520600c59a42a14,script,utilities,Oracle administration helper: system fix control.,READ_ONLY,True,['variables'],False,scripts/utilities/system_fix_control.sql
oracle/admin:scripts/utilities/system_statistics.sql,oracle/admin,scripts/utilities/system_statistics.sql,.sql,2023,961216deca7a9b86188210c00ecdcfe61dadefaebdba3ab1e3a370b0efb4289d,script,utilities,Oracle administration helper: system statistics.,READ_ONLY,True,['variables'],False,scripts/utilities/system_statistics.sql
oracle/admin:scripts/utilities/tablas_segmentos_menos10%libre.sql,oracle/admin,scripts/utilities/tablas_segmentos_menos10%libre.sql,.sql,1048,2b3e8e34069c9f384af3c9fd9c3d2bd6ebdd9c6127c63ca33a0c87c00ee14202,script,utilities,Oracle administration helper: tablas segmentos menos10%libre.,READ_ONLY,True,['variables'],False,scripts/utilities/tablas_segmentos_menos10%libre.sql
oracle/admin:scripts/utilities/tablas_segmentos_menos10_libre.sql,oracle/admin,scripts/utilities/tablas_segmentos_menos10_libre.sql,.sql,1054,2659c6a8ed2a6528d5260dca086d78244a3684f12b3dc152e8e28ad9d7725dac,script,utilities,Oracle administration helper: tablas segmentos menos10 libre(1).,READ_ONLY,True,['variables'],False,scripts/utilities/tablas_segmentos_menos10_libre.sql
oracle/admin:scripts/utilities/table.sql,oracle/admin,scripts/utilities/table.sql,.sql,4071,b34c2789caff68c6455eb85c33a0877d529e9689df2781fac132c5bf6fc90072,script,utilities,oracle/admin utilities helper: table.,READ_ONLY,True,"['Owner', 'Table_name', 'owner', 'table_name']",False,scripts/utilities/table.sql
oracle/admin:scripts/utilities/table2.sql,oracle/admin,scripts/utilities/table2.sql,.sql,8923,86bfdeadf17a564ec5643e811b0b0076c74c0bfb776b1bd465c92bf121b83dff,script,utilities,Oracle administration helper: table2.,READ_ONLY,True,"['Owner', 'Table_Owner', 'Table_name', 'owner', 'table_name', 'variables']",False,scripts/utilities/table2.sql
oracle/admin:scripts/utilities/table_conf.sql,oracle/admin,scripts/utilities/table_conf.sql,.sql,3847,982dd99c9eccba6e2a1207a8454d85f92beed008f24fd59925fdcee9646cb704,script,utilities,Oracle administration helper: table conf.,READ_ONLY,True,"['mi', 'owner', 'table', 'variables']",False,scripts/utilities/table_conf.sql
oracle/admin:scripts/utilities/table_fetch_continued_row.sql,oracle/admin,scripts/utilities/table_fetch_continued_row.sql,.sql,5357,0aa57f1b4b8e84f735e0f295bec320b05cb28745573ddd0b5e64d86e8ce31a9b,script,utilities,Oracle administration helper: table fetch continued row.,CHANGES,True,"['num_days', 'variables']",False,scripts/utilities/table_fetch_continued_row.sql
oracle/admin:scripts/utilities/tables.sql,oracle/admin,scripts/utilities/tables.sql,.sql,2765,f9a69f45a22b9954d303cedd52564e3a99ef2f0f10cdd276cfcbc9376146c001,script,utilities,Oracle administration helper: tables.,READ_ONLY,True,"['MI', 'SS', 'sch', 'variables']",False,scripts/utilities/tables.sql
oracle/admin:scripts/utilities/tables_to_partition.sql,oracle/admin,scripts/utilities/tables_to_partition.sql,.sql,3332,506849f36e1ddc073342d59905fd648581465b10befb759c91b1f12ab2edbc30,script,utilities,Oracle administration helper: tables to partition.,READ_ONLY,True,['variables'],False,scripts/utilities/tables_to_partition.sql
oracle/admin:scripts/utilities/tables_with_lob_columns.sql,oracle/admin,scripts/utilities/tables_with_lob_columns.sql,.sql,2224,5c505635bfeaf18bbe2acef2aa37f5b389061cc276013261639b56071982076c,script,utilities,Oracle administration helper: tables with lob columns.,READ_ONLY,True,['variables'],False,scripts/utilities/tables_with_lob_columns.sql
oracle/admin:scripts/utilities/tam_indices.sql,oracle/admin,scripts/utilities/tam_indices.sql,.sql,1043,5c6d8d6a76fcf41604eca154b853e7dbd78b7cfc65cca07c7fe4f2c089d7cb1b,script,utilities,Oracle administration helper: tam indices.,READ_ONLY,True,['variables'],False,scripts/utilities/tam_indices.sql
oracle/admin:scripts/utilities/tamaño_objetos.sql,oracle/admin,scripts/utilities/tamaño_objetos.sql,.sql,1120,ac9a3102ea454088507459c1623a6728089654bc94530d51b4df20d2a76b0df8,script,utilities,Oracle administration helper: tamaño objetos.,READ_ONLY,True,['variables'],False,scripts/utilities/tamaño_objetos.sql
oracle/admin:scripts/utilities/tempfile.sql,oracle/admin,scripts/utilities/tempfile.sql,.sql,1026,6d6b668dbed94e2f275082355a954256b67f1881db3a84d8b6438d15657ff183,script,utilities,Oracle administration helper: tempfile.,CHANGES,True,['variables'],False,scripts/utilities/tempfile.sql
oracle/admin:scripts/utilities/test_db_link_exec.sql,oracle/admin,scripts/utilities/test_db_link_exec.sql,.sql,6409,bf3d9649ceba1adca28dfd0d3b8882a95ab86960229ed2d450eb612b8c74a92d,script,utilities,oracle/admin utilities helper: test db link exec.,CHANGES,True,"['EFLUSH', 'IDENT', '_connect_identifier', '_date', '_user', 'ext', 'mi', 'sep', 'spoolv', 'ss']",False,scripts/utilities/test_db_link_exec.sql
oracle/admin:scripts/utilities/test_db_link_perf.sql,oracle/admin,scripts/utilities/test_db_link_perf.sql,.sql,4015,33a5cb214144b4b08735de36ad1343626190949ba31c8652ae4a2104619ea898,script,utilities,Oracle administration helper: test db link perf.,DESTRUCTIVE,True,"['ADDRESS', 'ADDRESS_LIST', 'CONNECT_DATA', 'DESCRIPTION', 'HOST', 'PORT', 'PROTOCOL', 'SERVICE_NAME', 'variables']",False,scripts/utilities/test_db_link_perf.sql
oracle/admin:scripts/utilities/test_db_link_source_create.sql,oracle/admin,scripts/utilities/test_db_link_source_create.sql,.sql,5715,4f67b80fe0ecaf6adc6c019c1d6c7e0073d1edacd252987e2938beae859fd0b1,script,utilities,oracle/admin utilities helper: test db link source create.,CHANGES,True,"['CKEEP', 'DB_KEEP_CACHE_SIZE', 'EFLUSH', 'TBSDATA', 'TBSINDX', 'tbsdata', 'tbsindx']",False,scripts/utilities/test_db_link_source_create.sql
oracle/admin:scripts/utilities/test_db_link_source_drop.sql,oracle/admin,scripts/utilities/test_db_link_source_drop.sql,.sql,2634,88d2dda011c70b59413b707d889aa3a3a32131588d7b03bf435a96f80b37e18c,script,utilities,oracle/admin utilities helper: test db link source drop.,DESTRUCTIVE,True,"['CKEEP', 'DB_KEEP_CACHE_SIZE']",False,scripts/utilities/test_db_link_source_drop.sql
oracle/admin:scripts/utilities/test_db_link_target_create.sql,oracle/admin,scripts/utilities/test_db_link_target_create.sql,.sql,2654,0213538a173d41b0f9e5938584a8d1acbb34a1adb76e8ab2673ba7ed50d31dfa,script,utilities,oracle/admin utilities helper: test db link target create.,CHANGES,True,"['BASE', 'PASSW']",False,scripts/utilities/test_db_link_target_create.sql
oracle/admin:scripts/utilities/test_db_link_target_drop.sql,oracle/admin,scripts/utilities/test_db_link_target_drop.sql,.sql,1486,63f773a720089aeec25f26ff8c79e71338ff4f5e15489029bba499b241def6f2,script,utilities,oracle/admin utilities helper: test db link target drop.,DESTRUCTIVE,True,[],False,scripts/utilities/test_db_link_target_drop.sql
oracle/admin:scripts/utilities/test_insensitive.sql,oracle/admin,scripts/utilities/test_insensitive.sql,.sql,2628,d15c9c22d71da98766d7b6be86c5a663adc7a032b3ef1df83a7343bab6fb300d,script,utilities,Oracle administration helper: test insensitive.,DESTRUCTIVE,True,"['NLS_COMP', 'NLS_SORT', 'variables']",False,scripts/utilities/test_insensitive.sql
oracle/admin:scripts/utilities/test_io_insert_ret_rowid.sql,oracle/admin,scripts/utilities/test_io_insert_ret_rowid.sql,.sql,13372,445ae049c1563733a901060c24deee671f5b7343f9a42ee0b2244df65a8774c2,script,utilities,Oracle administration helper: test io insert ret rowid.,DESTRUCTIVE,True,['variables'],False,scripts/utilities/test_io_insert_ret_rowid.sql
oracle/admin:scripts/utilities/test_io_oper.sql,oracle/admin,scripts/utilities/test_io_oper.sql,.sql,2021,8d927a058696412b7457287c3c8c139cebbc899292883aa2d5f5c33de1037401,script,utilities,Oracle administration helper: test io oper.,DESTRUCTIVE,True,"['TBS', 'tbs', 'variables']",False,scripts/utilities/test_io_oper.sql
oracle/admin:scripts/utilities/test_io_oper_rowid.sql,oracle/admin,scripts/utilities/test_io_oper_rowid.sql,.sql,2360,4921d25edc210edd791903e5d8bca5ca53cef1b0f49a8feb31338367ad0a0dd7,script,utilities,Oracle administration helper: test io oper rowid.,DESTRUCTIVE,True,"['TBS', 'tbs', 'variables']",False,scripts/utilities/test_io_oper_rowid.sql
oracle/admin:scripts/utilities/tfa_collect.sql,oracle/admin,scripts/utilities/tfa_collect.sql,.sql,1067,ce1cb526ea37f4bd9b4bb663222709bbbff6d7b3b52fe15094be20aab5c5d684,script,utilities,Oracle administration helper: tfa collect.,REVIEW,True,['variables'],False,scripts/utilities/tfa_collect.sql
oracle/admin:scripts/utilities/timestamp_to_scn.sql,oracle/admin,scripts/utilities/timestamp_to_scn.sql,.sql,1433,6d8f79c8f5e8741e604ec9b8d2f8b8e02dcab538a29ddf5ec00888f04e9492da,script,utilities,Oracle administration helper: timestamp to scn.,READ_ONLY,True,"['mi', 'ss', 'variables']",False,scripts/utilities/timestamp_to_scn.sql
oracle/admin:scripts/utilities/timezone_columns_size.sql,oracle/admin,scripts/utilities/timezone_columns_size.sql,.sql,1161,31d9af646a593b34c5bde115b2ac361c1fb4b9ba7174740459519640adae197b,script,utilities,Oracle administration helper: timezone columns size.,READ_ONLY,True,['variables'],False,scripts/utilities/timezone_columns_size.sql
oracle/admin:scripts/utilities/timezone_file_version_dst_check_objects.sql,oracle/admin,scripts/utilities/timezone_file_version_dst_check_objects.sql,.sql,1351,552d45513f6451840a964143038b5644646af9fa9776e15ce5c86fe9d4bea3c2,script,utilities,Oracle administration helper: timezone file version dst check objects.,READ_ONLY,True,['variables'],False,scripts/utilities/timezone_file_version_dst_check_objects.sql
oracle/admin:scripts/utilities/top10proc.sql,oracle/admin,scripts/utilities/top10proc.sql,.sql,1914,22e7c67292fd72190775d8242adae972ff58d3aab5e5311ecbee93e3a455baa8,script,utilities,oracle/admin utilities helper: top10proc.,READ_ONLY,True,[],False,scripts/utilities/top10proc.sql
oracle/admin:scripts/utilities/top10table.sql,oracle/admin,scripts/utilities/top10table.sql,.sql,2808,8a3bd262bf04db33bb94759c934794c007810c794fff9463d90ec791beb1c3cd,script,utilities,oracle/admin utilities helper: top10table.,DESTRUCTIVE,True,[],False,scripts/utilities/top10table.sql
oracle/admin:scripts/utilities/top_CPU.sql,oracle/admin,scripts/utilities/top_CPU.sql,.sql,3818,dfd69d78d4bd58892e5458c61bb16058ee4ce9ba23ca247bf5411e947969b307,script,utilities,Oracle administration helper: top CPU.,DESTRUCTIVE,True,['variables'],False,scripts/utilities/top_CPU.sql
oracle/admin:scripts/utilities/top_activity.sql,oracle/admin,scripts/utilities/top_activity.sql,.sql,2501,e299abfcecddc34042894797d52a7e849ec59c29c80ddffdacbba63a4167d56c,script,utilities,Oracle administration helper: top activity.,DESTRUCTIVE,True,['variables'],False,scripts/utilities/top_activity.sql
oracle/admin:scripts/utilities/top_activity_io.sql,oracle/admin,scripts/utilities/top_activity_io.sql,.sql,1378,0014e4397001456e415669248ccdda42ac5863a59e66e37c2f94a98dcc2dff1b,script,utilities,Script To Get Cpu Usage And Wait Event Information In Oracle Database,READ_ONLY,True,"['MI', 'SS']",False,scripts/utilities/top_activity_io.sql
oracle/admin:scripts/utilities/top_sql_byelaptime.sql,oracle/admin,scripts/utilities/top_sql_byelaptime.sql,.sql,6315,f1c0cbf967d100697b2fcd04d752dad5bbadc8ea560b128be39f4d599c2e6435,script,utilities,Oracle administration helper: top sql byelaptime.,DESTRUCTIVE,True,"['HH24', 'MI', 'variables']",False,scripts/utilities/top_sql_byelaptime.sql
oracle/admin:scripts/utilities/top_ten.sql,oracle/admin,scripts/utilities/top_ten.sql,.sql,4060,95fad14a4705196ad979a04fd5ee26f4d72e1b3bf41189a54cd30ca68b585632,script,utilities,Oracle administration helper: top ten.,CHANGES,True,['variables'],False,scripts/utilities/top_ten.sql
oracle/admin:scripts/utilities/transaction.sql,oracle/admin,scripts/utilities/transaction.sql,.sql,1065,498d92a15398fd7aec933dcd1bfdc0b4f1174eccbb69a43de59af3bf1db3eadd,script,utilities,Oracle administration helper: transaction.,READ_ONLY,True,['variables'],False,scripts/utilities/transaction.sql
oracle/admin:scripts/utilities/trend_awr_stat.sql,oracle/admin,scripts/utilities/trend_awr_stat.sql,.sql,4792,7e9fa934da2b7902455ae302de3c041fae0bd2129bc6939648a43470058a768f,script,utilities,oracle/admin utilities helper: trend awr stat.,READ_ONLY,True,"['m_dbid', 'm_instance', 'm_stat_name', 'mi', 'ss']",False,scripts/utilities/trend_awr_stat.sql
oracle/admin:scripts/utilities/trg_database_logon.sql,oracle/admin,scripts/utilities/trg_database_logon.sql,.sql,3217,4cca315ca8b28922fdb3ea7a5d938307e49c5956696e3ce629ee4773a9e698f6,script,utilities,oracle/admin utilities helper: trg database logon.,CHANGES,True,[],False,scripts/utilities/trg_database_logon.sql
oracle/admin:scripts/utilities/trg_database_logon_2.sql,oracle/admin,scripts/utilities/trg_database_logon_2.sql,.sql,1381,b212c6e27a9f6cebfbcbb5416664490acaa1e5c6b7ca6515d3ef33a5881f355f,script,utilities,Oracle administration helper: trg database logon 2.,CHANGES,True,"['SQL_TRACE', 'variables']",False,scripts/utilities/trg_database_logon_2.sql
oracle/admin:scripts/utilities/trg_database_logon_par.sql,oracle/admin,scripts/utilities/trg_database_logon_par.sql,.sql,1740,b53f25844b8201d45a559210fbce00a7172bfaa27aae2b5cc9fb81d850e2aaa8,script,utilities,oracle/admin utilities helper: trg database logon par.,CHANGES,True,[],False,scripts/utilities/trg_database_logon_par.sql
oracle/admin:scripts/utilities/trg_database_logon_schema.sql,oracle/admin,scripts/utilities/trg_database_logon_schema.sql,.sql,1112,83625eee040f09a7deec4851821d604ecd75a54e80a8b2b29d879e8166d361a8,script,utilities,Oracle administration helper: trg database logon schema.,CHANGES,True,['variables'],False,scripts/utilities/trg_database_logon_schema.sql
oracle/admin:scripts/utilities/trigger_logon_error.sql,oracle/admin,scripts/utilities/trigger_logon_error.sql,.sql,2186,5ae2b7e5499f1f36ba9f52ea3af3d8ebfcaaa1cf7b747c19a3e1177912b56c6e,script,utilities,Oracle administration helper: trigger logon error.,CHANGES,True,"['MI', 'SS', 'variables']",False,scripts/utilities/trigger_logon_error.sql
oracle/admin:scripts/utilities/trigger_onschema.sql,oracle/admin,scripts/utilities/trigger_onschema.sql,.sql,1702,ef3e1eda8d1af681ba27563daab07465325bbc2be25d85075d85691ba1bb05cf,script,utilities,Oracle administration helper: trigger onschema.,CHANGES,True,['variables'],False,scripts/utilities/trigger_onschema.sql
oracle/admin:scripts/utilities/triggers_fixed_owner.sql,oracle/admin,scripts/utilities/triggers_fixed_owner.sql,.sql,3070,ec14e8a84fbf2dbf3a10062dcd58fd5a71156cabfb4cf5949cfd1680b2b465ea,script,utilities,Oracle administration helper: triggers fixed owner.,DESTRUCTIVE,True,['variables'],False,scripts/utilities/triggers_fixed_owner.sql
oracle/admin:scripts/utilities/ttab.sql,oracle/admin,scripts/utilities/ttab.sql,.sql,1294,5b91c0b1442534c58253f1b402aa16d28c1cbefe55192021adf10aef0db24064,script,utilities,Oracle administration helper: ttab.,READ_ONLY,True,['variables'],False,scripts/utilities/ttab.sql
oracle/admin:scripts/utilities/tuning7-92.sql,oracle/admin,scripts/utilities/tuning7-92.sql,.sql,23649,a9a4c96d6e39bb45acc21eefa654913b04019172c3840f0cb79d48e940d9e672,script,utilities,Oracle administration helper: tuning7 92.,CHANGES,True,"['sum', 'variables', 'xxv1', 'xxv2', 'xxv3']",False,scripts/utilities/tuning7-92.sql
oracle/admin:scripts/utilities/undo.sql,oracle/admin,scripts/utilities/undo.sql,.sql,2529,6c52864497ac79fd35a2c0856a60742a15354dbc29f7aec6a2178955813f62dc,script,utilities,Oracle administration helper: undo (2).,READ_ONLY,True,"['mi', 'ss', 'variables']",False,scripts/utilities/undo.sql
oracle/admin:scripts/utilities/undo9i.sql,oracle/admin,scripts/utilities/undo9i.sql,.sql,2527,0620807acb819b496ce0d5d41cfa6e9fb5cf9ecd5594aa78d46c8cce81800119,script,utilities,Oracle administration helper: undo9i.,READ_ONLY,True,"['mi', 'ss', 'variables']",False,scripts/utilities/undo9i.sql
oracle/admin:scripts/utilities/unindex.sql,oracle/admin,scripts/utilities/unindex.sql,.sql,4004,7cb10764da6af6a1673667a528bb40caa43e7fbcbe28fd7669ddb4a4b3ad7400,script,utilities,Oracle administration helper: unindex.,READ_ONLY,True,['variables'],False,scripts/utilities/unindex.sql
oracle/admin:scripts/utilities/unix.sql,oracle/admin,scripts/utilities/unix.sql,.sql,6354,ef444f5db1e62d119be9c53d476556946944bc9852bcff8e0a29e339d22121fa,script,utilities,Oracle administration helper: unix (2).,CHANGES,True,"['ID1', 'ID2', 'MI', 'ROW', 'SS', 'THREAD', 'TYPE', 'variables']",False,scripts/utilities/unix.sql
oracle/admin:scripts/utilities/update_massive_asselect.sql,oracle/admin,scripts/utilities/update_massive_asselect.sql,.sql,818,401cb8cfdeb421db16175692822e880cb5b83f40f11f7adabc08e158217f34e6,script,utilities,oracle/admin utilities helper: update massive asselect.,CHANGES,True,[],False,scripts/utilities/update_massive_asselect.sql
oracle/admin:scripts/utilities/update_sequence.sql,oracle/admin,scripts/utilities/update_sequence.sql,.sql,1975,37313e00c4dce3ff226c1c16a6dbe5409c50496ed8351886d15f3c6de672d3a5,script,utilities,Oracle administration helper: update sequence.,CHANGES,True,"['v_column_name', 'v_owner_sequence', 'v_owner_table', 'v_sequence_name', 'v_table_name', 'variables']",False,scripts/utilities/update_sequence.sql
oracle/admin:scripts/utilities/updates_masivos.sql,oracle/admin,scripts/utilities/updates_masivos.sql,.sql,5084,6e1b02de90010ca4b6cbe505ab5b6beb3fbcd67bdc869f9fd423bccc4bd0e367,script,utilities,Oracle administration helper: updates masivos.,DESTRUCTIVE,True,['variables'],False,scripts/utilities/updates_masivos.sql
oracle/admin:scripts/utilities/uptime.sql,oracle/admin,scripts/utilities/uptime.sql,.sql,1007,29cea89ac92eaf4ff8db720603b85522416363e2c6f6dff04583409a46edbd1f,script,utilities,Oracle administration helper: uptime.,READ_ONLY,True,['variables'],False,scripts/utilities/uptime.sql
oracle/admin:scripts/utilities/uso_memoria.sql,oracle/admin,scripts/utilities/uso_memoria.sql,.sql,2385,cbe785d61bbef196f03ac080915585f639b39805f95d8f779b32360a59f9bc80,script,utilities,Oracle administration helper: uso memoria.,READ_ONLY,True,['variables'],False,scripts/utilities/uso_memoria.sql
oracle/admin:scripts/utilities/usotemp.sql,oracle/admin,scripts/utilities/usotemp.sql,.sql,1105,7b850e0011d686ef614e5f70e8f6dd1912925406c6419bdc1dd77cef64b30ff2,script,utilities,oracle/admin utilities helper: usotemp.,READ_ONLY,True,[],False,scripts/utilities/usotemp.sql
oracle/admin:scripts/utilities/utl_file_write_example.sql,oracle/admin,scripts/utilities/utl_file_write_example.sql,.sql,1334,2741c8aa29275ad137d6508f39e47815ecf5c61b27eee99577209f61df12adb1,script,utilities,Oracle administration helper: utl file write example.,REVIEW,True,['variables'],False,scripts/utilities/utl_file_write_example.sql
oracle/admin:scripts/utilities/utl_recomp.sql,oracle/admin,scripts/utilities/utl_recomp.sql,.sql,1295,4fa5912e622327480bdf486d37e67b1f753a6556f9fc979e33149aa63e355fff,script,utilities,Oracle administration helper: utl recomp.,CHANGES,True,['variables'],False,scripts/utilities/utl_recomp.sql
oracle/admin:scripts/utilities/utlsampl_10g.sql,oracle/admin,scripts/utilities/utlsampl_10g.sql,.sql,3801,b3b85f1c66324d593a15023c2137efd3b5ed109d9ba0561db3541ed12971237c,script,utilities,Oracle administration helper: utlsampl 10g.,DESTRUCTIVE,True,['variables'],False,scripts/utilities/utlsampl_10g.sql
oracle/admin:scripts/utilities/v_unusable_indexes.sql,oracle/admin,scripts/utilities/v_unusable_indexes.sql,.sql,1225,c6bbbc2f06d00be50f2ac33bd5077f4f40a453e09dbd1e9ba07ad89f3004ec3e,script,utilities,oracle/admin utilities helper: v unusable indexes.,READ_ONLY,True,[],False,scripts/utilities/v_unusable_indexes.sql
oracle/admin:scripts/utilities/verLockeo.sql,oracle/admin,scripts/utilities/verLockeo.sql,.sql,4386,795b90ab4899466eab48499cce28db541316f06d2090c999b4c6343feea8c219,script,utilities,Oracle administration helper: verLockeo.,READ_ONLY,True,['variables'],False,scripts/utilities/verLockeo.sql
oracle/admin:scripts/utilities/verify_passwd.sql,oracle/admin,scripts/utilities/verify_passwd.sql,.sql,4759,83a47efcd8d75268816e0222520b6b1b6e6eb260dac7fd335e196404b13117ae,script,utilities,Oracle administration helper: verify passwd.,DESTRUCTIVE,True,['variables'],False,scripts/utilities/verify_passwd.sql
oracle/admin:scripts/utilities/version.sql,oracle/admin,scripts/utilities/version.sql,.sql,1029,e5d6c2c81c66a8a4f0677c88d6bf8bc21b11fd15a61744a04aa00930fb431894,script,utilities,Oracle administration helper: version.,READ_ONLY,True,['variables'],False,scripts/utilities/version.sql
oracle/admin:scripts/utilities/version_rpt3_12.sql,oracle/admin,scripts/utilities/version_rpt3_12.sql,.sql,14040,51dc5b22c13b98dc8e91d4af71a52945204d8c59038305a6d8f5bfab52411792,script,utilities,Oracle administration helper: version rpt3 12.,DESTRUCTIVE,True,"['CHAR_LENGTH', 'CHILD_ADDRESS', 'ISDEFAULT', 'OPTIMIZER_MISMATCH', 'SQL_ID', 'mi', 'v_hash', 'v_sql_id', 'variables']",False,scripts/utilities/version_rpt3_12.sql
oracle/admin:scripts/utilities/view_bind_variables.sql,oracle/admin,scripts/utilities/view_bind_variables.sql,.sql,1873,53081f7d7d2a48e40d0672d9543deb96ed6d35253634753b8777a6e92a87345b,script,utilities,oracle/admin utilities helper: view bind variables.,READ_ONLY,True,"['SQLID', 'parsing_schema_name', 'plan_hash_value']",False,scripts/utilities/view_bind_variables.sql
oracle/admin:scripts/utilities/wget - example.sh,oracle/admin,scripts/utilities/wget - example.sh,.sh,1224,8de9647904b174460dc969acff08b0666a95e12e8a2f1cc2e8a2d6b09dd15e0b,script,utilities,Oracle administration helper: wget example.,REVIEW,True,[],False,scripts/utilities/wget - example.sh
oracle/admin:scripts/utilities/wget.sh,oracle/admin,scripts/utilities/wget.sh,.sh,2840,1781bb5b50628718c04e150bfa994724186a5342bf5079d8dec3b69a8ce7b0e3,script,utilities,Oracle administration helper: wget.,READ_ONLY,True,"['COOKIE_FILE', 'DOWNLOAD_LINK', 'LANG', 'LOGDIR', 'LOGFILE', 'OUTPUT_DIR', 'WGET', 'arg1', 'patch_file']",False,scripts/utilities/wget.sh
oracle/admin:scripts/utilities/workbooks.sql,oracle/admin,scripts/utilities/workbooks.sql,.sql,4954,6ae3bab1ebe73f79d1fe468d85edc9bca5e8f33dac1d5efe6799d0735bfb38da,script,utilities,Oracle administration helper: workbooks.,READ_ONLY,True,['variables'],False,scripts/utilities/workbooks.sql
