source,destination,kind,category,applied
RMAN/10gR2_PhysicalStandByWithReal-Time.doc,docs/backup_recovery/rman/legacy_rman/10gR2_PhysicalStandByWithReal-Time.doc,documentation,backup_recovery/rman,yes
RMAN/ClonarBase/ClonarBase.cmd,scripts/backup_recovery/rman/legacy_rman/clonarbase/ClonarBase.cmd,script,backup_recovery/rman,yes
RMAN/ClonarBaseconRMAN.doc,docs/backup_recovery/rman/legacy_rman/ClonarBaseconRMAN.doc,documentation,backup_recovery/rman,yes
RMAN/Clonar_Database.pdf,docs/backup_recovery/rman/legacy_rman/Clonar_Database.pdf,documentation,backup_recovery/rman,yes
RMAN/Comandos.txt,docs/backup_recovery/rman/legacy_rman/Comandos.txt,documentation,backup_recovery/rman,yes
RMAN/Como configurar una arquitectura de alta disponibilidad con Oracle Standard Edition.doc,docs/backup_recovery/rman/legacy_rman/Como configurar una arquitectura de alta disponibilidad con Oracle Standard Edition.doc,documentation,backup_recovery/rman,yes
RMAN/Como montar un Oracle DataGuard con Phisical Standby en Oracle 10g.doc,docs/backup_recovery/rman/legacy_rman/Como montar un Oracle DataGuard con Phisical Standby en Oracle 10g.doc,documentation,backup_recovery/rman,yes
RMAN/ConsultasSQL.txt,docs/backup_recovery/rman/legacy_rman/ConsultasSQL.txt,documentation,backup_recovery/rman,yes
RMAN/CreacBaseDBA/CloneRmanRestore.sql,scripts/backup_recovery/rman/legacy_rman/creacbasedba/CloneRmanRestore.sql,script,backup_recovery/rman,yes
RMAN/CreacBaseDBA/cloneDBCreation.sql,scripts/backup_recovery/rman/legacy_rman/creacbasedba/cloneDBCreation.sql,script,backup_recovery/rman,yes
RMAN/CreacBaseDBA/dba.bat,scripts/backup_recovery/rman/legacy_rman/creacbasedba/dba.bat,script,backup_recovery/rman,yes
RMAN/CreacBaseDBA/dba.sql,scripts/backup_recovery/rman/legacy_rman/creacbasedba/dba.sql,script,backup_recovery/rman,yes
RMAN/CreacBaseDBA/init.ora,config/legacy_rman/creacbasedba/init.ora,config,backup_recovery/rman,yes
RMAN/CreacBaseDBA/initdbaTemp.ora,config/legacy_rman/creacbasedba/initdbaTemp.ora,config,backup_recovery/rman,yes
RMAN/CreacBaseDBA/postDBCreation.sql,scripts/backup_recovery/rman/legacy_rman/creacbasedba/postDBCreation.sql,script,backup_recovery/rman,yes
RMAN/CreacBaseDBA/postScripts.sql,scripts/backup_recovery/rman/legacy_rman/creacbasedba/postScripts.sql,script,backup_recovery/rman,yes
RMAN/Crear y Configurar un Catálogo RMAN.doc,docs/backup_recovery/rman/legacy_rman/Crear y Configurar un Catálogo RMAN.doc,documentation,backup_recovery/rman,yes
RMAN/Creating Physical Standby using RMAN Duplicate Without Shutting down The Primary.pdf,docs/backup_recovery/rman/legacy_rman/Creating Physical Standby using RMAN Duplicate Without Shutting down The Primary.pdf,documentation,backup_recovery/rman,yes
RMAN/Habilitar Archivado de Logs.doc,docs/backup_recovery/rman/legacy_rman/Habilitar Archivado de Logs.doc,documentation,backup_recovery/rman,yes
RMAN/IncrementalCM.rman,scripts/backup_recovery/rman/legacy_rman/IncrementalCM.rman,script,backup_recovery/rman,yes
RMAN/NombreArchivoyTamanChangeTraking.txt,docs/backup_recovery/rman/legacy_rman/NombreArchivoyTamanChangeTraking.txt,documentation,backup_recovery/rman,yes
RMAN/PasosParaRestaurarBasedesdeRMANenOtroServer.txt,docs/backup_recovery/rman/legacy_rman/PasosParaRestaurarBasedesdeRMANenOtroServer.txt,documentation,backup_recovery/rman,yes
RMAN/RMAN/Scripts-PERU-PROD/scripts_rman/ejecutaBKPDatafile.sh,scripts/backup_recovery/rman/legacy_rman/scripts_peru_prod/scripts_rman/ejecutaBKPDatafile.sh,script,backup_recovery/rman,yes
RMAN/RMAN/Scripts-PERU-PROD/scripts_rman/ejecutaBKPFull.sh,scripts/backup_recovery/rman/legacy_rman/scripts_peru_prod/scripts_rman/ejecutaBKPFull.sh,script,backup_recovery/rman,yes
RMAN/RMAN/Scripts-PERU-PROD/scripts_rman/ejecutaRestoreDatafile.sh,scripts/backup_recovery/rman/legacy_rman/scripts_peru_prod/scripts_rman/ejecutaRestoreDatafile.sh,script,backup_recovery/rman,yes
RMAN/RMAN/Scripts-PERU-PROD/scripts_rman/ejecutaRestoreFull.sh,scripts/backup_recovery/rman/legacy_rman/scripts_peru_prod/scripts_rman/ejecutaRestoreFull.sh,script,backup_recovery/rman,yes
RMAN/RMAN/Scripts-PERU-PROD/scripts_rman/ejecutaRestoreTablespace.sh,scripts/backup_recovery/rman/legacy_rman/scripts_peru_prod/scripts_rman/ejecutaRestoreTablespace.sh,script,backup_recovery/rman,yes
RMAN/RMAN/Scripts-PERU-PROD/scripts_rman/ejecutaRestoreTime.sh,scripts/backup_recovery/rman/legacy_rman/scripts_peru_prod/scripts_rman/ejecutaRestoreTime.sh,script,backup_recovery/rman,yes
RMAN/RMAN/Scripts-PERU-PROD/scripts_rman/ejecuta_mail.sql,scripts/backup_recovery/rman/legacy_rman/scripts_peru_prod/scripts_rman/ejecuta_mail.sql,script,backup_recovery/rman,yes
RMAN/RMAN/Scripts-PERU-PROD/scripts_rman/full.sql,scripts/backup_recovery/rman/legacy_rman/scripts_peru_prod/scripts_rman/full.sql,script,backup_recovery/rman,yes
RMAN/RMAN/Scripts-PERU-PROD/scripts_rman/restoreDatafile.sql,scripts/backup_recovery/rman/legacy_rman/scripts_peru_prod/scripts_rman/restoreDatafile.sql,script,backup_recovery/rman,yes
RMAN/RMAN/Scripts-PERU-PROD/scripts_rman/restoreFull.sql,scripts/backup_recovery/rman/legacy_rman/scripts_peru_prod/scripts_rman/restoreFull.sql,script,backup_recovery/rman,yes
RMAN/RMAN/Scripts-PERU-PROD/scripts_rman/restoreTablespace.sql,scripts/backup_recovery/rman/legacy_rman/scripts_peru_prod/scripts_rman/restoreTablespace.sql,script,backup_recovery/rman,yes
RMAN/RMAN/Scripts-PERU-PROD/scripts_rman/restoreTime.sql,scripts/backup_recovery/rman/legacy_rman/scripts_peru_prod/scripts_rman/restoreTime.sql,script,backup_recovery/rman,yes
RMAN/RMAN/level0.cmd,scripts/backup_recovery/rman/legacy_rman/level0.cmd,script,backup_recovery/rman,yes
RMAN/RMAN/level1.cmd,scripts/backup_recovery/rman/legacy_rman/level1.cmd,script,backup_recovery/rman,yes
RMAN/RMAN/restoreFull.cmd,scripts/backup_recovery/rman/legacy_rman/restoreFull.cmd,script,backup_recovery/rman,yes
RMAN/RMAN Incremental Backups.doc,docs/backup_recovery/rman/legacy_rman/RMAN Incremental Backups.doc,documentation,backup_recovery/rman,yes
RMAN/RMAN-BlockChangeTracking.doc,docs/backup_recovery/rman/legacy_rman/RMAN-BlockChangeTracking.doc,documentation,backup_recovery/rman,yes
RMAN/RMAN.PolBackup.pdf,docs/backup_recovery/rman/legacy_rman/RMAN.PolBackup.pdf,documentation,backup_recovery/rman,yes
RMAN/RManIncrementalMerge(forRecover).doc,docs/backup_recovery/rman/legacy_rman/RManIncrementalMerge(forRecover).doc,documentation,backup_recovery/rman,yes
RMAN/ReplicarRMAN.doc,docs/backup_recovery/rman/legacy_rman/ReplicarRMAN.doc,documentation,backup_recovery/rman,yes
RMAN/Restaurar un Backup de RMAN en otro Servidor.doc,docs/backup_recovery/rman/legacy_rman/Restaurar un Backup de RMAN en otro Servidor.doc,documentation,backup_recovery/rman,yes
RMAN/RestaurarRMANSinBase!!!.sh,scripts/backup_recovery/rman/legacy_rman/RestaurarRMANSinBase!!!.sh,script,backup_recovery/rman,yes
RMAN/RestaurarRMANSinBase!!!.txt,docs/backup_recovery/rman/legacy_rman/RestaurarRMANSinBase!!!.txt,documentation,backup_recovery/rman,yes
RMAN/RestaurarRMANSinBase!!!Windows.txt,docs/backup_recovery/rman/legacy_rman/RestaurarRMANSinBase!!!Windows.txt,documentation,backup_recovery/rman,yes
RMAN/RestoreUntilSequence.sql,scripts/backup_recovery/rman/legacy_rman/RestoreUntilSequence.sql,script,backup_recovery/rman,yes
RMAN/Rman y cómo catalogar Backups.doc,docs/backup_recovery/rman/legacy_rman/Rman y cómo catalogar Backups.doc,documentation,backup_recovery/rman,yes
RMAN/RmanCreateScripts.sql,scripts/backup_recovery/rman/legacy_rman/RmanCreateScripts.sql,script,backup_recovery/rman,yes
RMAN/Scripts/LinuxLVL0.sh,scripts/backup_recovery/rman/legacy_rman/scripts/LinuxLVL0.sh,script,backup_recovery/rman,yes
RMAN/Scripts/LinuxLVL1.sh,scripts/backup_recovery/rman/legacy_rman/scripts/LinuxLVL1.sh,script,backup_recovery/rman,yes
RMAN/Scripts/scriptsRMANCopy/scripts/CPData/CopyDatRMAN.rman,scripts/backup_recovery/rman/legacy_rman/scripts/scriptsrmancopy/scripts/cpdata/CopyDatRMAN.rman,script,backup_recovery/rman,yes
RMAN/Scripts/scriptsRMANCopy/scripts/CPData/ExecControlF.bat,scripts/backup_recovery/rman/legacy_rman/scripts/scriptsrmancopy/scripts/cpdata/ExecControlF.bat,script,backup_recovery/rman,yes
RMAN/Scripts/scriptsRMANCopy/scripts/CPData/ExecRman.bat,scripts/backup_recovery/rman/legacy_rman/scripts/scriptsrmancopy/scripts/cpdata/ExecRman.bat,script,backup_recovery/rman,yes
RMAN/Scripts/scriptsRMANCopy/scripts/CPData/cStandByCtl.sql,scripts/backup_recovery/rman/legacy_rman/scripts/scriptsrmancopy/scripts/cpdata/cStandByCtl.sql,script,backup_recovery/rman,yes
RMAN/Scripts/scriptsRMANCopy/scripts/CPData/logs/log_rman_copy_CM.log,generated/legacy_rman/scripts/scriptsrmancopy/scripts/cpdata/logs/log_rman_copy_CM.log,generated_output,backup_recovery/rman,yes
RMAN/Scripts/scriptsRMANCopy/scripts/Scripts/Borrar_Archives.vbs,scripts/backup_recovery/rman/legacy_rman/scripts/scriptsrmancopy/scripts/scripts/Borrar_Archives.vbs,script,backup_recovery/rman,yes
RMAN/Scripts/scriptsRMANCopy/scripts/Scripts/CONTROLFSTB.CTL,archive/review/legacy_rman/scripts/scriptsrmancopy/scripts/scripts/CONTROLFSTB.CTL,unknown,backup_recovery/rman,yes
RMAN/Scripts/scriptsRMANCopy/scripts/Scripts/Copiar_Archives.bat,scripts/backup_recovery/rman/legacy_rman/scripts/scriptsrmancopy/scripts/scripts/Copiar_Archives.bat,script,backup_recovery/rman,yes
RMAN/Scripts/scriptsRMANCopy/scripts/Scripts/Copiar_Datafiles.bat,scripts/backup_recovery/rman/legacy_rman/scripts/scriptsrmancopy/scripts/scripts/Copiar_Datafiles.bat,script,backup_recovery/rman,yes
RMAN/Scripts/scriptsRMANCopy/scripts/Scripts/ExecRecover.bat,scripts/backup_recovery/rman/legacy_rman/scripts/scriptsrmancopy/scripts/scripts/ExecRecover.bat,script,backup_recovery/rman,yes
RMAN/Scripts/scriptsRMANCopy/scripts/Scripts/INITcm.ORA,config/legacy_rman/scripts/scriptsrmancopy/scripts/scripts/INITcm.ORA,config,backup_recovery/rman,yes
RMAN/Scripts/scriptsRMANCopy/scripts/Scripts/INITcmSwitch.ORA,config/legacy_rman/scripts/scriptsrmancopy/scripts/scripts/INITcmSwitch.ORA,config,backup_recovery/rman,yes
RMAN/Scripts/scriptsRMANCopy/scripts/Scripts/SwitchBackSTB.bat,scripts/backup_recovery/rman/legacy_rman/scripts/scriptsrmancopy/scripts/scripts/SwitchBackSTB.bat,script,backup_recovery/rman,yes
RMAN/Scripts/scriptsRMANCopy/scripts/Scripts/SwitchOverSTB.bat,scripts/backup_recovery/rman/legacy_rman/scripts/scriptsrmancopy/scripts/scripts/SwitchOverSTB.bat,script,backup_recovery/rman,yes
RMAN/Scripts/scriptsRMANCopy/scripts/Scripts/cRecoverSTB.sql,scripts/backup_recovery/rman/legacy_rman/scripts/scriptsrmancopy/scripts/scripts/cRecoverSTB.sql,script,backup_recovery/rman,yes
RMAN/Scripts/scriptsRMANCopy/scripts/Scripts/logs/copia_archives.log,generated/legacy_rman/scripts/scriptsrmancopy/scripts/scripts/logs/copia_archives.log,generated_output,backup_recovery/rman,yes
RMAN/Scripts/scriptsRMANCopy/scripts/Scripts/logs/copia_datafiles.log,generated/legacy_rman/scripts/scriptsrmancopy/scripts/scripts/logs/copia_datafiles.log,generated_output,backup_recovery/rman,yes
RMAN/Scripts/scriptsRMANCopy/scripts/Scripts/logs/log_recover.log,generated/legacy_rman/scripts/scriptsrmancopy/scripts/scripts/logs/log_recover.log,generated_output,backup_recovery/rman,yes
RMAN/Scripts/scriptsRMANCopy/scripts/Scripts/logs/switchBack.log,generated/legacy_rman/scripts/scriptsrmancopy/scripts/scripts/logs/switchBack.log,generated_output,backup_recovery/rman,yes
RMAN/Scripts/scriptsRMANCopy/scripts/Scripts/logs/switchOver.log,generated/legacy_rman/scripts/scriptsrmancopy/scripts/scripts/logs/switchOver.log,generated_output,backup_recovery/rman,yes
RMAN/UltimoSCNRMAN.txt,docs/backup_recovery/rman/legacy_rman/UltimoSCNRMAN.txt,documentation,backup_recovery/rman,yes
RMAN/VariablesdeRMAN.doc,docs/backup_recovery/rman/legacy_rman/VariablesdeRMAN.doc,documentation,backup_recovery/rman,yes
RMAN/Varios/BkpBin.cmd,scripts/backup_recovery/rman/legacy_rman/varios/BkpBin.cmd,script,backup_recovery/rman,yes
RMAN/Varios/BkpPASS.cmd,scripts/backup_recovery/rman/legacy_rman/varios/BkpPASS.cmd,script,backup_recovery/rman,yes
RMAN/Varios/RestoreTime.sql,scripts/backup_recovery/rman/legacy_rman/varios/RestoreTime.sql,script,backup_recovery/rman,yes
RMAN/Varios/backdatafile3.sql,scripts/backup_recovery/rman/legacy_rman/varios/backdatafile3.sql,script,backup_recovery/rman,yes
RMAN/Varios/backdatafile6.sql,scripts/backup_recovery/rman/legacy_rman/varios/backdatafile6.sql,script,backup_recovery/rman,yes
RMAN/Varios/ejcutaBKPInc.cmd,scripts/backup_recovery/rman/legacy_rman/varios/ejcutaBKPInc.cmd,script,backup_recovery/rman,yes
RMAN/Varios/ejcutaBKPInc2.bat,scripts/backup_recovery/rman/legacy_rman/varios/ejcutaBKPInc2.bat,script,backup_recovery/rman,yes
RMAN/Varios/ejecutaBKPDatafile3.cmd,scripts/backup_recovery/rman/legacy_rman/varios/ejecutaBKPDatafile3.cmd,script,backup_recovery/rman,yes
RMAN/Varios/ejecutaBKPDatafile6.cmd,scripts/backup_recovery/rman/legacy_rman/varios/ejecutaBKPDatafile6.cmd,script,backup_recovery/rman,yes
RMAN/Varios/ejecutaBKPFull.cmd,scripts/backup_recovery/rman/legacy_rman/varios/ejecutaBKPFull.cmd,script,backup_recovery/rman,yes
RMAN/Varios/ejecutaRestoreFull.cmd,scripts/backup_recovery/rman/legacy_rman/varios/ejecutaRestoreFull.cmd,script,backup_recovery/rman,yes
RMAN/Varios/ejecutaRestoreTime.cmd,scripts/backup_recovery/rman/legacy_rman/varios/ejecutaRestoreTime.cmd,script,backup_recovery/rman,yes
RMAN/Varios/ejecuta_mail.sql,scripts/backup_recovery/rman/legacy_rman/varios/ejecuta_mail.sql,script,backup_recovery/rman,yes
RMAN/Varios/ejecutarRestoreDatafile.cmd,scripts/backup_recovery/rman/legacy_rman/varios/ejecutarRestoreDatafile.cmd,script,backup_recovery/rman,yes
RMAN/Varios/ejecutarRestoreTablepace.cmd,scripts/backup_recovery/rman/legacy_rman/varios/ejecutarRestoreTablepace.cmd,script,backup_recovery/rman,yes
RMAN/Varios/full.sql,scripts/backup_recovery/rman/legacy_rman/varios/full.sql,script,backup_recovery/rman,yes
RMAN/Varios/incremental.sql,scripts/backup_recovery/rman/legacy_rman/varios/incremental.sql,script,backup_recovery/rman,yes
RMAN/Varios/incremental2.sql,scripts/backup_recovery/rman/legacy_rman/varios/incremental2.sql,script,backup_recovery/rman,yes
RMAN/Varios/restoreDatafile.sql,scripts/backup_recovery/rman/legacy_rman/varios/restoreDatafile.sql,script,backup_recovery/rman,yes
RMAN/Varios/restoreDatafile3.sql,scripts/backup_recovery/rman/legacy_rman/varios/restoreDatafile3.sql,script,backup_recovery/rman,yes
RMAN/Varios/restoreFull.sql,scripts/backup_recovery/rman/legacy_rman/varios/restoreFull.sql,script,backup_recovery/rman,yes
RMAN/Varios/restoreTablespace.sql,scripts/backup_recovery/rman/legacy_rman/varios/restoreTablespace.sql,script,backup_recovery/rman,yes
RMAN/Varios/varios.log,generated/legacy_rman/varios/varios.log,generated_output,backup_recovery/rman,yes
RMAN/Windows/IncrementalCM.rman,scripts/backup_recovery/rman/legacy_rman/windows/IncrementalCM.rman,script,backup_recovery/rman,yes
RMAN/Windows/fullCM.rman,scripts/backup_recovery/rman/legacy_rman/windows/fullCM.rman,script,backup_recovery/rman,yes
RMAN/Windows/rmanCM_Incremental.cmd,scripts/backup_recovery/rman/legacy_rman/windows/rmanCM_Incremental.cmd,script,backup_recovery/rman,yes
RMAN/Windows/rmanCM_full.cmd,scripts/backup_recovery/rman/legacy_rman/windows/rmanCM_full.cmd,script,backup_recovery/rman,yes
RMAN/Windows/script_ejec_rman.cmd,scripts/backup_recovery/rman/legacy_rman/windows/script_ejec_rman.cmd,script,backup_recovery/rman,yes
RMAN/full.rman,scripts/backup_recovery/rman/legacy_rman/full.rman,script,backup_recovery/rman,yes
RMAN/fullCM.rman,scripts/backup_recovery/rman/legacy_rman/fullCM.rman,script,backup_recovery/rman,yes
RMAN/recover_standby_from_incrementalbkp.docx,docs/backup_recovery/rman/legacy_rman/recover_standby_from_incrementalbkp.docx,documentation,backup_recovery/rman,yes
RMAN/rmanCM_Incremental.cmd,scripts/backup_recovery/rman/legacy_rman/rmanCM_Incremental.cmd,script,backup_recovery/rman,yes
RMAN/rmanCM_full.cmd,scripts/backup_recovery/rman/legacy_rman/rmanCM_full.cmd,script,backup_recovery/rman,yes
RMAN/rmanRestoreDatafiles.sql,scripts/backup_recovery/rman/legacy_rman/rmanRestoreDatafiles.sql,script,backup_recovery/rman,yes
RMAN/scriptsRMANCopy.rar,archive/bundles/legacy_rman/scriptsRMANCopy.rar,archive_bundle,backup_recovery/rman,yes
RMAN/standby_ RMAN.doc,docs/backup_recovery/rman/legacy_rman/standby_ RMAN.doc,documentation,backup_recovery/rman,yes
scripts/10gDB.sh,scripts/utilities/10gDB.sh,script,utilities,yes
scripts/10gEM.sh,scripts/utilities/10gEM.sh,script,utilities,yes
scripts/10genv.sh,scripts/utilities/10genv.sh,script,utilities,yes
scripts/11gDB.sh,scripts/utilities/11gDB.sh,script,utilities,yes
scripts/11gEM.sh,scripts/utilities/11gEM.sh,script,utilities,yes
scripts/11genv.sh,scripts/utilities/11genv.sh,script,utilities,yes
scripts/ASMM_RESIZE.TXT,docs/storage/ASMM_RESIZE.TXT,documentation,storage,yes
scripts/AnalyzeNonShared.sql,scripts/maintenance/stats/AnalyzeNonShared.sql,script,maintenance/stats,yes
scripts/AnalyzeNonSharedRAC.sql,scripts/platform/rac/AnalyzeNonSharedRAC.sql,script,platform/rac,yes
scripts/Auditoria.sql,scripts/security/Auditoria.sql,script,security,yes
scripts/BloquearMSNMessenger.log,docs/utilities/BloquearMSNMessenger.log,documentation,utilities,yes
scripts/Cache_Hits(1).sql,scripts/utilities/Cache_Hits(1).sql,script,utilities,yes
scripts/Cache_Hits.sql,scripts/utilities/Cache_Hits.sql,script,utilities,yes
scripts/CandidateSearch10RAC.sql,scripts/platform/rac/CandidateSearch10RAC.sql,script,platform/rac,yes
scripts/Check_stale_stats (2).sql,scripts/performance/sql_tuning/Check_stale_stats (2).sql,script,performance/sql_tuning,yes
scripts/CloneRmanRestore.sql,scripts/backup_recovery/rman/CloneRmanRestore.sql,script,backup_recovery/rman,yes
scripts/Crear_tabla_as_select_sin_registros.sql,scripts/utilities/Crear_tabla_as_select_sin_registros.sql,script,utilities,yes
scripts/CreateQueues.sql,scripts/utilities/CreateQueues.sql,script,utilities,yes
scripts/CurrentSQLRAC.sql,scripts/platform/rac/CurrentSQLRAC.sql,script,platform/rac,yes
scripts/CursorEfficiency.sql,scripts/utilities/CursorEfficiency.sql,script,utilities,yes
scripts/CursorInfoRAC.sql,scripts/platform/rac/CursorInfoRAC.sql,script,platform/rac,yes
scripts/DBA_HIST_ACTIVE_SESS_HISTORY_temp.sql,scripts/diagnostics/sessions_waits/DBA_HIST_ACTIVE_SESS_HISTORY_temp.sql,script,diagnostics/sessions_waits,yes
scripts/DBA_HIST_ACTIVE_SESS_HISTORY_temp_avg_hour.sql,scripts/diagnostics/sessions_waits/DBA_HIST_ACTIVE_SESS_HISTORY_temp_avg_hour.sql,script,diagnostics/sessions_waits,yes
scripts/DG_troubleshooting.sql,scripts/utilities/DG_troubleshooting.sql,script,utilities,yes
scripts/DOT_ORI.sql,scripts/utilities/DOT_ORI.sql,script,utilities,yes
scripts/DataGuard.txt,docs/backup_recovery/dataguard/DataGuard.txt,documentation,backup_recovery/dataguard,yes
scripts/Default_Tmp_Tablespace_Database.sql,docs/storage/Default_Tmp_Tablespace_Database.sql,documentation,storage,yes
scripts/EBSbugs.sql,scripts/utilities/EBSbugs.sql,script,utilities,yes
scripts/EBSprods.sql,scripts/utilities/EBSprods.sql,script,utilities,yes
scripts/Ej_Identificar_Trace.txt,docs/platform/rac/Ej_Identificar_Trace.txt,documentation,platform/rac,yes
scripts/Ejemplo_informe_1.doc,docs/utilities/Ejemplo_informe_1.doc,documentation,utilities,yes
scripts/Eliminar_estadísticas.log,generated/Eliminar_estadísticas.log,generated_output,utilities,yes
scripts/GARDWOP_Alternativa_Backup_DCabrera.doc,docs/utilities/GARDWOP_Alternativa_Backup_DCabrera.doc,documentation,utilities,yes
scripts/GENUS_ODS_ALTER.txt,docs/utilities/GENUS_ODS_ALTER.txt,documentation,utilities,yes
scripts/GUATEMALA_SHADOW_INSERT_04092014.log,generated/GUATEMALA_SHADOW_INSERT_04092014.log,generated_output,utilities,yes
scripts/HardParses.sql,scripts/utilities/HardParses.sql,script,utilities,yes
scripts/How to enable disable async IO for oracle on HP-UX.html,generated/How to enable disable async IO for oracle on HP-UX.html,generated_output,platform/rac,yes
scripts/Identific_Procesos_usuarios.sql,scripts/utilities/Identific_Procesos_usuarios.sql,script,utilities,yes
scripts/IndicesFuncionesEjemplo.sql,scripts/utilities/IndicesFuncionesEjemplo.sql,script,utilities,yes
scripts/Keep_Cache_.sql,scripts/utilities/Keep_Cache_.sql,script,utilities,yes
scripts/LCObjectsStats.sql,scripts/performance/sql_tuning/LCObjectsStats.sql,script,performance/sql_tuning,yes
scripts/LP_analysis.txt,docs/utilities/LP_analysis.txt,documentation,utilities,yes
scripts/Lectura_a_disco.sql,scripts/utilities/Lectura_a_disco.sql,script,utilities,yes
scripts/LibCacheOverview10g.sql,scripts/utilities/LibCacheOverview10g.sql,script,utilities,yes
scripts/LibCacheOverview10gRAC.sql,scripts/platform/rac/LibCacheOverview10gRAC.sql,script,platform/rac,yes
scripts/LibCacheOverview9i.sql,scripts/utilities/LibCacheOverview9i.sql,script,utilities,yes
scripts/LibCacheOverview9iRAC.sql,scripts/platform/rac/LibCacheOverview9iRAC.sql,script,platform/rac,yes
scripts/Literals10g.sql,scripts/utilities/Literals10g.sql,script,utilities,yes
scripts/Literals9i.sql,scripts/utilities/Literals9i.sql,script,utilities,yes
scripts/Lockeos10G.sql,scripts/utilities/Lockeos10G.sql,script,utilities,yes
scripts/LogFileSwitchHistory.sql,scripts/utilities/LogFileSwitchHistory.sql,script,utilities,yes
scripts/Loks10g.sql,scripts/utilities/Loks10g.sql,script,utilities,yes
scripts/Long Rollbacks.sql,scripts/utilities/Long Rollbacks.sql,script,utilities,yes
scripts/MemoriaOcupadaxProceduresPack.sql,scripts/utilities/MemoriaOcupadaxProceduresPack.sql,script,utilities,yes
scripts/Miner_LOG.sql,scripts/utilities/Miner_LOG.sql,script,utilities,yes
scripts/Mvtabs.sql,scripts/utilities/Mvtabs.sql,script,utilities,yes
scripts/ORACLE_MEMORY_USAGE_SNAPSHOT_CDB233_20211209_093036.LST,generated/ORACLE_MEMORY_USAGE_SNAPSHOT_CDB233_20211209_093036.LST,generated_output,platform/rac,yes
scripts/ORACLE_MEMORY_USAGE_SNAPSHOT_CDB233_20211209_172747.LST,generated/ORACLE_MEMORY_USAGE_SNAPSHOT_CDB233_20211209_172747.LST,generated_output,platform/rac,yes
scripts/ORACLE_MEMORY_USAGE_SNAPSHOT_CDB233_20211209_175731.LST,generated/ORACLE_MEMORY_USAGE_SNAPSHOT_CDB233_20211209_175731.LST,generated_output,platform/rac,yes
scripts/ORACLE_MEMORY_USAGE_SNAPSHOT_CDB287D_20210920_093325.LST,generated/ORACLE_MEMORY_USAGE_SNAPSHOT_CDB287D_20210920_093325.LST,generated_output,platform/rac,yes
scripts/ORACLE_MEMORY_USAGE_SNAPSHOT__20211113_115606.LST,generated/ORACLE_MEMORY_USAGE_SNAPSHOT__20211113_115606.LST,generated_output,platform/rac,yes
scripts/OWB_refrescos.sql,scripts/utilities/OWB_refrescos.sql,script,utilities,yes
scripts/OpatchAttachhome.txt,docs/utilities/OpatchAttachhome.txt,documentation,utilities,yes
scripts/Oracle and RAID Levels.txt,docs/platform/rac/Oracle and RAID Levels.txt,documentation,platform/rac,yes
scripts/PGA_OrdenamientosenDisco.sql,scripts/utilities/PGA_OrdenamientosenDisco.sql,script,utilities,yes
scripts/PGA_SESION.sql,scripts/utilities/PGA_SESION.sql,script,utilities,yes
scripts/Parallel_Query.sql,scripts/utilities/Parallel_Query.sql,script,utilities,yes
scripts/PinCandidates.sql,scripts/utilities/PinCandidates.sql,script,utilities,yes
scripts/PinnedCode.sql,scripts/utilities/PinnedCode.sql,script,utilities,yes
scripts/PoolAdvice.sql,scripts/utilities/PoolAdvice.sql,script,utilities,yes
scripts/PostgreSQL_Monit.sql,scripts/utilities/PostgreSQL_Monit.sql,script,utilities,yes
scripts/Privilegios.sql,scripts/security/Privilegios.sql,script,security,yes
scripts/ProdtvPeru.sql,scripts/utilities/ProdtvPeru.sql,script,utilities,yes
scripts/ProductsOA11i.sql,scripts/utilities/ProductsOA11i.sql,script,utilities,yes
scripts/Protection Modes.doc,docs/utilities/Protection Modes.doc,documentation,utilities,yes
scripts/Queries_AnalyticExamples.sql,scripts/utilities/Queries_AnalyticExamples.sql,script,utilities,yes
scripts/Query Rpt109.sql,scripts/utilities/Query Rpt109.sql,script,utilities,yes
scripts/ReservedAnalysis.sql,scripts/utilities/ReservedAnalysis.sql,script,utilities,yes
scripts/ReservedAnalysisRAC.sql,scripts/platform/rac/ReservedAnalysisRAC.sql,script,platform/rac,yes
scripts/Runstats.sql,scripts/performance/sql_tuning/Runstats.sql,script,performance/sql_tuning,yes
scripts/SGAComponents.sql,scripts/utilities/SGAComponents.sql,script,utilities,yes
scripts/SGAComponents11g.sql,scripts/utilities/SGAComponents11g.sql,script,utilities,yes
scripts/SGAComponents11gRAC.sql,scripts/platform/rac/SGAComponents11gRAC.sql,script,platform/rac,yes
scripts/SGAComponentsRAC.sql,scripts/platform/rac/SGAComponentsRAC.sql,script,platform/rac,yes
scripts/SGAParameters.sql,scripts/utilities/SGAParameters.sql,script,utilities,yes
scripts/SGAParameters11g.sql,scripts/utilities/SGAParameters11g.sql,script,utilities,yes
scripts/SGAParametersRAC.sql,scripts/platform/rac/SGAParametersRAC.sql,script,platform/rac,yes
scripts/SGAStat.sql,scripts/utilities/SGAStat.sql,script,utilities,yes
scripts/SGAStatRAC.sql,scripts/platform/rac/SGAStatRAC.sql,script,platform/rac,yes
scripts/SQLMemory10g.sql,scripts/utilities/SQLMemory10g.sql,script,utilities,yes
scripts/SQLMemory11g.sql,scripts/utilities/SQLMemory11g.sql,script,utilities,yes
scripts/SQLMemory9i.sql,scripts/utilities/SQLMemory9i.sql,script,utilities,yes
scripts/SQLStats.sql,scripts/performance/sql_tuning/SQLStats.sql,script,performance/sql_tuning,yes
scripts/SQLVersions10g.sql,scripts/utilities/SQLVersions10g.sql,script,utilities,yes
scripts/SQLVersions11g.sql,scripts/utilities/SQLVersions11g.sql,script,utilities,yes
scripts/SQLVersions9i.sql,scripts/utilities/SQLVersions9i.sql,script,utilities,yes
scripts/SQL_Usuario_consume_mayor_recurso.sql,scripts/utilities/SQL_Usuario_consume_mayor_recurso.sql,script,utilities,yes
scripts/SQL_actual_de_Usuario.sql,scripts/utilities/SQL_actual_de_Usuario.sql,script,utilities,yes
scripts/SRDC_DB_ORA4031SP_CDB255_20211001_115929.htm,generated/SRDC_DB_ORA4031SP_CDB255_20211001_115929.htm,generated_output,utilities,yes
scripts/Scheduler10g.sql,scripts/maintenance/scheduler/Scheduler10g.sql,script,maintenance/scheduler,yes
scripts/Script_Creac_Indices.sql,scripts/utilities/Script_Creac_Indices.sql,script,utilities,yes
scripts/SelectESDatos.log,generated/SelectESDatos.log,generated_output,utilities,yes
scripts/SelectTablasExport.sql,scripts/utilities/SelectTablasExport.sql,script,utilities,yes
scripts/SessionesConsumenMuchaPGA.sql,scripts/diagnostics/sessions_waits/SessionesConsumenMuchaPGA.sql,script,diagnostics/sessions_waits,yes
scripts/Step by step cambio de puerto scan_listener ambiente dataguard con broker.txt,docs/backup_recovery/dataguard/Step by step cambio de puerto scan_listener ambiente dataguard con broker.txt,documentation,backup_recovery/dataguard,yes
scripts/Trace/EncontrarTracedeSesion.doc,docs/platform/rac/trace/EncontrarTracedeSesion.doc,documentation,platform/rac,yes
scripts/Trace/Oracle SQL_trace-tkprof.doc,docs/platform/rac/trace/Oracle SQL_trace-tkprof.doc,documentation,platform/rac,yes
scripts/TrendSGAstats.sql,scripts/performance/sql_tuning/TrendSGAstats.sql,script,performance/sql_tuning,yes
scripts/TrendsLC.sql,scripts/utilities/TrendsLC.sql,script,utilities,yes
scripts/Tuns.sql,scripts/utilities/Tuns.sql,script,utilities,yes
scripts/UnixstorageXuser.txt,docs/security/UnixstorageXuser.txt,documentation,security,yes
scripts/Uso_Actual_de_componentes_en_memoria.sql,scripts/utilities/Uso_Actual_de_componentes_en_memoria.sql,script,utilities,yes
scripts/Ver_posicion_indices_FK (2).sql,scripts/utilities/Ver_posicion_indices_FK (2).sql,script,utilities,yes
scripts/Ver_posicion_indices_FK.sql,scripts/utilities/Ver_posicion_indices_FK.sql,script,utilities,yes
scripts/a_sql.sql,scripts/utilities/a_sql.sql,script,utilities,yes
scripts/aa.LST,generated/aa.LST,generated_output,utilities,yes
scripts/abjobdefid.sql,scripts/maintenance/scheduler/abjobdefid.sql,script,maintenance/scheduler,yes
scripts/accessobj.sql,scripts/utilities/accessobj.sql,script,utilities,yes
scripts/acfs_create.sh,scripts/storage/acfs_create.sh,script,storage,yes
scripts/acfs_drop.sh,scripts/storage/acfs_drop.sh,script,storage,yes
scripts/acfs_mount.sh,scripts/storage/acfs_mount.sh,script,storage,yes
scripts/acfs_resize.sh,scripts/storage/acfs_resize.sh,script,storage,yes
scripts/acfs_throubleshooting.sh,scripts/storage/acfs_throubleshooting.sh,script,storage,yes
scripts/acfs_volinfo.sh,scripts/storage/acfs_volinfo.sh,script,storage,yes
scripts/active_dataguard.sql,scripts/backup_recovery/dataguard/active_dataguard.sql,script,backup_recovery/dataguard,yes
scripts/active_services.sql,scripts/utilities/active_services.sql,script,utilities,yes
scripts/active_session_history.sql,scripts/diagnostics/sessions_waits/active_session_history.sql,script,diagnostics/sessions_waits,yes
scripts/active_session_history_active_sessions_count.sql,scripts/diagnostics/sessions_waits/active_session_history_active_sessions_count.sql,script,diagnostics/sessions_waits,yes
scripts/active_session_history_gc_buffer.sql,scripts/diagnostics/sessions_waits/active_session_history_gc_buffer.sql,script,diagnostics/sessions_waits,yes
scripts/active_session_history_wait.sql,scripts/diagnostics/sessions_waits/active_session_history_wait.sql,script,diagnostics/sessions_waits,yes
scripts/active_sessions_sql.sql,scripts/diagnostics/sessions_waits/active_sessions_sql.sql,script,diagnostics/sessions_waits,yes
scripts/add_partitions.sql,scripts/utilities/add_partitions.sql,script,utilities,yes
scripts/add_sql_stability_baseline.sql,scripts/utilities/add_sql_stability_baseline.sql,script,utilities,yes
scripts/addm_rep.sh,scripts/utilities/addm_rep.sh,script,utilities,yes
scripts/administrar_lobs.sql,scripts/utilities/administrar_lobs.sql,script,utilities,yes
scripts/advisor_progress.sql,scripts/utilities/advisor_progress.sql,script,utilities,yes
scripts/afd_asmlib.sh,scripts/storage/afd_asmlib.sh,script,storage,yes
scripts/afd_asmlib_unlabel.sh,scripts/storage/afd_asmlib_unlabel.sh,script,storage,yes
scripts/afd_refresh.sh,scripts/utilities/afd_refresh.sh,script,utilities,yes
scripts/aix_cmd.txt,docs/utilities/aix_cmd.txt,documentation,utilities,yes
scripts/alert_log_raise_error_simula.sql,scripts/utilities/alert_log_raise_error_simula.sql,script,utilities,yes
scripts/alert_log_table_create.sql,scripts/utilities/alert_log_table_create.sql,script,utilities,yes
scripts/alert_log_table_update.sql,scripts/utilities/alert_log_table_update.sql,script,utilities,yes
scripts/all_object_usage.sql,scripts/utilities/all_object_usage.sql,script,utilities,yes
scripts/all_tab_partitions.sql,scripts/utilities/all_tab_partitions.sql,script,utilities,yes
scripts/all_tab_partitions_high_value.sql,scripts/utilities/all_tab_partitions_high_value.sql,script,utilities,yes
scripts/analyzed_tables.sql,scripts/maintenance/stats/analyzed_tables.sql,script,maintenance/stats,yes
scripts/apex_config.sql,scripts/utilities/apex_config.sql,script,utilities,yes
scripts/apex_logs.sql,scripts/utilities/apex_logs.sql,script,utilities,yes
scripts/archive_dest.sql,scripts/backup_recovery/dataguard/archive_dest.sql,script,backup_recovery/dataguard,yes
scripts/archive_dest_status(1).sql,scripts/backup_recovery/dataguard/archive_dest_status(1).sql,script,backup_recovery/dataguard,yes
scripts/archive_dest_status.sql,scripts/backup_recovery/dataguard/archive_dest_status.sql,script,backup_recovery/dataguard,yes
scripts/archived_log.sql,scripts/backup_recovery/dataguard/archived_log.sql,script,backup_recovery/dataguard,yes
scripts/archived_log_gap.sql,scripts/backup_recovery/dataguard/archived_log_gap.sql,script,backup_recovery/dataguard,yes
scripts/archived_log_scn.sql,scripts/backup_recovery/dataguard/archived_log_scn.sql,script,backup_recovery/dataguard,yes
scripts/archived_log_sequence_scn.sql,scripts/backup_recovery/dataguard/archived_log_sequence_scn.sql,script,backup_recovery/dataguard,yes
scripts/archivelog_cascade(1).sql,scripts/backup_recovery/dataguard/archivelog_cascade(1).sql,script,backup_recovery/dataguard,yes
scripts/archivelog_cascade.sql,scripts/backup_recovery/dataguard/archivelog_cascade.sql,script,backup_recovery/dataguard,yes
scripts/asfs.acfsutil.info(1).sh,scripts/storage/asfs.acfsutil.info(1).sh,script,storage,yes
scripts/asfs.acfsutil.info.sh,scripts/storage/asfs.acfsutil.info.sh,script,storage,yes
scripts/ash/aas.sql,scripts/diagnostics/ash/aas.sql,script,diagnostics/ash,yes
scripts/ash/aash.sql,scripts/diagnostics/ash/aash.sql,script,diagnostics/ash,yes
scripts/ash/aash_fore.sql,scripts/diagnostics/ash/aash_fore.sql,script,diagnostics/ash,yes
scripts/ash/aash_l.sql,scripts/diagnostics/ash/aash_l.sql,script,diagnostics/ash,yes
scripts/ash/ash_graph_waits.sql,scripts/diagnostics/ash/ash_graph_waits.sql,script,diagnostics/ash,yes
scripts/ash/ash_hard_parse_events.sql,scripts/diagnostics/ash/ash_hard_parse_events.sql,script,diagnostics/ash,yes
scripts/ash/ash_log_file_sync.sql,scripts/third_party/tanel_poder/ash/ash_log_file_sync.sql,script,diagnostics/ash,yes
scripts/ash/ash_wait_chains.sql,scripts/third_party/tanel_poder/ash/ash_wait_chains.sql,script,diagnostics/ash,yes
scripts/ash/ash_wait_chains2.sql,scripts/third_party/tanel_poder/ash/ash_wait_chains2.sql,script,diagnostics/ash,yes
scripts/ash/ashmem.sql,scripts/third_party/tanel_poder/ash/ashmem.sql,script,diagnostics/ash,yes
scripts/ash/ashtop.sql,scripts/third_party/tanel_poder/ash/ashtop.sql,script,diagnostics/ash,yes
scripts/ash/ashtop_by_username.sql,scripts/diagnostics/ash/ashtop_by_username.sql,script,diagnostics/ash,yes
scripts/ash/ashtop_peaks.sql,scripts/diagnostics/ash/ashtop_peaks.sql,script,diagnostics/ash,yes
scripts/ash/ashtop_sessions.sql,scripts/diagnostics/ash/ashtop_sessions.sql,script,diagnostics/ash,yes
scripts/ash/ashtop_sql.sql,scripts/diagnostics/ash/ashtop_sql.sql,script,diagnostics/ash,yes
scripts/ash/ashtoph.sql,scripts/diagnostics/ash/ashtoph.sql,script,diagnostics/ash,yes
scripts/ash/ashtoph_by_hour_username.sql,scripts/diagnostics/ash/ashtoph_by_hour_username.sql,script,diagnostics/ash,yes
scripts/ash/ashtoph_by_username.sql,scripts/diagnostics/ash/ashtoph_by_username.sql,script,diagnostics/ash,yes
scripts/ash/asqlflame.sql,scripts/third_party/tanel_poder/ash/asqlflame.sql,script,diagnostics/ash,yes
scripts/ash/asqlmon.sql,scripts/third_party/tanel_poder/ash/asqlmon.sql,script,diagnostics/ash,yes
scripts/ash/bash_wait_chains.sql,scripts/third_party/tanel_poder/ash/bash_wait_chains.sql,script,diagnostics/ash,yes
scripts/ash/bashtop.sql,scripts/third_party/tanel_poder/ash/bashtop.sql,script,diagnostics/ash,yes
scripts/ash/bevent_hist.sql,scripts/third_party/tanel_poder/ash/bevent_hist.sql,script,diagnostics/ash,yes
scripts/ash/bevent_hist_micro.sql,scripts/third_party/tanel_poder/ash/bevent_hist_micro.sql,script,diagnostics/ash,yes
scripts/ash/bshortmon_logfilesync.sql,scripts/third_party/tanel_poder/ash/bshortmon_logfilesync.sql,script,diagnostics/ash,yes
scripts/ash/btime_model_phases.sql,scripts/third_party/tanel_poder/ash/btime_model_phases.sql,script,diagnostics/ash,yes
scripts/ash/create_ash_without_timestamps.sql,scripts/third_party/tanel_poder/ash/create_ash_without_timestamps.sql,script,diagnostics/ash,yes
scripts/ash/daplanline.sql,scripts/third_party/tanel_poder/ash/daplanline.sql,script,diagnostics/ash,yes
scripts/ash/dash_wait_chains.sql,scripts/third_party/tanel_poder/ash/dash_wait_chains.sql,script,diagnostics/ash,yes
scripts/ash/dash_wait_chains2.sql,scripts/third_party/tanel_poder/ash/dash_wait_chains2.sql,script,diagnostics/ash,yes
scripts/ash/dashtop.sql,scripts/third_party/tanel_poder/ash/dashtop.sql,script,diagnostics/ash,yes
scripts/ash/dasqlmon.sql,scripts/third_party/tanel_poder/ash/dasqlmon.sql,script,diagnostics/ash,yes
scripts/ash/dataguard_restart.sql,scripts/diagnostics/ash/dataguard_restart.sql,script,diagnostics/ash,yes
scripts/ash/dba_procedures.sql,scripts/diagnostics/ash/dba_procedures.sql,script,diagnostics/ash,yes
scripts/ash/devent_hist.sql,scripts/third_party/tanel_poder/ash/devent_hist.sql,script,diagnostics/ash,yes
scripts/ash/dictionary_fixed_obj_stats.sql,scripts/diagnostics/ash/dictionary_fixed_obj_stats.sql,script,diagnostics/ash,yes
scripts/ash/disk_rereads.sql,scripts/third_party/tanel_poder/ash/disk_rereads.sql,script,diagnostics/ash,yes
scripts/ash/event_hist.sql,scripts/third_party/tanel_poder/ash/event_hist.sql,script,diagnostics/ash,yes
scripts/ash/event_hist_cell.sql,scripts/third_party/tanel_poder/ash/event_hist_cell.sql,script,diagnostics/ash,yes
scripts/ash/event_hist_micro.sql,scripts/third_party/tanel_poder/ash/event_hist_micro.sql,script,diagnostics/ash,yes
scripts/ash/evet_hist_cell.sql,scripts/third_party/tanel_poder/ash/evet_hist_cell.sql,script,diagnostics/ash,yes
scripts/ash/example_ash_report.html,generated/example_ash_report.html,generated_output,diagnostics/ash,yes
scripts/ash/examples/ash10.sql,scripts/third_party/tanel_poder/ash/examples/ash10.sql,script,diagnostics/ash,yes
scripts/ash/examples/ash11.sql,scripts/third_party/tanel_poder/ash/examples/ash11.sql,script,diagnostics/ash,yes
scripts/ash/examples/ash12a.sql,scripts/third_party/tanel_poder/ash/examples/ash12a.sql,script,diagnostics/ash,yes
scripts/ash/examples/ash13.sql,scripts/third_party/tanel_poder/ash/examples/ash13.sql,script,diagnostics/ash,yes
scripts/ash/examples/ash13a.sql,scripts/third_party/tanel_poder/ash/examples/ash13a.sql,script,diagnostics/ash,yes
scripts/ash/examples/ash2.sql,scripts/third_party/tanel_poder/ash/examples/ash2.sql,script,diagnostics/ash,yes
scripts/ash/examples/ash3.sql,scripts/third_party/tanel_poder/ash/examples/ash3.sql,script,diagnostics/ash,yes
scripts/ash/examples/ash5.sql,scripts/third_party/tanel_poder/ash/examples/ash5.sql,script,diagnostics/ash,yes
scripts/ash/examples/ash6.sql,scripts/third_party/tanel_poder/ash/examples/ash6.sql,script,diagnostics/ash,yes
scripts/ash/examples/ash7.sql,scripts/third_party/tanel_poder/ash/examples/ash7.sql,script,diagnostics/ash,yes
scripts/ash/examples/ash8.sql,scripts/third_party/tanel_poder/ash/examples/ash8.sql,script,diagnostics/ash,yes
scripts/ash/examples/ash9.sql,scripts/third_party/tanel_poder/ash/examples/ash9.sql,script,diagnostics/ash,yes
scripts/ash/examples/ashrelated.sql,scripts/diagnostics/ash/examples/ashrelated.sql,script,diagnostics/ash,yes
scripts/ash/fast_start_transactions.sql,scripts/diagnostics/ash/fast_start_transactions.sql,script,diagnostics/ash,yes
scripts/ash/gashtop.sql,scripts/third_party/tanel_poder/ash/gashtop.sql,script,diagnostics/ash,yes
scripts/ash/gasqlmon.sql,scripts/third_party/tanel_poder/ash/gasqlmon.sql,script,diagnostics/ash,yes
scripts/ash/gen_ash_global_report_text.sql,scripts/diagnostics/ash/gen_ash_global_report_text.sql,script,diagnostics/ash,yes
scripts/ash/gen_ash_report_html.sql,scripts/third_party/tanel_poder/ash/gen_ash_report_html.sql,script,diagnostics/ash,yes
scripts/ash/gen_ash_report_text.sql,scripts/third_party/tanel_poder/ash/gen_ash_report_text.sql,script,diagnostics/ash,yes
scripts/ash/old.event_hist_cell.sql,scripts/third_party/tanel_poder/ash/old.event_hist_cell.sql,script,diagnostics/ash,yes
scripts/ash/old_devent_hist.sql,scripts/third_party/tanel_poder/ash/old_devent_hist.sql,script,diagnostics/ash,yes
scripts/ash/perfsheet_ash.sql,scripts/third_party/tanel_poder/ash/perfsheet_ash.sql,script,diagnostics/ash,yes
scripts/ash/rowsource_events.sql,scripts/third_party/tanel_poder/ash/rowsource_events.sql,script,diagnostics/ash,yes
scripts/ash/sample_drift.sql,scripts/third_party/tanel_poder/ash/sample_drift.sql,script,diagnostics/ash,yes
scripts/ash/shortmon.sql,scripts/third_party/tanel_poder/ash/shortmon.sql,script,diagnostics/ash,yes
scripts/ash/shortmon_cell.sql,scripts/third_party/tanel_poder/ash/shortmon_cell.sql,script,diagnostics/ash,yes
scripts/ash/shortmon_logfilesync.sql,scripts/third_party/tanel_poder/ash/shortmon_logfilesync.sql,script,diagnostics/ash,yes
scripts/ash/shortmon_numblocks.sql,scripts/third_party/tanel_poder/ash/shortmon_numblocks.sql,script,diagnostics/ash,yes
scripts/ash/sqlid_activity.sql,scripts/third_party/tanel_poder/ash/sqlid_activity.sql,script,diagnostics/ash,yes
scripts/ash/sqlid_plan_activity.sql,scripts/third_party/tanel_poder/ash/sqlid_plan_activity.sql,script,diagnostics/ash,yes
scripts/ash/time_model.sql,scripts/third_party/tanel_poder/ash/time_model.sql,script,diagnostics/ash,yes
scripts/ash/time_model_phases.sql,scripts/diagnostics/ash/time_model_phases.sql,script,diagnostics/ash,yes
scripts/ash/w.sql,scripts/third_party/tanel_poder/ash/w.sql,script,diagnostics/ash,yes
scripts/ash/wsqlmon.sql,scripts/third_party/tanel_poder/ash/wsqlmon.sql,script,diagnostics/ash,yes
scripts/ash_sql_id_pga.sql,scripts/utilities/ash_sql_id_pga.sql,script,utilities,yes
scripts/ash_sql_id_pga_hist.sql,scripts/utilities/ash_sql_id_pga_hist.sql,script,utilities,yes
scripts/asm.pwmove(1).sh,scripts/storage/asm.pwmove(1).sh,script,storage,yes
scripts/asm.pwmove.sh,scripts/storage/asm.pwmove.sh,script,storage,yes
scripts/asm_adddisk_asmlib(1).sh,scripts/storage/asm_adddisk_asmlib(1).sh,script,storage,yes
scripts/asm_adddisk_asmlib.sh,scripts/storage/asm_adddisk_asmlib.sh,script,storage,yes
scripts/asm_attribute.sql,scripts/storage/asm_attribute.sql,script,storage,yes
scripts/asm_cp(1).sh,scripts/storage/asm_cp(1).sh,script,storage,yes
scripts/asm_cp.sh,scripts/storage/asm_cp.sh,script,storage,yes
scripts/asm_dg.sql,scripts/storage/asm_dg.sql,script,storage,yes
scripts/asm_dg2.sql,scripts/storage/asm_dg2.sql,script,storage,yes
scripts/asm_disk.sql,scripts/storage/asm_disk.sql,script,storage,yes
scripts/asm_disk_balanced.sql,scripts/storage/asm_disk_balanced.sql,script,storage,yes
scripts/asm_disk_iostat(1).sql,scripts/storage/asm_disk_iostat(1).sql,script,storage,yes
scripts/asm_disk_iostat.sql,scripts/storage/asm_disk_iostat.sql,script,storage,yes
scripts/asm_disk_stat_balanced.sql,scripts/storage/asm_disk_stat_balanced.sql,script,storage,yes
scripts/asm_diskgroup.sql,scripts/storage/asm_diskgroup.sql,script,storage,yes
scripts/asm_disks.sql,scripts/storage/asm_disks.sql,script,storage,yes
scripts/asm_disks_dg.sql,scripts/storage/asm_disks_dg.sql,script,storage,yes
scripts/asm_get_formatted_metadata(1).sql,scripts/storage/asm_get_formatted_metadata(1).sql,script,storage,yes
scripts/asm_get_formatted_metadata.sql,scripts/storage/asm_get_formatted_metadata.sql,script,storage,yes
scripts/asm_healthcheck(1).sql,scripts/storage/asm_healthcheck(1).sql,script,storage,yes
scripts/asm_healthcheck.sql,scripts/storage/asm_healthcheck.sql,script,storage,yes
scripts/asm_io.sql,scripts/storage/asm_io.sql,script,storage,yes
scripts/asm_list_files.sql,scripts/storage/asm_list_files.sql,script,storage,yes
scripts/asm_op.sql,scripts/storage/asm_op.sql,script,storage,yes
scripts/asm_operation.sql,scripts/storage/asm_operation.sql,script,storage,yes
scripts/asm_status.sql,scripts/storage/asm_status.sql,script,storage,yes
scripts/asmcmd_script(1).sh,scripts/storage/asmcmd_script(1).sh,script,storage,yes
scripts/asmcmd_script.sh,scripts/storage/asmcmd_script.sh,script,storage,yes
scripts/asmdu(1).sh,scripts/storage/asmdu(1).sh,script,storage,yes
scripts/asmdu.sh,scripts/storage/asmdu.sh,script,storage,yes
scripts/asmdu2(1).sh,scripts/storage/asmdu2(1).sh,script,storage,yes
scripts/asmdu2.sh,scripts/storage/asmdu2.sh,script,storage,yes
scripts/asmiostat.sh,scripts/storage/asmiostat.sh,script,storage,yes
scripts/asmlib(1).sh,scripts/storage/asmlib(1).sh,script,storage,yes
scripts/asmlib.sh,scripts/storage/asmlib.sh,script,storage,yes
scripts/ast/01_sql_plan_layout_intro.sql,scripts/third_party/tanel_poder/ast/01_sql_plan_layout_intro.sql,script,performance/sql_tuning,yes
scripts/ast/02_advanced_rewrite.sql,scripts/third_party/tanel_poder/ast/02_advanced_rewrite.sql,script,utilities,yes
scripts/ast/02_badly_correlated.sql,scripts/third_party/tanel_poder/ast/02_badly_correlated.sql,script,utilities,yes
scripts/ast/02_bind_peeking_nested_loops.sql,scripts/third_party/tanel_poder/ast/02_bind_peeking_nested_loops.sql,script,utilities,yes
scripts/ast/02_bind_peeking_nested_loops_2.sql,scripts/third_party/tanel_poder/ast/02_bind_peeking_nested_loops_2.sql,script,utilities,yes
scripts/ast/02_bind_peeking_nested_loops_nohist.sql,scripts/third_party/tanel_poder/ast/02_bind_peeking_nested_loops_nohist.sql,script,utilities,yes
scripts/ast/02_bind_peeking_nested_loops_proc.sql,scripts/third_party/tanel_poder/ast/02_bind_peeking_nested_loops_proc.sql,script,utilities,yes
scripts/ast/02_choosing_join_order.sql,scripts/third_party/tanel_poder/ast/02_choosing_join_order.sql,script,utilities,yes
scripts/ast/02_distinct_agg_transform.sql,scripts/third_party/tanel_poder/ast/02_distinct_agg_transform.sql,script,utilities,yes
scripts/ast/02_join_nested_loops.sql,scripts/third_party/tanel_poder/ast/02_join_nested_loops.sql,script,utilities,yes
scripts/ast/02_leading_sq.sql,scripts/third_party/tanel_poder/ast/02_leading_sq.sql,script,utilities,yes
scripts/ast/02_outline_force_plan_from_cursor.sql,scripts/third_party/tanel_poder/ast/02_outline_force_plan_from_cursor.sql,script,performance/sql_tuning,yes
scripts/ast/02_qt_troubleshooting.sql,scripts/third_party/tanel_poder/ast/02_qt_troubleshooting.sql,script,utilities,yes
scripts/ast/02_sql_plan_baseline_from_cursor.sql,scripts/third_party/tanel_poder/ast/02_sql_plan_baseline_from_cursor.sql,script,performance/sql_tuning,yes
scripts/ast/02_sqlprofile_force_plan_with_custom_hints.sql,scripts/third_party/tanel_poder/ast/02_sqlprofile_force_plan_with_custom_hints.sql,script,performance/sql_tuning,yes
scripts/ast/03_bitmap_star_transformation.sql,scripts/third_party/tanel_poder/ast/03_bitmap_star_transformation.sql,script,utilities,yes
scripts/ast/03_constraints_not_null.sql,scripts/third_party/tanel_poder/ast/03_constraints_not_null.sql,script,utilities,yes
scripts/ast/03_index_density.sql,scripts/third_party/tanel_poder/ast/03_index_density.sql,script,utilities,yes
scripts/ast/03_index_inefficiency_1.sql,scripts/third_party/tanel_poder/ast/03_index_inefficiency_1.sql,script,utilities,yes
scripts/ast/03_index_skip_scan.sql,scripts/third_party/tanel_poder/ast/03_index_skip_scan.sql,script,utilities,yes
scripts/ast/03_index_supporting_sorts.sql,scripts/third_party/tanel_poder/ast/03_index_supporting_sorts.sql,script,utilities,yes
scripts/ast/04_cbo_selectivity_decay.sql,scripts/third_party/tanel_poder/ast/04_cbo_selectivity_decay.sql,script,utilities,yes
scripts/ast/04_cbo_troubleshoot_1.sql,scripts/third_party/tanel_poder/ast/04_cbo_troubleshoot_1.sql,script,utilities,yes
scripts/ast/04_cbo_troubleshoot_2.sql,scripts/third_party/tanel_poder/ast/04_cbo_troubleshoot_2.sql,script,utilities,yes
scripts/ast/04_cbo_troubleshoot_3.sql,scripts/third_party/tanel_poder/ast/04_cbo_troubleshoot_3.sql,script,utilities,yes
scripts/ast/04_cbo_troubleshoot_denormalized.sql,scripts/third_party/tanel_poder/ast/04_cbo_troubleshoot_denormalized.sql,script,utilities,yes
scripts/ast/04_cbo_troubleshoot_save.sql,scripts/third_party/tanel_poder/ast/04_cbo_troubleshoot_save.sql,script,utilities,yes
scripts/ast/04_cbo_troubleshoot_setup.sql,scripts/third_party/tanel_poder/ast/04_cbo_troubleshoot_setup.sql,script,utilities,yes
scripts/ast/ast_setup.sql,scripts/third_party/tanel_poder/ast/ast_setup.sql,script,utilities,yes
scripts/ast/ast_setup_schema.sql,scripts/third_party/tanel_poder/ast/ast_setup_schema.sql,script,utilities,yes
scripts/ast/execution_plan.txt,docs/utilities/execution_plan.txt,documentation,utilities,yes
scripts/ast/index_coalesce_candidate.sql,scripts/third_party/tanel_poder/ast/index_coalesce_candidate.sql,script,utilities,yes
scripts/ast/index_coalesce_candidate_detail.sql,scripts/third_party/tanel_poder/ast/index_coalesce_candidate_detail.sql,script,utilities,yes
scripts/ast/index_compress_candidate.sql,scripts/third_party/tanel_poder/ast/index_compress_candidate.sql,script,utilities,yes
scripts/ast/index_range_scan_rereads.sql,scripts/third_party/tanel_poder/ast/index_range_scan_rereads.sql,script,utilities,yes
scripts/ast/new_outer_join_and_or.sql,scripts/third_party/tanel_poder/ast/new_outer_join_and_or.sql,script,utilities,yes
scripts/ast/scalar_subquery_in_where_clause.sql,scripts/third_party/tanel_poder/ast/scalar_subquery_in_where_clause.sql,script,utilities,yes
scripts/ast/scalar_subquery_unnesting.sql,scripts/third_party/tanel_poder/ast/scalar_subquery_unnesting.sql,script,utilities,yes
scripts/ast/soe_query.sql,scripts/third_party/tanel_poder/ast/soe_query.sql,script,utilities,yes
scripts/ast/subquery_execution.sql,scripts/third_party/tanel_poder/ast/subquery_execution.sql,script,utilities,yes
scripts/ast/test_index_coalesce_candidate.sql,scripts/third_party/tanel_poder/ast/test_index_coalesce_candidate.sql,script,utilities,yes
scripts/ast/test_plan.txt,docs/utilities/test_plan.txt,documentation,utilities,yes
scripts/ast/trace/04_cbo_troubleshoot_1.trc,generated/trace/04_cbo_troubleshoot_1.trc,generated_output,platform/rac,yes
scripts/ast/trace/a.txt,docs/platform/rac/trace/a.txt,documentation,platform/rac,yes
scripts/ast/trace/cbo_analyze.sh,scripts/platform/rac/trace/cbo_analyze.sh,script,platform/rac,yes
scripts/ast/use_concat.sql,scripts/third_party/tanel_poder/ast/use_concat.sql,script,utilities,yes
scripts/audit(1).sql,scripts/security/audit(1).sql,script,security,yes
scripts/audit.sql,scripts/security/audit.sql,script,security,yes
scripts/audit1.sql,scripts/security/audit1.sql,script,security,yes
scripts/audit_cp_files(1).sh,scripts/security/audit_cp_files(1).sh,script,security,yes
scripts/audit_cp_files.sh,scripts/security/audit_cp_files.sh,script,security,yes
scripts/audit_trail_session_ex.sql,scripts/diagnostics/sessions_waits/audit_trail_session_ex.sql,script,diagnostics/sessions_waits,yes
scripts/audit_trail_session_logon_denied_write_alertlog.sql,scripts/diagnostics/sessions_waits/audit_trail_session_logon_denied_write_alertlog.sql,script,diagnostics/sessions_waits,yes
scripts/audit_unified_enabled_policies.sql,scripts/security/audit_unified_enabled_policies.sql,script,security,yes
scripts/audit_unified_policies.sql,scripts/security/audit_unified_policies.sql,script,security,yes
scripts/auditoria_vistas.sql,scripts/security/auditoria_vistas.sql,script,security,yes
scripts/awr/awr_evh.sql,scripts/third_party/tanel_poder/awr/awr_evh.sql,script,diagnostics/awr,yes
scripts/awr/awr_last.sql,scripts/third_party/tanel_poder/awr/awr_last.sql,script,diagnostics/awr,yes
scripts/awr/awr_lasth.sql,scripts/third_party/tanel_poder/awr/awr_lasth.sql,script,diagnostics/awr,yes
scripts/awr/awr_log_file_sync.sql,scripts/third_party/tanel_poder/awr/awr_log_file_sync.sql,script,diagnostics/awr,yes
scripts/awr/awr_mem_resize.sql,scripts/third_party/tanel_poder/awr/awr_mem_resize.sql,script,diagnostics/awr,yes
scripts/awr/awr_procmem.sql,scripts/third_party/tanel_poder/awr/awr_procmem.sql,script,diagnostics/awr,yes
scripts/awr/awr_sqlid.sql,scripts/third_party/tanel_poder/awr/awr_sqlid.sql,script,diagnostics/awr,yes
scripts/awr/awr_sqlstats.sql,scripts/third_party/tanel_poder/awr/awr_sqlstats.sql,script,diagnostics/awr,yes
scripts/awr/awr_sqlstats_per_exec.sql,scripts/third_party/tanel_poder/awr/awr_sqlstats_per_exec.sql,script,diagnostics/awr,yes
scripts/awr/awr_sqlstats_unstable.sql,scripts/third_party/tanel_poder/awr/awr_sqlstats_unstable.sql,script,diagnostics/awr,yes
scripts/awr/awr_sysmetric_history.sql,scripts/third_party/tanel_poder/awr/awr_sysmetric_history.sql,script,diagnostics/awr,yes
scripts/awr/awr_sysmetric_summary.sql,scripts/third_party/tanel_poder/awr/awr_sysmetric_summary.sql,script,diagnostics/awr,yes
scripts/awr/awr_sysstat.sql,scripts/third_party/tanel_poder/awr/awr_sysstat.sql,script,diagnostics/awr,yes
scripts/awr/awr_system_event.sql,scripts/third_party/tanel_poder/awr/awr_system_event.sql,script,diagnostics/awr,yes
scripts/awr/create_event_histogram_view.sql,scripts/third_party/tanel_poder/awr/create_event_histogram_view.sql,script,diagnostics/awr,yes
scripts/awr/dbload.sql,scripts/third_party/tanel_poder/awr/dbload.sql,script,diagnostics/awr,yes
scripts/awr/gen_awr_report.sql,scripts/third_party/tanel_poder/awr/gen_awr_report.sql,script,diagnostics/awr,yes
scripts/awr/get_settings.sql,scripts/third_party/tanel_poder/awr/get_settings.sql,script,diagnostics/awr,yes
scripts/awr/other_xml.sql,scripts/third_party/tanel_poder/awr/other_xml.sql,script,diagnostics/awr,yes
scripts/awr/settings.sql,scripts/third_party/tanel_poder/awr/settings.sql,script,diagnostics/awr,yes
scripts/awr_plan_change_date.sql,scripts/performance/sql_tuning/awr_plan_change_date.sql,script,performance/sql_tuning,yes
scripts/awr_plan_change_sqlid.sql,scripts/performance/sql_tuning/awr_plan_change_sqlid.sql,script,performance/sql_tuning,yes
scripts/awr_rep.sh,scripts/utilities/awr_rep.sh,script,utilities,yes
scripts/awr_reports.sql,scripts/utilities/awr_reports.sql,script,utilities,yes
scripts/awr_sql_object_avg_dy.sql,scripts/utilities/awr_sql_object_avg_dy.sql,script,utilities,yes
scripts/awr_stats_hist.sql,scripts/performance/sql_tuning/awr_stats_hist.sql,script,performance/sql_tuning,yes
scripts/aws/alert_log.sql,scripts/cloud/aws/alert_log.sql,script,cloud/aws,yes
scripts/aws/create_directory.sql,scripts/cloud/aws/create_directory.sql,script,cloud/aws,yes
scripts/aws/list_file_content.sql,scripts/cloud/aws/list_file_content.sql,script,cloud/aws,yes
scripts/aws/list_files_directory.sql,scripts/cloud/aws/list_files_directory.sql,script,cloud/aws,yes
scripts/aws/rds/modify_option_group.sh,scripts/cloud/aws/rds/modify_option_group.sh,script,cloud/aws,yes
scripts/aws/set_configuration.sql,scripts/cloud/aws/set_configuration.sql,script,cloud/aws,yes
scripts/aws/show_config.sql,scripts/cloud/aws/show_config.sql,script,cloud/aws,yes
scripts/aws/switch_logfile.sql,scripts/cloud/aws/switch_logfile.sql,script,cloud/aws,yes
scripts/aws.adump_xml_list.sql,scripts/cloud/aws/aws.adump_xml_list.sql,script,cloud/aws,yes
scripts/aws.list_files_dir.sql,scripts/cloud/aws/aws.list_files_dir.sql,script,cloud/aws,yes
scripts/aws_count_xml_os_files.sql,scripts/cloud/aws/aws_count_xml_os_files.sql,script,cloud/aws,yes
scripts/awsdms_support_collector_oracle.sql,scripts/cloud/aws/awsdms_support_collector_oracle.sql,script,cloud/aws,yes
scripts/backup.sh,scripts/utilities/backup.sh,script,utilities,yes
scripts/backup.sql,scripts/utilities/backup.sql,script,utilities,yes
scripts/backupRMAN.sql,scripts/backup_recovery/rman/backupRMAN.sql,script,backup_recovery/rman,yes
scripts/bajaftp.txt,docs/utilities/bajaftp.txt,documentation,utilities,yes
scripts/banner(1).sql,scripts/utilities/banner(1).sql,script,utilities,yes
scripts/banner.sql,scripts/utilities/banner.sql,script,utilities,yes
scripts/basejpi.htm,generated/basejpi.htm,generated_output,utilities,yes
scripts/bases.sh,scripts/utilities/bases.sh,script,utilities,yes
scripts/bdf.sh,scripts/utilities/bdf.sh,script,utilities,yes
scripts/bind_variables_sqlplus_sql(1).sql,scripts/utilities/bind_variables_sqlplus_sql(1).sql,script,utilities,yes
scripts/bind_variables_sqlplus_sql.sql,scripts/utilities/bind_variables_sqlplus_sql.sql,script,utilities,yes
scripts/block_change_tracking.sql,scripts/platform/rac/block_change_tracking.sql,script,platform/rac,yes
scripts/block_status_memory(1).sql,scripts/utilities/block_status_memory(1).sql,script,utilities,yes
scripts/block_status_memory.sql,scripts/utilities/block_status_memory.sql,script,utilities,yes
scripts/blocks_inBuffer.sql,scripts/utilities/blocks_inBuffer.sql,script,utilities,yes
scripts/blocks_inBuffer_default.sql,scripts/utilities/blocks_inBuffer_default.sql,script,utilities,yes
scripts/blocks_inBuffer_keep.sql,scripts/utilities/blocks_inBuffer_keep.sql,script,utilities,yes
scripts/blocks_inBuffer_owner.sql,scripts/utilities/blocks_inBuffer_owner.sql,script,utilities,yes
scripts/bomcheck.txt,docs/utilities/bomcheck.txt,documentation,utilities,yes
scripts/borra_tabla_cascade.sql,scripts/utilities/borra_tabla_cascade.sql,script,utilities,yes
scripts/borrar_crear_logs_online (2).sql,scripts/utilities/borrar_crear_logs_online (2).sql,script,utilities,yes
scripts/borrar_crear_logs_online.sql,scripts/utilities/borrar_crear_logs_online.sql,script,utilities,yes
scripts/brazil1.sql,scripts/utilities/brazil1.sql,script,utilities,yes
scripts/brazil2.sql,scripts/utilities/brazil2.sql,script,utilities,yes
scripts/brazil3.sql,scripts/utilities/brazil3.sql,script,utilities,yes
scripts/broker_check.sh,scripts/utilities/broker_check.sh,script,utilities,yes
scripts/buffer_busy_waits.sql,scripts/diagnostics/sessions_waits/buffer_busy_waits.sql,script,diagnostics/sessions_waits,yes
scripts/buffer_cache_(1).sql,scripts/utilities/buffer_cache_(1).sql,script,utilities,yes
scripts/buffer_cache_.sql,scripts/utilities/buffer_cache_.sql,script,utilities,yes
scripts/buffer_hit_ratio.sql,scripts/utilities/buffer_hit_ratio.sql,script,utilities,yes
scripts/cache_flush(liberar_memoria).sql,scripts/utilities/cache_flush(liberar_memoria).sql,script,utilities,yes
scripts/calcula_estadisticas.sql,scripts/utilities/calcula_estadisticas.sql,script,utilities,yes
scripts/cambio_de_CHARSET.txt,docs/utilities/cambio_de_CHARSET.txt,documentation,utilities,yes
scripts/cant_obj_seg_pool.sql,scripts/utilities/cant_obj_seg_pool.sql,script,utilities,yes
scripts/cantidad_extents_objetos.sql,scripts/utilities/cantidad_extents_objetos.sql,script,utilities,yes
scripts/cantidad_inserts_sql_area.sql,scripts/utilities/cantidad_inserts_sql_area.sql,script,utilities,yes
scripts/cdb_create(1).sql,scripts/utilities/cdb_create(1).sql,script,utilities,yes
scripts/cdb_create.sql,scripts/utilities/cdb_create.sql,script,utilities,yes
scripts/cdb_pdbs.sql,scripts/utilities/cdb_pdbs.sql,script,utilities,yes
scripts/cdb_resource_plans.sql,scripts/performance/sql_tuning/cdb_resource_plans.sql,script,performance/sql_tuning,yes
scripts/cdb_resource_profile_directives.sql,scripts/performance/sql_tuning/cdb_resource_profile_directives.sql,script,performance/sql_tuning,yes
scripts/cdb_rsrc_plan.sql,scripts/performance/sql_tuning/cdb_rsrc_plan.sql,script,performance/sql_tuning,yes
scripts/cdb_services(1).sql,scripts/utilities/cdb_services(1).sql,script,utilities,yes
scripts/cdb_services.sql,scripts/utilities/cdb_services.sql,script,utilities,yes
scripts/cdb_tablespaces(1).sql,scripts/storage/cdb_tablespaces(1).sql,script,storage,yes
scripts/cdb_tablespaces.sql,scripts/storage/cdb_tablespaces.sql,script,storage,yes
scripts/cdb_unified_audit_trail.sql,scripts/security/cdb_unified_audit_trail.sql,script,security,yes
scripts/cdb_users(1).sql,scripts/security/cdb_users(1).sql,script,security,yes
scripts/cdb_users.sql,scripts/security/cdb_users.sql,script,security,yes
scripts/chained(1).sql,scripts/utilities/chained(1).sql,script,utilities,yes
scripts/chained.sql,scripts/utilities/chained.sql,script,utilities,yes
scripts/change_global_pref.sql,scripts/utilities/change_global_pref.sql,script,utilities,yes
scripts/change_table_pref.sql,scripts/utilities/change_table_pref.sql,script,utilities,yes
scripts/change_window_maitenance.sql,scripts/utilities/change_window_maitenance.sql,script,utilities,yes
scripts/changing_default_prefs.sql,scripts/utilities/changing_default_prefs.sql,script,utilities,yes
scripts/check_espacio.sql,scripts/utilities/check_espacio.sql,script,utilities,yes
scripts/check_global_publish_prefs.sql,scripts/utilities/check_global_publish_prefs.sql,script,utilities,yes
scripts/check_oracle_instant_nagios,scripts/platform/rac/check_oracle_instant_nagios,script,platform/rac,yes
scripts/check_parallel.sql,scripts/utilities/check_parallel.sql,script,utilities,yes
scripts/check_products_pref.sql,scripts/utilities/check_products_pref.sql,script,utilities,yes
scripts/check_publish_prefs.sql,scripts/utilities/check_publish_prefs.sql,script,utilities,yes
scripts/check_sales_pref.sql,scripts/utilities/check_sales_pref.sql,script,utilities,yes
scripts/check_security.sql,scripts/utilities/check_security.sql,script,utilities,yes
scripts/check_stale_stats.sql,scripts/performance/sql_tuning/check_stale_stats.sql,script,performance/sql_tuning,yes
scripts/check_stale_stats_schema.sql,scripts/performance/sql_tuning/check_stale_stats_schema.sql,script,performance/sql_tuning,yes
scripts/check_table_publish_prefs.sql,scripts/utilities/check_table_publish_prefs.sql,script,utilities,yes
scripts/check_undo.sql,scripts/utilities/check_undo.sql,script,utilities,yes
scripts/chi_shadow_insert_20150611_9195000007.log,generated/chi_shadow_insert_20150611_9195000007.log,generated_output,utilities,yes
scripts/citi_chk_intervals.sql,scripts/utilities/citi_chk_intervals.sql,script,utilities,yes
scripts/citi_health_check.sql,scripts/utilities/citi_health_check.sql,script,utilities,yes
scripts/citi_rlm_role.lst,generated/citi_rlm_role.lst,generated_output,security,yes
scripts/citi_rman_24hs.sql,scripts/backup_recovery/rman/citi_rman_24hs.sql,script,backup_recovery/rman,yes
scripts/citi_rman_avg_type.sql,scripts/backup_recovery/rman/citi_rman_avg_type.sql,script,backup_recovery/rman,yes
scripts/citi_rman_dly.sql,scripts/backup_recovery/rman/citi_rman_dly.sql,script,backup_recovery/rman,yes
scripts/citi_rman_full.sql,scripts/backup_recovery/rman/citi_rman_full.sql,script,backup_recovery/rman,yes
scripts/citi_rman_status.sql,scripts/backup_recovery/rman/citi_rman_status.sql,script,backup_recovery/rman,yes
scripts/citi_stats_logs.sql,scripts/performance/sql_tuning/citi_stats_logs.sql,script,performance/sql_tuning,yes
scripts/citi_stats_schema.sql,scripts/performance/sql_tuning/citi_stats_schema.sql,script,performance/sql_tuning,yes
scripts/citi_trg_test.sql,scripts/utilities/citi_trg_test.sql,script,utilities,yes
scripts/citiex_fix.log,generated/citiex_fix.log,generated_output,utilities,yes
scripts/clear_logfile_standby_dataguard.sql,scripts/backup_recovery/dataguard/clear_logfile_standby_dataguard.sql,script,backup_recovery/dataguard,yes
scripts/cloneDBCreation.sql,scripts/utilities/cloneDBCreation.sql,script,utilities,yes
scripts/cluster_parameters.sql,scripts/platform/rac/cluster_parameters.sql,script,platform/rac,yes
scripts/coalesce.sql,scripts/utilities/coalesce.sql,script,utilities,yes
scripts/coe_xfr_sql_profile.log,generated/coe_xfr_sql_profile.log,generated_output,performance/sql_tuning,yes
scripts/coe_xfr_sql_profile.sql,scripts/performance/sql_tuning/coe_xfr_sql_profile.sql,script,performance/sql_tuning,yes
scripts/coe_xfr_sql_profile_b470201rk883h_-1.sql,scripts/performance/sql_tuning/coe_xfr_sql_profile_b470201rk883h_-1.sql,script,performance/sql_tuning,yes
scripts/coe_xfr_sql_profile_b470201rk883h_2766146777.log,generated/coe_xfr_sql_profile_b470201rk883h_2766146777.log,generated_output,performance/sql_tuning,yes
scripts/coe_xfr_sql_profile_b470201rk883h_2766146777.sql,scripts/performance/sql_tuning/coe_xfr_sql_profile_b470201rk883h_2766146777.sql,script,performance/sql_tuning,yes
scripts/coe_xfr_sql_profile_djxz0dq464m6h_-1.sql,scripts/performance/sql_tuning/coe_xfr_sql_profile_djxz0dq464m6h_-1.sql,script,performance/sql_tuning,yes
scripts/coldBkpSols.sh,scripts/utilities/coldBkpSols.sh,script,utilities,yes
scripts/cold_backup.sh,scripts/utilities/cold_backup.sh,script,utilities,yes
scripts/comm.lst,generated/comm.lst,generated_output,utilities,yes
scripts/commit_status.sql,scripts/utilities/commit_status.sql,script,utilities,yes
scripts/compile.sql,scripts/utilities/compile.sql,script,utilities,yes
scripts/componentes.sql,scripts/utilities/componentes.sql,script,utilities,yes
scripts/components.out,generated/components.out,generated_output,utilities,yes
scripts/config_db_seg.sql,scripts/utilities/config_db_seg.sql,script,utilities,yes
scripts/const.sql,scripts/utilities/const.sql,script,utilities,yes
scripts/const_no_index_fk.view.sql,scripts/utilities/const_no_index_fk.view.sql,script,utilities,yes
scripts/consultaDBLinks.sql,scripts/utilities/consultaDBLinks.sql,script,utilities,yes
scripts/consultas_parseos.sql,scripts/utilities/consultas_parseos.sql,script,utilities,yes
scripts/containers.sql,scripts/utilities/containers.sql,script,utilities,yes
scripts/context.sql,scripts/utilities/context.sql,script,utilities,yes
scripts/control(p1).sql,scripts/utilities/control(p1).sql,script,utilities,yes
scripts/control.sql,scripts/utilities/control.sql,script,utilities,yes
scripts/control_dataguard.sql,scripts/backup_recovery/dataguard/control_dataguard.sql,script,backup_recovery/dataguard,yes
scripts/control_db.sql,scripts/utilities/control_db.sql,script,utilities,yes
scripts/control_dguard.sh,scripts/utilities/control_dguard.sh,script,utilities,yes
scripts/controlfile.sql,scripts/utilities/controlfile.sql,script,utilities,yes
scripts/copy_sqlprof_table.sql,scripts/utilities/copy_sqlprof_table.sql,script,utilities,yes
scripts/copyuser.sql,scripts/security/copyuser.sql,script,security,yes
scripts/cpp4aix.ps1,scripts/utilities/cpp4aix.ps1,script,utilities,yes
scripts/cpp4aix.ps1.txt,docs/utilities/cpp4aix.ps1.txt,documentation,utilities,yes
scripts/cpu2008.htm,generated/cpu2008.htm,generated_output,utilities,yes
scripts/cpu_hist_per_module.sql,scripts/utilities/cpu_hist_per_module.sql,script,utilities,yes
scripts/cpu_hist_plot.sql,scripts/utilities/cpu_hist_plot.sql,script,utilities,yes
scripts/cpu_test.sql,scripts/utilities/cpu_test.sql,script,utilities,yes
scripts/cpu_usage-per_second-per-session.sql,scripts/diagnostics/sessions_waits/cpu_usage-per_second-per-session.sql,script,diagnostics/sessions_waits,yes
scripts/cr_create_user.sql,scripts/security/cr_create_user.sql,script,security,yes
scripts/crea_job.sql,scripts/maintenance/scheduler/crea_job.sql,script,maintenance/scheduler,yes
scripts/crea_snapshot.sql,scripts/utilities/crea_snapshot.sql,script,utilities,yes
scripts/creabase.sh,scripts/utilities/creabase.sh,script,utilities,yes
scripts/creabase.sql,scripts/utilities/creabase.sql,script,utilities,yes
scripts/creac_tablas_n_reg_+_particiones.sql,scripts/utilities/creac_tablas_n_reg_+_particiones.sql,script,utilities,yes
scripts/create_Table_connect_by_level.sql,scripts/utilities/create_Table_connect_by_level.sql,script,utilities,yes
scripts/create_big_table.sql,scripts/utilities/create_big_table.sql,script,utilities,yes
scripts/create_mview.sql,scripts/utilities/create_mview.sql,script,utilities,yes
scripts/create_pdb.sqL,scripts/utilities/create_pdb.sqL,script,utilities,yes
scripts/create_pk_local_parallel.txt,docs/utilities/create_pk_local_parallel.txt,documentation,utilities,yes
scripts/create_policy_unified_audit_db_schema_changes.sql,scripts/security/create_policy_unified_audit_db_schema_changes.sql,script,security,yes
scripts/create_profile.sql,scripts/performance/sql_tuning/create_profile.sql,script,performance/sql_tuning,yes
scripts/create_schema_triggers_ex.sql,scripts/utilities/create_schema_triggers_ex.sql,script,utilities,yes
scripts/create_sql_profile.sql,scripts/third_party/performance_sql_tuning/create_sql_profile.sql,script,performance/sql_tuning,yes
scripts/create_sql_profile_awr.sql,scripts/third_party/performance_sql_tuning/create_sql_profile_awr.sql,script,performance/sql_tuning,yes
scripts/create_sql_profile_copy.sql,scripts/performance/sql_tuning/create_sql_profile_copy.sql,script,performance/sql_tuning,yes
scripts/create_synonyms_all.sql,scripts/utilities/create_synonyms_all.sql,script,utilities,yes
scripts/create_virtual_indexes.sql,scripts/utilities/create_virtual_indexes.sql,script,utilities,yes
scripts/createst.sql,scripts/utilities/createst.sql,script,utilities,yes
scripts/crecimiento.sql,scripts/utilities/crecimiento.sql,script,utilities,yes
scripts/crecimiento_base.sql,scripts/utilities/crecimiento_base.sql,script,utilities,yes
scripts/crs_has_check_status.sh,scripts/utilities/crs_has_check_status.sh,script,utilities,yes
scripts/cscripts-master.zip,archive/bundles/cscripts-master.zip,archive_bundle,utilities,yes
scripts/cur_sessions.sql,scripts/diagnostics/sessions_waits/cur_sessions.sql,script,diagnostics/sessions_waits,yes
scripts/curl_mos.sh,scripts/utilities/curl_mos.sh,script,utilities,yes
scripts/current_scn.sql,scripts/utilities/current_scn.sql,script,utilities,yes
scripts/current_sql (1).sql,scripts/utilities/current_sql (1).sql,script,utilities,yes
scripts/current_sql.sql,scripts/utilities/current_sql.sql,script,utilities,yes
scripts/current_sql_hash.sql,scripts/utilities/current_sql_hash.sql,script,utilities,yes
scripts/current_sql_sid (1).sql,scripts/utilities/current_sql_sid (1).sql,script,utilities,yes
scripts/current_sql_sid.sql,scripts/utilities/current_sql_sid.sql,script,utilities,yes
scripts/cursor_cache_hits.sql,scripts/utilities/cursor_cache_hits.sql,script,utilities,yes
scripts/cursores.sql,scripts/utilities/cursores.sql,script,utilities,yes
scripts/cursors.sql,scripts/utilities/cursors.sql,script,utilities,yes
scripts/custom.sql,scripts/utilities/custom.sql,script,utilities,yes
scripts/customizaciones.sql,scripts/utilities/customizaciones.sql,script,utilities,yes
scripts/dataDictionaryCache.sql,scripts/utilities/dataDictionaryCache.sql,script,utilities,yes
scripts/data_files_move_omf_online.sql,scripts/utilities/data_files_move_omf_online.sql,script,utilities,yes
scripts/data_pump.sql,scripts/utilities/data_pump.sql,script,utilities,yes
scripts/data_pump_kill.sql,scripts/utilities/data_pump_kill.sql,script,utilities,yes
scripts/database.sql,scripts/utilities/database.sql,script,utilities,yes
scripts/database_block_corruption.sql,scripts/utilities/database_block_corruption.sql,script,utilities,yes
scripts/database_clone.txt,docs/utilities/database_clone.txt,documentation,utilities,yes
scripts/datafile.sql,scripts/utilities/datafile.sql,script,utilities,yes
scripts/datafile_free_space.sql,scripts/utilities/datafile_free_space.sql,script,utilities,yes
scripts/datafile_free_space_ftablespace.sql,scripts/storage/datafile_free_space_ftablespace.sql,script,storage,yes
scripts/datafile_header.sql,scripts/utilities/datafile_header.sql,script,utilities,yes
scripts/datafiles.sql,scripts/utilities/datafiles.sql,script,utilities,yes
scripts/datafiles_io.sql,scripts/utilities/datafiles_io.sql,script,utilities,yes
scripts/datafiles_io_gday.sql,scripts/utilities/datafiles_io_gday.sql,script,utilities,yes
scripts/datafiles_scn.sql,scripts/utilities/datafiles_scn.sql,script,utilities,yes
scripts/datafiles_shrink.sql,scripts/utilities/datafiles_shrink.sql,script,utilities,yes
scripts/dataguard_archivelogs_sent_duplicates.sql,scripts/backup_recovery/dataguard/dataguard_archivelogs_sent_duplicates.sql,script,backup_recovery/dataguard,yes
scripts/dataguard_db_role.sql,scripts/backup_recovery/dataguard/dataguard_db_role.sql,script,backup_recovery/dataguard,yes
scripts/dataguard_healthcheck_primary.sql,scripts/backup_recovery/dataguard/dataguard_healthcheck_primary.sql,script,backup_recovery/dataguard,yes
scripts/dataguard_healthcheck_standby.sql,scripts/backup_recovery/dataguard/dataguard_healthcheck_standby.sql,script,backup_recovery/dataguard,yes
scripts/dataguard_redo_per_second_mbps_bandwidth.sql,scripts/backup_recovery/dataguard/dataguard_redo_per_second_mbps_bandwidth.sql,script,backup_recovery/dataguard,yes
scripts/dataguard_stats.sql,scripts/backup_recovery/dataguard/dataguard_stats.sql,script,backup_recovery/dataguard,yes
scripts/dataguard_status.sql,scripts/backup_recovery/dataguard/dataguard_status.sql,script,backup_recovery/dataguard,yes
scripts/dataguard_status_lag.sql,scripts/backup_recovery/dataguard/dataguard_status_lag.sql,script,backup_recovery/dataguard,yes
scripts/dataguard_stby_received_applied.sql,scripts/backup_recovery/dataguard/dataguard_stby_received_applied.sql,script,backup_recovery/dataguard,yes
scripts/datapump_status.sql,scripts/utilities/datapump_status.sql,script,utilities,yes
scripts/date.sql,scripts/utilities/date.sql,script,utilities,yes
scripts/db.sql,scripts/utilities/db.sql,script,utilities,yes
scripts/db01.sh,scripts/utilities/db01.sh,script,utilities,yes
scripts/db01.sql,scripts/utilities/db01.sql,script,utilities,yes
scripts/db_cache_advice.sql,scripts/utilities/db_cache_advice.sql,script,utilities,yes
scripts/db_link_dbms_sys_sql.parse_as_user.sql,scripts/security/db_link_dbms_sys_sql.parse_as_user.sql,script,security,yes
scripts/db_load.sql,scripts/utilities/db_load.sql,script,utilities,yes
scripts/db_object_cache.sql,scripts/utilities/db_object_cache.sql,script,utilities,yes
scripts/db_object_cache_sharedpool.sql,scripts/utilities/db_object_cache_sharedpool.sql,script,utilities,yes
scripts/db_size.sql,scripts/utilities/db_size.sql,script,utilities,yes
scripts/db_space_hist_proc.sql,scripts/utilities/db_space_hist_proc.sql,script,utilities,yes
scripts/db_space_hist_proc_query.sql,scripts/utilities/db_space_hist_proc_query.sql,script,utilities,yes
scripts/db_wait_class.sql,scripts/diagnostics/sessions_waits/db_wait_class.sql,script,diagnostics/sessions_waits,yes
scripts/db_wait_class_ratio.sql,scripts/diagnostics/sessions_waits/db_wait_class_ratio.sql,script,diagnostics/sessions_waits,yes
scripts/db_wait_class_ratio_hour.sql,scripts/diagnostics/sessions_waits/db_wait_class_ratio_hour.sql,script,diagnostics/sessions_waits,yes
scripts/db_wait_time_ratio.sql,scripts/diagnostics/sessions_waits/db_wait_time_ratio.sql,script,diagnostics/sessions_waits,yes
scripts/dba_advisor_actions.sql,scripts/utilities/dba_advisor_actions.sql,script,utilities,yes
scripts/dba_advisor_log.sql,scripts/utilities/dba_advisor_log.sql,script,utilities,yes
scripts/dba_advisor_tasks.sql,scripts/utilities/dba_advisor_tasks.sql,script,utilities,yes
scripts/dba_audit_mgmt_config_params.sql,scripts/security/dba_audit_mgmt_config_params.sql,script,security,yes
scripts/dba_audit_mgmt_last_arch_ts.sql,scripts/security/dba_audit_mgmt_last_arch_ts.sql,script,security,yes
scripts/dba_audit_policies.sql,scripts/security/dba_audit_policies.sql,script,security,yes
scripts/dba_audit_session.sql,scripts/diagnostics/sessions_waits/dba_audit_session.sql,script,diagnostics/sessions_waits,yes
scripts/dba_audit_session_count.sql,scripts/diagnostics/sessions_waits/dba_audit_session_count.sql,script,diagnostics/sessions_waits,yes
scripts/dba_audit_session_x.sql,scripts/diagnostics/sessions_waits/dba_audit_session_x.sql,script,diagnostics/sessions_waits,yes
scripts/dba_audit_trail.sql,scripts/security/dba_audit_trail.sql,script,security,yes
scripts/dba_audit_trail_html.sql,scripts/security/dba_audit_trail_html.sql,script,security,yes
scripts/dba_autotask_client.sql,scripts/utilities/dba_autotask_client.sql,script,utilities,yes
scripts/dba_autotask_job_history.sql,scripts/maintenance/scheduler/dba_autotask_job_history.sql,script,maintenance/scheduler,yes
scripts/dba_autotask_statistics_11g.sql,scripts/utilities/dba_autotask_statistics_11g.sql,script,utilities,yes
scripts/dba_capture.sql,scripts/utilities/dba_capture.sql,script,utilities,yes
scripts/dba_column_usage.sql,scripts/utilities/dba_column_usage.sql,script,utilities,yes
scripts/dba_constraints.sql,scripts/utilities/dba_constraints.sql,script,utilities,yes
scripts/dba_constraints_fk_non_indexes.sql,scripts/utilities/dba_constraints_fk_non_indexes.sql,script,utilities,yes
scripts/dba_constraints_r.sql,scripts/utilities/dba_constraints_r.sql,script,utilities,yes
scripts/dba_constraints_r_x.sql,scripts/utilities/dba_constraints_r_x.sql,script,utilities,yes
scripts/dba_constraints_x.sql,scripts/utilities/dba_constraints_x.sql,script,utilities,yes
scripts/dba_data_files.sql,scripts/utilities/dba_data_files.sql,script,utilities,yes
scripts/dba_data_files_fs.sql,scripts/utilities/dba_data_files_fs.sql,script,utilities,yes
scripts/dba_data_files_io.sql,scripts/utilities/dba_data_files_io.sql,script,utilities,yes
scripts/dba_data_files_min.sql,scripts/utilities/dba_data_files_min.sql,script,utilities,yes
scripts/dba_data_files_shrink.sql,scripts/utilities/dba_data_files_shrink.sql,script,utilities,yes
scripts/dba_data_files_shrink2.sql,scripts/utilities/dba_data_files_shrink2.sql,script,utilities,yes
scripts/dba_data_files_x.sql,scripts/utilities/dba_data_files_x.sql,script,utilities,yes
scripts/dba_datapump_jobs.sql,scripts/maintenance/scheduler/dba_datapump_jobs.sql,script,maintenance/scheduler,yes
scripts/dba_datapump_sessions_longops.sql,scripts/diagnostics/sessions_waits/dba_datapump_sessions_longops.sql,script,diagnostics/sessions_waits,yes
scripts/dba_db_links.sql,scripts/utilities/dba_db_links.sql,script,utilities,yes
scripts/dba_db_links_x.sql,scripts/utilities/dba_db_links_x.sql,script,utilities,yes
scripts/dba_dependencies.sql,scripts/utilities/dba_dependencies.sql,script,utilities,yes
scripts/dba_directories.sql,scripts/utilities/dba_directories.sql,script,utilities,yes
scripts/dba_errors.sql,scripts/utilities/dba_errors.sql,script,utilities,yes
scripts/dba_errors_x.sql,scripts/utilities/dba_errors_x.sql,script,utilities,yes
scripts/dba_extents.sql,scripts/utilities/dba_extents.sql,script,utilities,yes
scripts/dba_feature_usage_statistics.sql,scripts/utilities/dba_feature_usage_statistics.sql,script,utilities,yes
scripts/dba_feature_usage_statistics.sql.txt,docs/utilities/dba_feature_usage_statistics.sql.txt,documentation,utilities,yes
scripts/dba_feature_usage_statistics_java_jvm.sql,scripts/utilities/dba_feature_usage_statistics_java_jvm.sql,script,utilities,yes
scripts/dba_fga_audit_trail.sql,scripts/security/dba_fga_audit_trail.sql,script,security,yes
scripts/dba_hist_active_sess_history.sql,scripts/diagnostics/sessions_waits/dba_hist_active_sess_history.sql,script,diagnostics/sessions_waits,yes
scripts/dba_hist_active_sess_history_pga.sql,scripts/diagnostics/sessions_waits/dba_hist_active_sess_history_pga.sql,script,diagnostics/sessions_waits,yes
scripts/dba_hist_active_sess_history_pga2.sql,scripts/diagnostics/sessions_waits/dba_hist_active_sess_history_pga2.sql,script,diagnostics/sessions_waits,yes
scripts/dba_hist_event_histogram_io.sql,scripts/utilities/dba_hist_event_histogram_io.sql,script,utilities,yes
scripts/dba_hist_mem_dynamic_comp_pga_sga.sql,scripts/utilities/dba_hist_mem_dynamic_comp_pga_sga.sql,script,utilities,yes
scripts/dba_hist_parameter.sql,scripts/utilities/dba_hist_parameter.sql,script,utilities,yes
scripts/dba_hist_pga_sga_stat_usage_hist.sql,scripts/utilities/dba_hist_pga_sga_stat_usage_hist.sql,script,utilities,yes
scripts/dba_hist_pgastat.sql,scripts/utilities/dba_hist_pgastat.sql,script,utilities,yes
scripts/dba_hist_resource_limit.sql,scripts/utilities/dba_hist_resource_limit.sql,script,utilities,yes
scripts/dba_hist_seg_stat.sql,scripts/utilities/dba_hist_seg_stat.sql,script,utilities,yes
scripts/dba_hist_seg_stat_x.sql,scripts/utilities/dba_hist_seg_stat_x.sql,script,utilities,yes
scripts/dba_hist_sgastat_shared_pool_gdaily.sql,scripts/utilities/dba_hist_sgastat_shared_pool_gdaily.sql,script,utilities,yes
scripts/dba_hist_sgastat_shared_pool_gmonth.sql,scripts/utilities/dba_hist_sgastat_shared_pool_gmonth.sql,script,utilities,yes
scripts/dba_hist_snapshot.sql,scripts/utilities/dba_hist_snapshot.sql,script,utilities,yes
scripts/dba_hist_snapshot_indx_usage.sql,scripts/utilities/dba_hist_snapshot_indx_usage.sql,script,utilities,yes
scripts/dba_hist_snapshot_obj_usage.sql,scripts/utilities/dba_hist_snapshot_obj_usage.sql,script,utilities,yes
scripts/dba_hist_snapshot_sqlid.sql,scripts/utilities/dba_hist_snapshot_sqlid.sql,script,utilities,yes
scripts/dba_hist_snapshot_username.sql,scripts/security/dba_hist_snapshot_username.sql,script,security,yes
scripts/dba_hist_sql_plan.sql,scripts/performance/sql_tuning/dba_hist_sql_plan.sql,script,performance/sql_tuning,yes
scripts/dba_hist_sql_workarea_hstgrm_por_dia.sql,scripts/utilities/dba_hist_sql_workarea_hstgrm_por_dia.sql,script,utilities,yes
scripts/dba_hist_sqlbind.sql,scripts/utilities/dba_hist_sqlbind.sql,script,utilities,yes
scripts/dba_hist_sqlbind_x.sql,scripts/utilities/dba_hist_sqlbind_x.sql,script,utilities,yes
scripts/dba_hist_sysmetric_all.sql,scripts/utilities/dba_hist_sysmetric_all.sql,script,utilities,yes
scripts/dba_hist_sysmetric_history_sql_response_time.sql,scripts/utilities/dba_hist_sysmetric_history_sql_response_time.sql,script,utilities,yes
scripts/dba_hist_sysmetric_history_sql_response_time_js.sql,scripts/utilities/dba_hist_sysmetric_history_sql_response_time_js.sql,script,utilities,yes
scripts/dba_hist_sysmetric_summary.sql,scripts/utilities/dba_hist_sysmetric_summary.sql,script,utilities,yes
scripts/dba_hist_sysmetric_summary_cpu_io.sql,scripts/utilities/dba_hist_sysmetric_summary_cpu_io.sql,script,utilities,yes
scripts/dba_hist_sysmetric_summary_cpu_js.sql,scripts/utilities/dba_hist_sysmetric_summary_cpu_js.sql,script,utilities,yes
scripts/dba_hist_sysmetric_summary_io_js.sql,scripts/utilities/dba_hist_sysmetric_summary_io_js.sql,script,utilities,yes
scripts/dba_hist_sysstat.sql,scripts/utilities/dba_hist_sysstat.sql,script,utilities,yes
scripts/dba_hist_system_event.sql,scripts/utilities/dba_hist_system_event.sql,script,utilities,yes
scripts/dba_hist_system_event_io.sql,scripts/utilities/dba_hist_system_event_io.sql,script,utilities,yes
scripts/dba_hist_system_event_io2.sql,scripts/utilities/dba_hist_system_event_io2.sql,script,utilities,yes
scripts/dba_hist_tablespace_stat.sql,scripts/storage/dba_hist_tablespace_stat.sql,script,storage,yes
scripts/dba_hist_tbspc_space_tablespace_usage.sql,scripts/storage/dba_hist_tbspc_space_tablespace_usage.sql,script,storage,yes
scripts/dba_hist_tbspc_space_usage.sql,scripts/utilities/dba_hist_tbspc_space_usage.sql,script,utilities,yes
scripts/dba_hist_undostat.sql,scripts/utilities/dba_hist_undostat.sql,script,utilities,yes
scripts/dba_hist_undostat_usagehist.sql,scripts/utilities/dba_hist_undostat_usagehist.sql,script,utilities,yes
scripts/dba_hist_waitstat.sql,scripts/diagnostics/sessions_waits/dba_hist_waitstat.sql,script,diagnostics/sessions_waits,yes
scripts/dba_ind_columns.sql,scripts/utilities/dba_ind_columns.sql,script,utilities,yes
scripts/dba_ind_columns_x.sql,scripts/utilities/dba_ind_columns_x.sql,script,utilities,yes
scripts/dba_ind_partitions.sql,scripts/utilities/dba_ind_partitions.sql,script,utilities,yes
scripts/dba_ind_partitions_info.sql,scripts/utilities/dba_ind_partitions_info.sql,script,utilities,yes
scripts/dba_indexes.sql,scripts/utilities/dba_indexes.sql,script,utilities,yes
scripts/dba_indexes_duplicate.sql,scripts/utilities/dba_indexes_duplicate.sql,script,utilities,yes
scripts/dba_indexes_info.sql,scripts/utilities/dba_indexes_info.sql,script,utilities,yes
scripts/dba_indexes_invalid.sql,scripts/utilities/dba_indexes_invalid.sql,script,utilities,yes
scripts/dba_indexes_nomon.sql,scripts/utilities/dba_indexes_nomon.sql,script,utilities,yes
scripts/dba_indexes_owner (1).sql,scripts/utilities/dba_indexes_owner (1).sql,script,utilities,yes
scripts/dba_indexes_owner.sql,scripts/utilities/dba_indexes_owner.sql,script,utilities,yes
scripts/dba_indexes_table.sql,scripts/utilities/dba_indexes_table.sql,script,utilities,yes
scripts/dba_indexes_tbs.sql,scripts/utilities/dba_indexes_tbs.sql,script,utilities,yes
scripts/dba_indexes_x.sql,scripts/utilities/dba_indexes_x.sql,script,utilities,yes
scripts/dba_jobs (1).sql,scripts/maintenance/scheduler/dba_jobs (1).sql,script,maintenance/scheduler,yes
scripts/dba_jobs.sql,scripts/maintenance/scheduler/dba_jobs.sql,script,maintenance/scheduler,yes
scripts/dba_jobs_broken.sql,scripts/maintenance/scheduler/dba_jobs_broken.sql,script,maintenance/scheduler,yes
scripts/dba_lobs.sql,scripts/utilities/dba_lobs.sql,script,utilities,yes
scripts/dba_lobs_table.sql,scripts/utilities/dba_lobs_table.sql,script,utilities,yes
scripts/dba_lobs_x.sql,scripts/utilities/dba_lobs_x.sql,script,utilities,yes
scripts/dba_lock.sql,scripts/utilities/dba_lock.sql,script,utilities,yes
scripts/dba_mview_logs.sql,scripts/utilities/dba_mview_logs.sql,script,utilities,yes
scripts/dba_mview_refresh_times.sql,scripts/utilities/dba_mview_refresh_times.sql,script,utilities,yes
scripts/dba_mviews.sql,scripts/utilities/dba_mviews.sql,script,utilities,yes
scripts/dba_object_size.sql,scripts/utilities/dba_object_size.sql,script,utilities,yes
scripts/dba_objects.sql,scripts/utilities/dba_objects.sql,script,utilities,yes
scripts/dba_objects_invalid.sql,scripts/utilities/dba_objects_invalid.sql,script,utilities,yes
scripts/dba_objects_invalid_gowner.sql,scripts/utilities/dba_objects_invalid_gowner.sql,script,utilities,yes
scripts/dba_objects_invalid_owner.sql,scripts/utilities/dba_objects_invalid_owner.sql,script,utilities,yes
scripts/dba_objects_owner.sql,scripts/utilities/dba_objects_owner.sql,script,utilities,yes
scripts/dba_objects_tbs.sql,scripts/utilities/dba_objects_tbs.sql,script,utilities,yes
scripts/dba_objects_x.sql,scripts/utilities/dba_objects_x.sql,script,utilities,yes
scripts/dba_outstanding_alerts.sql,scripts/utilities/dba_outstanding_alerts.sql,script,utilities,yes
scripts/dba_part_Tables.sql,scripts/utilities/dba_part_Tables.sql,script,utilities,yes
scripts/dba_part_indexes.sql,scripts/utilities/dba_part_indexes.sql,script,utilities,yes
scripts/dba_part_key_columns.sql,scripts/utilities/dba_part_key_columns.sql,script,utilities,yes
scripts/dba_part_key_columns_x.sql,scripts/utilities/dba_part_key_columns_x.sql,script,utilities,yes
scripts/dba_pdb_saved_states.sql,scripts/utilities/dba_pdb_saved_states.sql,script,utilities,yes
scripts/dba_pending_transactions.sql,scripts/utilities/dba_pending_transactions.sql,script,utilities,yes
scripts/dba_policies.sql,scripts/utilities/dba_policies.sql,script,utilities,yes
scripts/dba_procedures.sql,scripts/utilities/dba_procedures.sql,script,utilities,yes
scripts/dba_profiles.sql,scripts/performance/sql_tuning/dba_profiles.sql,script,performance/sql_tuning,yes
scripts/dba_proxies.sql,scripts/utilities/dba_proxies.sql,script,utilities,yes
scripts/dba_recyclebin.sql,scripts/utilities/dba_recyclebin.sql,script,utilities,yes
scripts/dba_recyclebin_tbs.sql,scripts/utilities/dba_recyclebin_tbs.sql,script,utilities,yes
scripts/dba_registered_archived_log.sql,scripts/backup_recovery/dataguard/dba_registered_archived_log.sql,script,backup_recovery/dataguard,yes
scripts/dba_registry.sql,scripts/utilities/dba_registry.sql,script,utilities,yes
scripts/dba_registry_history.sql,scripts/utilities/dba_registry_history.sql,script,utilities,yes
scripts/dba_registry_sqlpatch.sql,scripts/utilities/dba_registry_sqlpatch.sql,script,utilities,yes
scripts/dba_registry_sqlpatch_12.sql,scripts/utilities/dba_registry_sqlpatch_12.sql,script,utilities,yes
scripts/dba_role_privs.sql,scripts/security/dba_role_privs.sql,script,security,yes
scripts/dba_role_privs_x (1).sql,scripts/security/dba_role_privs_x (1).sql,script,security,yes
scripts/dba_role_privs_x.sql,scripts/security/dba_role_privs_x.sql,script,security,yes
scripts/dba_roles.sql,scripts/security/dba_roles.sql,script,security,yes
scripts/dba_roles_x.sql,scripts/security/dba_roles_x.sql,script,security,yes
scripts/dba_rollback_segs.sql,scripts/utilities/dba_rollback_segs.sql,script,utilities,yes
scripts/dba_rsrc_consumer_group_privs.sql,scripts/security/dba_rsrc_consumer_group_privs.sql,script,security,yes
scripts/dba_rsrc_plan_directives.sql,scripts/performance/sql_tuning/dba_rsrc_plan_directives.sql,script,performance/sql_tuning,yes
scripts/dba_rsrc_plans.sql,scripts/performance/sql_tuning/dba_rsrc_plans.sql,script,performance/sql_tuning,yes
scripts/dba_scheduler_job_classes.sql,scripts/maintenance/scheduler/dba_scheduler_job_classes.sql,script,maintenance/scheduler,yes
scripts/dba_scheduler_job_log.sql,scripts/maintenance/scheduler/dba_scheduler_job_log.sql,script,maintenance/scheduler,yes
scripts/dba_scheduler_job_run_details.sql,scripts/maintenance/scheduler/dba_scheduler_job_run_details.sql,script,maintenance/scheduler,yes
scripts/dba_scheduler_jobs.sql,scripts/maintenance/scheduler/dba_scheduler_jobs.sql,script,maintenance/scheduler,yes
scripts/dba_scheduler_programs.sql,scripts/maintenance/scheduler/dba_scheduler_programs.sql,script,maintenance/scheduler,yes
scripts/dba_scheduler_schedules.sql,scripts/maintenance/scheduler/dba_scheduler_schedules.sql,script,maintenance/scheduler,yes
scripts/dba_scheduler_window_groups.sql,scripts/maintenance/scheduler/dba_scheduler_window_groups.sql,script,maintenance/scheduler,yes
scripts/dba_scheduler_windows.sql,scripts/maintenance/scheduler/dba_scheduler_windows.sql,script,maintenance/scheduler,yes
scripts/dba_scheduler_windows_x.sql,scripts/maintenance/scheduler/dba_scheduler_windows_x.sql,script,maintenance/scheduler,yes
scripts/dba_segments (1).sql,scripts/utilities/dba_segments (1).sql,script,utilities,yes
scripts/dba_segments.sql,scripts/utilities/dba_segments.sql,script,utilities,yes
scripts/dba_segments_compactar.sql,scripts/utilities/dba_segments_compactar.sql,script,utilities,yes
scripts/dba_segments_gowner (1).sql,scripts/utilities/dba_segments_gowner (1).sql,script,utilities,yes
scripts/dba_segments_gowner.sql,scripts/utilities/dba_segments_gowner.sql,script,utilities,yes
scripts/dba_segments_index.sql,scripts/utilities/dba_segments_index.sql,script,utilities,yes
scripts/dba_segments_owner.sql,scripts/utilities/dba_segments_owner.sql,script,utilities,yes
scripts/dba_segments_tbs (1).sql,scripts/utilities/dba_segments_tbs (1).sql,script,utilities,yes
scripts/dba_segments_tbs.sql,scripts/utilities/dba_segments_tbs.sql,script,utilities,yes
scripts/dba_segments_x (1).sql,scripts/utilities/dba_segments_x (1).sql,script,utilities,yes
scripts/dba_segments_x.sql,scripts/utilities/dba_segments_x.sql,script,utilities,yes
scripts/dba_services.sql,scripts/utilities/dba_services.sql,script,utilities,yes
scripts/dba_source.sql,scripts/utilities/dba_source.sql,script,utilities,yes
scripts/dba_source_x.sql,scripts/utilities/dba_source_x.sql,script,utilities,yes
scripts/dba_source_x_like.sql,scripts/utilities/dba_source_x_like.sql,script,utilities,yes
scripts/dba_source_x_line.sql,scripts/utilities/dba_source_x_line.sql,script,utilities,yes
scripts/dba_source_x_line_beet.sql,scripts/utilities/dba_source_x_line_beet.sql,script,utilities,yes
scripts/dba_sql_patches.sql,scripts/utilities/dba_sql_patches.sql,script,utilities,yes
scripts/dba_sql_plan_baselines.sql,scripts/performance/sql_tuning/dba_sql_plan_baselines.sql,script,performance/sql_tuning,yes
scripts/dba_sql_profiles.sql,scripts/performance/sql_tuning/dba_sql_profiles.sql,script,performance/sql_tuning,yes
scripts/dba_sqlset.sql,scripts/utilities/dba_sqlset.sql,script,utilities,yes
scripts/dba_stat_extensions.sql,scripts/utilities/dba_stat_extensions.sql,script,utilities,yes
scripts/dba_synonyms.sql,scripts/utilities/dba_synonyms.sql,script,utilities,yes
scripts/dba_synonyms_x.sql,scripts/utilities/dba_synonyms_x.sql,script,utilities,yes
scripts/dba_sys_privs.sql,scripts/security/dba_sys_privs.sql,script,security,yes
scripts/dba_sys_privs_x.sql,scripts/security/dba_sys_privs_x.sql,script,security,yes
scripts/dba_tab_col_statistics.sql,scripts/utilities/dba_tab_col_statistics.sql,script,utilities,yes
scripts/dba_tab_columns.sql,scripts/utilities/dba_tab_columns.sql,script,utilities,yes
scripts/dba_tab_columns_x.sql,scripts/utilities/dba_tab_columns_x.sql,script,utilities,yes
scripts/dba_tab_comments_x.sql,scripts/utilities/dba_tab_comments_x.sql,script,utilities,yes
scripts/dba_tab_histograms.sql,scripts/utilities/dba_tab_histograms.sql,script,utilities,yes
scripts/dba_tab_modifications.sql,scripts/utilities/dba_tab_modifications.sql,script,utilities,yes
scripts/dba_tab_modifications_stats.sql,scripts/performance/sql_tuning/dba_tab_modifications_stats.sql,script,performance/sql_tuning,yes
scripts/dba_tab_part_seg.sql,scripts/utilities/dba_tab_part_seg.sql,script,utilities,yes
scripts/dba_tab_part_sub_count.sql,scripts/utilities/dba_tab_part_sub_count.sql,script,utilities,yes
scripts/dba_tab_partitions.sql,scripts/utilities/dba_tab_partitions.sql,script,utilities,yes
scripts/dba_tab_partitions_owner.sql,scripts/utilities/dba_tab_partitions_owner.sql,script,utilities,yes
scripts/dba_tab_partitions_size.sql,scripts/utilities/dba_tab_partitions_size.sql,script,utilities,yes
scripts/dba_tab_partitions_x.sql,scripts/utilities/dba_tab_partitions_x.sql,script,utilities,yes
scripts/dba_tab_privs.sql,scripts/security/dba_tab_privs.sql,script,security,yes
scripts/dba_tab_privs_x.sql,scripts/security/dba_tab_privs_x.sql,script,security,yes
scripts/dba_tab_privs_xd.sql,scripts/security/dba_tab_privs_xd.sql,script,security,yes
scripts/dba_tab_statistics.sql,scripts/utilities/dba_tab_statistics.sql,script,utilities,yes
scripts/dba_tab_subpartitions.sql,scripts/utilities/dba_tab_subpartitions.sql,script,utilities,yes
scripts/dba_tab_subpartitions_sum_size.sql,scripts/utilities/dba_tab_subpartitions_sum_size.sql,script,utilities,yes
scripts/dba_tables.sql,scripts/utilities/dba_tables.sql,script,utilities,yes
scripts/dba_tables_last_analyzed.sql,scripts/maintenance/stats/dba_tables_last_analyzed.sql,script,maintenance/stats,yes
scripts/dba_tables_owner (1).sql,scripts/utilities/dba_tables_owner (1).sql,script,utilities,yes
scripts/dba_tables_owner.sql,scripts/utilities/dba_tables_owner.sql,script,utilities,yes
scripts/dba_tables_owner_tbs (1).sql,scripts/utilities/dba_tables_owner_tbs (1).sql,script,utilities,yes
scripts/dba_tables_owner_tbs.sql,scripts/utilities/dba_tables_owner_tbs.sql,script,utilities,yes
scripts/dba_tables_porcent_estad (1).sql,scripts/utilities/dba_tables_porcent_estad (1).sql,script,utilities,yes
scripts/dba_tables_porcent_estad.sql,scripts/utilities/dba_tables_porcent_estad.sql,script,utilities,yes
scripts/dba_tables_tbs (1).sql,scripts/utilities/dba_tables_tbs (1).sql,script,utilities,yes
scripts/dba_tables_tbs.sql,scripts/utilities/dba_tables_tbs.sql,script,utilities,yes
scripts/dba_tables_x.sql,scripts/utilities/dba_tables_x.sql,script,utilities,yes
scripts/dba_tablespace_usage_metrics.sql,scripts/storage/dba_tablespace_usage_metrics.sql,script,storage,yes
scripts/dba_tablespaces.sql,scripts/storage/dba_tablespaces.sql,script,storage,yes
scripts/dba_temp_files.sql,scripts/utilities/dba_temp_files.sql,script,utilities,yes
scripts/dba_triggers.sql,scripts/utilities/dba_triggers.sql,script,utilities,yes
scripts/dba_triggers_logon.sql,scripts/utilities/dba_triggers_logon.sql,script,utilities,yes
scripts/dba_triggers_owner (1).sql,scripts/utilities/dba_triggers_owner (1).sql,script,utilities,yes
scripts/dba_triggers_owner.sql,scripts/utilities/dba_triggers_owner.sql,script,utilities,yes
scripts/dba_triggers_x (1).sql,scripts/utilities/dba_triggers_x (1).sql,script,utilities,yes
scripts/dba_triggers_x.sql,scripts/utilities/dba_triggers_x.sql,script,utilities,yes
scripts/dba_ts_quotas.sql,scripts/utilities/dba_ts_quotas.sql,script,utilities,yes
scripts/dba_undo_extents.sql,scripts/utilities/dba_undo_extents.sql,script,utilities,yes
scripts/dba_users.sql,scripts/security/dba_users.sql,script,security,yes
scripts/dba_users_password_changed.sql,scripts/security/dba_users_password_changed.sql,script,security,yes
scripts/dba_users_x.sql,scripts/security/dba_users_x.sql,script,security,yes
scripts/dba_views_x.sql,scripts/utilities/dba_views_x.sql,script,utilities,yes
scripts/dbasnapshot_database_10g.sql,scripts/utilities/dbasnapshot_database_10g.sql,script,utilities,yes
scripts/dbctrl10g.sql,scripts/utilities/dbctrl10g.sql,script,utilities,yes
scripts/dbctrl9i.sql,scripts/utilities/dbctrl9i.sql,script,utilities,yes
scripts/dbinfo.sql,scripts/utilities/dbinfo.sql,script,utilities,yes
scripts/dblink_create.sql,scripts/utilities/dblink_create.sql,script,utilities,yes
scripts/dblink_drop.sql,scripts/utilities/dblink_drop.sql,script,utilities,yes
scripts/dblinks.sql,scripts/utilities/dblinks.sql,script,utilities,yes
scripts/dbms.sqltune.cancel_tuning_task.sql,scripts/performance/sql_tuning/dbms.sqltune.cancel_tuning_task.sql,script,performance/sql_tuning,yes
scripts/dbms.sqltune.execute_tuning_task.sql,scripts/performance/sql_tuning/dbms.sqltune.execute_tuning_task.sql,script,performance/sql_tuning,yes
scripts/dbms.sqltune.interrupt_tuning_task.sql,scripts/performance/sql_tuning/dbms.sqltune.interrupt_tuning_task.sql,script,performance/sql_tuning,yes
scripts/dbms.sqltune.reset_tuning_task.sql,scripts/performance/sql_tuning/dbms.sqltune.reset_tuning_task.sql,script,performance/sql_tuning,yes
scripts/dbms.sqltune.resume_tuning_task.sql,scripts/performance/sql_tuning/dbms.sqltune.resume_tuning_task.sql,script,performance/sql_tuning,yes
scripts/dbms_advisor_create_task.sql,scripts/utilities/dbms_advisor_create_task.sql,script,utilities,yes
scripts/dbms_advisor_ejemplo_tabla.txt,docs/utilities/dbms_advisor_ejemplo_tabla.txt,documentation,utilities,yes
scripts/dbms_datapump.examples.sql,scripts/utilities/dbms_datapump.examples.sql,script,utilities,yes
scripts/dbms_datapump.stop_job.sql,scripts/maintenance/scheduler/dbms_datapump.stop_job.sql,script,maintenance/scheduler,yes
scripts/dbms_ijob.txt,docs/maintenance/scheduler/dbms_ijob.txt,documentation,maintenance/scheduler,yes
scripts/dbms_jobs.remove (1).sql,scripts/maintenance/scheduler/dbms_jobs.remove (1).sql,script,maintenance/scheduler,yes
scripts/dbms_jobs.remove.sql,scripts/maintenance/scheduler/dbms_jobs.remove.sql,script,maintenance/scheduler,yes
scripts/dbms_jobs.remove_all.sql,scripts/maintenance/scheduler/dbms_jobs.remove_all.sql,script,maintenance/scheduler,yes
scripts/dbms_metadata.session_transform.sql,scripts/diagnostics/sessions_waits/dbms_metadata.session_transform.sql,script,diagnostics/sessions_waits,yes
scripts/dbms_network_acl_admin_ex.sql,scripts/utilities/dbms_network_acl_admin_ex.sql,script,utilities,yes
scripts/dbms_perf.report_sql.sql,scripts/utilities/dbms_perf.report_sql.sql,script,utilities,yes
scripts/dbms_resource_manager.pga.sql,scripts/utilities/dbms_resource_manager.pga.sql,script,utilities,yes
scripts/dbms_scheduler.add_window_group_member.sql,scripts/maintenance/scheduler/dbms_scheduler.add_window_group_member.sql,script,maintenance/scheduler,yes
scripts/dbms_scheduler.close_window.sql,scripts/maintenance/scheduler/dbms_scheduler.close_window.sql,script,maintenance/scheduler,yes
scripts/dbms_scheduler.create_job.sql,scripts/maintenance/scheduler/dbms_scheduler.create_job.sql,script,maintenance/scheduler,yes
scripts/dbms_scheduler.create_program.sql,scripts/maintenance/scheduler/dbms_scheduler.create_program.sql,script,maintenance/scheduler,yes
scripts/dbms_scheduler.create_schedule.sql,scripts/maintenance/scheduler/dbms_scheduler.create_schedule.sql,script,maintenance/scheduler,yes
scripts/dbms_scheduler.create_window.sql,scripts/maintenance/scheduler/dbms_scheduler.create_window.sql,script,maintenance/scheduler,yes
scripts/dbms_scheduler.create_window_group.sql,scripts/maintenance/scheduler/dbms_scheduler.create_window_group.sql,script,maintenance/scheduler,yes
scripts/dbms_scheduler.disable_job.sql,scripts/maintenance/scheduler/dbms_scheduler.disable_job.sql,script,maintenance/scheduler,yes
scripts/dbms_scheduler.drop_job.sql,scripts/maintenance/scheduler/dbms_scheduler.drop_job.sql,script,maintenance/scheduler,yes
scripts/dbms_scheduler.drop_schedule.sql,scripts/maintenance/scheduler/dbms_scheduler.drop_schedule.sql,script,maintenance/scheduler,yes
scripts/dbms_scheduler.drop_window.sql,scripts/maintenance/scheduler/dbms_scheduler.drop_window.sql,script,maintenance/scheduler,yes
scripts/dbms_scheduler.enable_job.sql,scripts/maintenance/scheduler/dbms_scheduler.enable_job.sql,script,maintenance/scheduler,yes
scripts/dbms_scheduler.modify_job.sql,scripts/maintenance/scheduler/dbms_scheduler.modify_job.sql,script,maintenance/scheduler,yes
scripts/dbms_scheduler.open_window.sql,scripts/maintenance/scheduler/dbms_scheduler.open_window.sql,script,maintenance/scheduler,yes
scripts/dbms_scheduler.remove_window_group_member.sql,scripts/maintenance/scheduler/dbms_scheduler.remove_window_group_member.sql,script,maintenance/scheduler,yes
scripts/dbms_scheduler.stop_job.sql,scripts/maintenance/scheduler/dbms_scheduler.stop_job.sql,script,maintenance/scheduler,yes
scripts/dbms_service_create_service.sql,scripts/utilities/dbms_service_create_service.sql,script,utilities,yes
scripts/dbms_service_status_start.sql,scripts/utilities/dbms_service_status_start.sql,script,utilities,yes
scripts/dbms_space_cost (1).sql,scripts/utilities/dbms_space_cost (1).sql,script,utilities,yes
scripts/dbms_space_cost.sql,scripts/utilities/dbms_space_cost.sql,script,utilities,yes
scripts/dbms_space_recommendations (1).sql,scripts/utilities/dbms_space_recommendations (1).sql,script,utilities,yes
scripts/dbms_space_recommendations.sql,scripts/utilities/dbms_space_recommendations.sql,script,utilities,yes
scripts/dbms_space_recommendations_sql.sql,scripts/utilities/dbms_space_recommendations_sql.sql,script,utilities,yes
scripts/dbms_sqldiag.create_sql_patch.sql,scripts/utilities/dbms_sqldiag.create_sql_patch.sql,script,utilities,yes
scripts/dbms_sqltune.create_sqlset.sql,scripts/performance/sql_tuning/dbms_sqltune.create_sqlset.sql,script,performance/sql_tuning,yes
scripts/dbms_sqltune.create_tuning_task.sql,scripts/performance/sql_tuning/dbms_sqltune.create_tuning_task.sql,script,performance/sql_tuning,yes
scripts/dbms_sqltune.drop_sqlset.sql,scripts/performance/sql_tuning/dbms_sqltune.drop_sqlset.sql,script,performance/sql_tuning,yes
scripts/dbms_sqltune.import_sql_profile.sql,scripts/performance/sql_tuning/dbms_sqltune.import_sql_profile.sql,script,performance/sql_tuning,yes
scripts/dbms_sqltune_example.sql,scripts/performance/sql_tuning/dbms_sqltune_example.sql,script,performance/sql_tuning,yes
scripts/dbms_sqltune_report_x.sql,scripts/performance/sql_tuning/dbms_sqltune_report_x.sql,script,performance/sql_tuning,yes
scripts/dbms_sqltune_tareas.txt,docs/performance/sql_tuning/dbms_sqltune_tareas.txt,documentation,performance/sql_tuning,yes
scripts/dbms_stats.report_col_usage.sql,scripts/performance/sql_tuning/dbms_stats.report_col_usage.sql,script,performance/sql_tuning,yes
scripts/dbms_stats.sql,scripts/performance/sql_tuning/dbms_stats.sql,script,performance/sql_tuning,yes
scripts/dbms_stats_gather_table_stats_param.sql,scripts/performance/sql_tuning/dbms_stats_gather_table_stats_param.sql,script,performance/sql_tuning,yes
scripts/dbms_stats_table.sql,scripts/performance/sql_tuning/dbms_stats_table.sql,script,performance/sql_tuning,yes
scripts/dbms_stats_toma_estadisticas.sql,scripts/performance/sql_tuning/dbms_stats_toma_estadisticas.sql,script,performance/sql_tuning,yes
scripts/dbms_stats_toma_estadisticas_schedule_10g.sql,scripts/performance/sql_tuning/dbms_stats_toma_estadisticas_schedule_10g.sql,script,performance/sql_tuning,yes
scripts/dbms_system.trace.sql,scripts/platform/rac/dbms_system.trace.sql,script,platform/rac,yes
scripts/dbms_utility.compile_schema.sql,scripts/utilities/dbms_utility.compile_schema.sql,script,utilities,yes
scripts/dbs.txt,docs/utilities/dbs.txt,documentation,utilities,yes
scripts/dbs_stats_delete.sql,scripts/performance/sql_tuning/dbs_stats_delete.sql,script,performance/sql_tuning,yes
scripts/dc_clone_sql_profile.sql,scripts/performance/sql_tuning/dc_clone_sql_profile.sql,script,performance/sql_tuning,yes
scripts/dc_perf_report_sqlid.sql,scripts/utilities/dc_perf_report_sqlid.sql,script,utilities,yes
scripts/dc_recomp_obj_01.sql,scripts/utilities/dc_recomp_obj_01.sql,script,utilities,yes
scripts/decrease_data_files.sql,scripts/utilities/decrease_data_files.sql,script,utilities,yes
scripts/deinstall_oracle_home.txt,docs/platform/rac/deinstall_oracle_home.txt,documentation,platform/rac,yes
scripts/delete_archivelog.sh,scripts/backup_recovery/dataguard/delete_archivelog.sh,script,backup_recovery/dataguard,yes
scripts/delete_table_stats.sql,scripts/performance/sql_tuning/delete_table_stats.sql,script,performance/sql_tuning,yes
scripts/depura_orabpel_audit.sh,scripts/security/depura_orabpel_audit.sh,script,security,yes
scripts/desc_table.sql,scripts/utilities/desc_table.sql,script,utilities,yes
scripts/desc_table_const.sql,scripts/utilities/desc_table_const.sql,script,utilities,yes
scripts/dg_Primary_diag_CDB196_Sep27_0242.LST,generated/dg_Primary_diag_CDB196_Sep27_0242.LST,generated_output,utilities,yes
scripts/diag_alert_ext.sql,scripts/utilities/diag_alert_ext.sql,script,utilities,yes
scripts/diag_info.sql,scripts/utilities/diag_info.sql,script,utilities,yes
scripts/dict.sql,scripts/utilities/dict.sql,script,utilities,yes
scripts/dictionary_hit_ratio.sql,scripts/utilities/dictionary_hit_ratio.sql,script,utilities,yes
scripts/dictionary_x.sql,scripts/utilities/dictionary_x.sql,script,utilities,yes
scripts/diff_archivelogs_gap.sql,scripts/backup_recovery/dataguard/diff_archivelogs_gap.sql,script,backup_recovery/dataguard,yes
scripts/diff_parameters.sql,scripts/utilities/diff_parameters.sql,script,utilities,yes
scripts/diff_parameters_rac.sql,scripts/platform/rac/diff_parameters_rac.sql,script,platform/rac,yes
scripts/discoverer.sql,scripts/utilities/discoverer.sql,script,utilities,yes
scripts/docker_oracle_start.txt,docs/platform/rac/docker_oracle_start.txt,documentation,platform/rac,yes
scripts/dot_ori_orig.sql,scripts/utilities/dot_ori_orig.sql,script,utilities,yes
scripts/dp_backup.sh,scripts/utilities/dp_backup.sh,script,utilities,yes
scripts/drop_context_queue_tables (1).sql,scripts/utilities/drop_context_queue_tables (1).sql,script,utilities,yes
scripts/drop_context_queue_tables.sql,scripts/utilities/drop_context_queue_tables.sql,script,utilities,yes
scripts/drop_db_link.sql,scripts/utilities/drop_db_link.sql,script,utilities,yes
scripts/drop_tbs_temp (1).sql,scripts/utilities/drop_tbs_temp (1).sql,script,utilities,yes
scripts/drop_tbs_temp.sql,scripts/utilities/drop_tbs_temp.sql,script,utilities,yes
scripts/drop_user_cascade.sql,scripts/security/drop_user_cascade.sql,script,security,yes
scripts/drop_user_cascade_new.sql,scripts/security/drop_user_cascade_new.sql,script,security,yes
scripts/dumpfile_header.sql,scripts/utilities/dumpfile_header.sql,script,utilities,yes
scripts/dumping_block.sql,scripts/utilities/dumping_block.sql,script,utilities,yes
scripts/dw_vpd_admin.dw_access_policy.sql,scripts/utilities/dw_vpd_admin.dw_access_policy.sql,script,utilities,yes
scripts/efficiency.out,generated/efficiency.out,generated_output,utilities,yes
scripts/ejemplo_procedure_sun_desa.sql,scripts/utilities/ejemplo_procedure_sun_desa.sql,script,utilities,yes
scripts/em.txt,docs/utilities/em.txt,documentation,utilities,yes
scripts/em_metric_daily_tbs_usage.sql,scripts/utilities/em_metric_daily_tbs_usage.sql,script,utilities,yes
scripts/emcli.relocate_targets.sh,scripts/utilities/emcli.relocate_targets.sh,script,utilities,yes
scripts/emctl_blackout.txt,docs/utilities/emctl_blackout.txt,documentation,utilities,yes
scripts/emctl_commands.sh,scripts/utilities/emctl_commands.sh,script,utilities,yes
scripts/enable_db_block_change_tracking.sql,scripts/platform/rac/enable_db_block_change_tracking.sql,script,platform/rac,yes
scripts/enable_trace_role_plustrace.sql,scripts/security/enable_trace_role_plustrace.sql,script,security,yes
scripts/errores2.log,generated/errores2.log,generated_output,utilities,yes
scripts/espacioenFSxtablespace-datafile-xFileSystem.sql,scripts/storage/espacioenFSxtablespace-datafile-xFileSystem.sql,script,storage,yes
scripts/espacioenFSxtablespace-datafile.sql,scripts/storage/espacioenFSxtablespace-datafile.sql,script,storage,yes
scripts/estadistica_segmentos.sql,scripts/utilities/estadistica_segmentos.sql,script,utilities,yes
scripts/estadisticas-usuarios.sql,scripts/utilities/estadisticas-usuarios.sql,script,utilities,yes
scripts/eul.sql,scripts/utilities/eul.sql,script,utilities,yes
scripts/eventmetric_io.sql,scripts/utilities/eventmetric_io.sql,script,utilities,yes
scripts/events (1).sql,scripts/utilities/events (1).sql,script,utilities,yes
scripts/events.sql,scripts/utilities/events.sql,script,utilities,yes
scripts/exa.io.mystat.sql,scripts/utilities/exa.io.mystat.sql,script,utilities,yes
scripts/exa.io.wait_event.sql,scripts/diagnostics/sessions_waits/exa.io.wait_event.sql,script,diagnostics/sessions_waits,yes
scripts/exa.test.smart_scan.sql,scripts/utilities/exa.test.smart_scan.sql,script,utilities,yes
scripts/exadata/GetExaWatcherResults.sh,scripts/platform/exadata/GetExaWatcherResults.sh,script,platform/exadata,yes
scripts/exadata/alter_all_indexes_degree.sql,scripts/third_party/tanel_poder/exadata/alter_all_indexes_degree.sql,script,platform/exadata,yes
scripts/exadata/alter_griddisks_example.txt,docs/platform/exadata/alter_griddisks_example.txt,documentation,platform/exadata,yes
scripts/exadata/altergriddisks_note1.txt,docs/platform/exadata/altergriddisks_note1.txt,documentation,platform/exadata,yes
scripts/exadata/altergriddisks_note2.txt,docs/platform/exadata/altergriddisks_note2.txt,documentation,platform/exadata,yes
scripts/exadata/ash_storage.sql,scripts/third_party/tanel_poder/exadata/ash_storage.sql,script,platform/exadata,yes
scripts/exadata/badfetch.sql,scripts/third_party/tanel_poder/exadata/badfetch.sql,script,platform/exadata,yes
scripts/exadata/cell.sql,scripts/third_party/tanel_poder/exadata/cell.sql,script,platform/exadata,yes
scripts/exadata/cell_intrablock_chaining.sql,scripts/third_party/tanel_poder/exadata/cell_intrablock_chaining.sql,script,platform/exadata,yes
scripts/exadata/cell_scan_resulting_traffic.sql,scripts/third_party/tanel_poder/exadata/cell_scan_resulting_traffic.sql,script,platform/exadata,yes
scripts/exadata/cellash.sh,scripts/platform/exadata/cellash.sh,script,platform/exadata,yes
scripts/exadata/cellcli_cellstatus.sh,scripts/platform/exadata/cellcli_cellstatus.sh,script,platform/exadata,yes
scripts/exadata/cellcli_listdisk.txt,docs/platform/exadata/cellcli_listdisk.txt,documentation,platform/exadata,yes
scripts/exadata/cellcli_listgriddisks.txt,docs/platform/exadata/cellcli_listgriddisks.txt,documentation,platform/exadata,yes
scripts/exadata/cellio.sql,scripts/third_party/tanel_poder/exadata/cellio.sql,script,platform/exadata,yes
scripts/exadata/celliorm.sql,scripts/third_party/tanel_poder/exadata/celliorm.sql,script,platform/exadata,yes
scripts/exadata/cellpd.sql,scripts/third_party/tanel_poder/exadata/cellpd.sql,script,platform/exadata,yes
scripts/exadata/cellpdx.sql,scripts/third_party/tanel_poder/exadata/cellpdx.sql,script,platform/exadata,yes
scripts/exadata/cellsrvstat_metrics.txt,docs/platform/exadata/cellsrvstat_metrics.txt,documentation,platform/exadata,yes
scripts/exadata/cellver.sql,scripts/third_party/tanel_poder/exadata/cellver.sql,script,platform/exadata,yes
scripts/exadata/comptype.sql,scripts/third_party/tanel_poder/exadata/comptype.sql,script,platform/exadata,yes
scripts/exadata/cth.sql,scripts/third_party/tanel_poder/exadata/cth.sql,script,platform/exadata,yes
scripts/exadata/default_flash_cache_for_user.sql,scripts/third_party/tanel_poder/exadata/default_flash_cache_for_user.sql,script,security,yes
scripts/exadata/demos/bloom_minmax_storage_index.sql,scripts/third_party/tanel_poder/exadata/demos/bloom_minmax_storage_index.sql,script,platform/exadata,yes
scripts/exadata/demos/bloom_minmax_storage_index2.sql,scripts/third_party/tanel_poder/exadata/demos/bloom_minmax_storage_index2.sql,script,platform/exadata,yes
scripts/exadata/demos/bloom_minmax_storage_index3.sql,scripts/third_party/tanel_poder/exadata/demos/bloom_minmax_storage_index3.sql,script,platform/exadata,yes
scripts/exadata/demos/calibrate_cell.txt,docs/platform/exadata/demos/calibrate_cell.txt,documentation,platform/exadata,yes
scripts/exadata/demos/enkcel02_disk_io_issue.txt,docs/platform/exadata/demos/enkcel02_disk_io_issue.txt,documentation,platform/exadata,yes
scripts/exadata/demos/flash_cache_demos.sql,scripts/third_party/tanel_poder/exadata/demos/flash_cache_demos.sql,script,platform/exadata,yes
scripts/exadata/demos/get_cust_name.sql,scripts/third_party/tanel_poder/exadata/demos/get_cust_name.sql,script,platform/exadata,yes
scripts/exadata/demos/part_table.sql,scripts/third_party/tanel_poder/exadata/demos/part_table.sql,script,platform/exadata,yes
scripts/exadata/demos/row_filtering.sql,scripts/third_party/tanel_poder/exadata/demos/row_filtering.sql,script,platform/exadata,yes
scripts/exadata/demos/soe_orders.sql,scripts/third_party/tanel_poder/exadata/demos/soe_orders.sql,script,platform/exadata,yes
scripts/exadata/demos/soe_orders_bloom_storidx.sql,scripts/third_party/tanel_poder/exadata/demos/soe_orders_bloom_storidx.sql,script,platform/exadata,yes
scripts/exadata/demos/soe_orders_index.sql,scripts/third_party/tanel_poder/exadata/demos/soe_orders_index.sql,script,platform/exadata,yes
scripts/exadata/disable_flash_cache_for_user.sql,scripts/third_party/tanel_poder/exadata/disable_flash_cache_for_user.sql,script,security,yes
scripts/exadata/enable_flash_cache_for_user.sql,scripts/third_party/tanel_poder/exadata/enable_flash_cache_for_user.sql,script,security,yes
scripts/exadata/esql.sql,scripts/third_party/tanel_poder/exadata/esql.sql,script,platform/exadata,yes
scripts/exadata/exadata_system_stats_gather.sql,scripts/performance/sql_tuning/exadata_system_stats_gather.sql,script,performance/sql_tuning,yes
scripts/exadata/exadisktopo.sql,scripts/third_party/tanel_poder/exadata/exadisktopo.sql,script,platform/exadata,yes
scripts/exadata/exadisktopo2.sql,scripts/third_party/tanel_poder/exadata/exadisktopo2.sql,script,platform/exadata,yes
scripts/exadata/exafriendly.sql,scripts/third_party/tanel_poder/exadata/exafriendly.sql,script,platform/exadata,yes
scripts/exadata/exasnap.sql,scripts/third_party/tanel_poder/exadata/exasnap.sql,script,platform/exadata,yes
scripts/exadata/exasnapper_install_latest.sql,scripts/third_party/tanel_poder/exadata/exasnapper_install_latest.sql,script,platform/exadata,yes
scripts/exadata/exastat.py,scripts/third_party/tanel_poder/exadata/exastat.py,script,platform/exadata,yes
scripts/exadata/exatest.sql,scripts/third_party/tanel_poder/exadata/exatest.sql,script,platform/exadata,yes
scripts/exadata/hcc_cu_size.sql,scripts/third_party/tanel_poder/exadata/hcc_cu_size.sql,script,platform/exadata,yes
scripts/exadata/hcc_cu_size_cellstats.sql,scripts/third_party/tanel_poder/exadata/hcc_cu_size_cellstats.sql,script,performance/sql_tuning,yes
scripts/exadata/in_memory_px_test.sql,scripts/third_party/tanel_poder/exadata/in_memory_px_test.sql,script,platform/exadata,yes
scripts/exadata/io_optimized_sql.sql,scripts/third_party/tanel_poder/exadata/io_optimized_sql.sql,script,platform/exadata,yes
scripts/exadata/ioeff.sql,scripts/third_party/tanel_poder/exadata/ioeff.sql,script,platform/exadata,yes
scripts/exadata/make_all_indexes_invisible.sql,scripts/third_party/tanel_poder/exadata/make_all_indexes_invisible.sql,script,platform/exadata,yes
scripts/exadata/make_all_indexes_visible.sql,scripts/third_party/tanel_poder/exadata/make_all_indexes_visible.sql,script,platform/exadata,yes
scripts/exadata/mon_topsql.sql,scripts/third_party/tanel_poder/exadata/mon_topsql.sql,script,platform/exadata,yes
scripts/exadata/mon_topsql2.sql,scripts/third_party/tanel_poder/exadata/mon_topsql2.sql,script,platform/exadata,yes
scripts/exadata/nls_smart_scan.sql,scripts/third_party/tanel_poder/exadata/nls_smart_scan.sql,script,platform/exadata,yes
scripts/exadata/osw/oswextract.sh,scripts/platform/exadata/osw/oswextract.sh,script,platform/exadata,yes
scripts/exadata/patching_notes.txt,docs/platform/exadata/patching_notes.txt,documentation,platform/exadata,yes
scripts/exadata/runcellash.sh,scripts/platform/exadata/runcellash.sh,script,platform/exadata,yes
scripts/exadata/smx.sql,scripts/third_party/tanel_poder/exadata/smx.sql,script,platform/exadata,yes
scripts/exadata/topsql.sql,scripts/third_party/tanel_poder/exadata/topsql.sql,script,platform/exadata,yes
scripts/exadata/vmServers/command-line-tools.txt,docs/platform/exadata/vmservers/command-line-tools.txt,documentation,platform/exadata,yes
scripts/exadata/vmServers/create_fs.txt,docs/platform/exadata/vmservers/create_fs.txt,documentation,platform/exadata,yes
scripts/exadata/workload_index_control/setup_workload_index_control.sql,scripts/third_party/tanel_poder/exadata/workload_index_control/setup_workload_index_control.sql,script,platform/exadata,yes
scripts/exadata/workload_index_control/test_workload_index_control.sql,scripts/third_party/tanel_poder/exadata/workload_index_control/test_workload_index_control.sql,script,platform/exadata,yes
scripts/exawatcher_path.txt,docs/utilities/exawatcher_path.txt,documentation,utilities,yes
scripts/exec_stats_stale.sh,scripts/maintenance/stats/exec_stats_stale.sh,script,maintenance/stats,yes
scripts/exit.sql,scripts/utilities/exit.sql,script,utilities,yes
scripts/exp_active.sql,scripts/utilities/exp_active.sql,script,utilities,yes
scripts/exp_avg.sql,scripts/utilities/exp_avg.sql,script,utilities,yes
scripts/exp_env.sql,scripts/utilities/exp_env.sql,script,utilities,yes
scripts/exp_eom.sql,scripts/utilities/exp_eom.sql,script,utilities,yes
scripts/exp_files.sql,scripts/utilities/exp_files.sql,script,utilities,yes
scripts/exp_gantt.sql,scripts/utilities/exp_gantt.sql,script,utilities,yes
scripts/exp_jobsize.sql,scripts/maintenance/scheduler/exp_jobsize.sql,script,maintenance/scheduler,yes
scripts/exp_jobsize2.sql,scripts/maintenance/scheduler/exp_jobsize2.sql,script,maintenance/scheduler,yes
scripts/exp_jobsize_avgavg.sql,scripts/maintenance/scheduler/exp_jobsize_avgavg.sql,script,maintenance/scheduler,yes
scripts/exp_jobsize_avgmax.sql,scripts/maintenance/scheduler/exp_jobsize_avgmax.sql,script,maintenance/scheduler,yes
scripts/exp_jobsize_max.sql,scripts/maintenance/scheduler/exp_jobsize_max.sql,script,maintenance/scheduler,yes
scripts/exp_r.sql,scripts/utilities/exp_r.sql,script,utilities,yes
scripts/exp_sizing.sql,scripts/utilities/exp_sizing.sql,script,utilities,yes
scripts/exp_total.sql,scripts/utilities/exp_total.sql,script,utilities,yes
scripts/expdp_database.sh,scripts/utilities/expdp_database.sh,script,utilities,yes
scripts/expdp_par_examples.txt,docs/utilities/expdp_par_examples.txt,documentation,utilities,yes
scripts/explain.sql,scripts/utilities/explain.sql,script,utilities,yes
scripts/explain_outline.sql,scripts/utilities/explain_outline.sql,script,utilities,yes
scripts/explain_plan (1).sql,scripts/performance/sql_tuning/explain_plan (1).sql,script,performance/sql_tuning,yes
scripts/explain_plan.sql,scripts/performance/sql_tuning/explain_plan.sql,script,performance/sql_tuning,yes
scripts/explain_sqls.sql,scripts/utilities/explain_sqls.sql,script,utilities,yes
scripts/export+cold.sh,scripts/utilities/export+cold.sh,script,utilities,yes
scripts/export_owner.sh,scripts/utilities/export_owner.sh,script,utilities,yes
scripts/filestat_tbs.sql,scripts/utilities/filestat_tbs.sql,script,utilities,yes
scripts/find_files_by_date.sh,scripts/utilities/find_files_by_date.sh,script,utilities,yes
scripts/find_grep_sqlnet_params.sh,scripts/utilities/find_grep_sqlnet_params.sh,script,utilities,yes
scripts/find_sql.sql,scripts/utilities/find_sql.sql,script,utilities,yes
scripts/find_sql_mem.sql,scripts/utilities/find_sql_mem.sql,script,utilities,yes
scripts/find_unique_date.sh,scripts/utilities/find_unique_date.sh,script,utilities,yes
scripts/fix_sql_profile_hint.sql,scripts/third_party/performance_sql_tuning/fix_sql_profile_hint.sql,script,performance/sql_tuning,yes
scripts/flash_recovery_area_usage.sql,scripts/utilities/flash_recovery_area_usage.sql,script,utilities,yes
scripts/flashback.sql,scripts/utilities/flashback.sql,script,utilities,yes
scripts/flashback_database_log.sql,scripts/utilities/flashback_database_log.sql,script,utilities,yes
scripts/flashback_database_logfile.sql,scripts/utilities/flashback_database_logfile.sql,script,utilities,yes
scripts/flashback_original.sql,scripts/utilities/flashback_original.sql,script,utilities,yes
scripts/flashback_query.sql,scripts/utilities/flashback_query.sql,script,utilities,yes
scripts/flush_cursor_0w05fqk6fb1v7.txt,docs/utilities/flush_cursor_0w05fqk6fb1v7.txt,documentation,utilities,yes
scripts/flush_cursor_cur1qzxuyz7hc.txt,docs/utilities/flush_cursor_cur1qzxuyz7hc.txt,documentation,utilities,yes
scripts/flush_shared_pool_sqlid.sql,scripts/utilities/flush_shared_pool_sqlid.sql,script,utilities,yes
scripts/formatofecha.sql,scripts/utilities/formatofecha.sql,script,utilities,yes
scripts/fra.sql,scripts/utilities/fra.sql,script,utilities,yes
scripts/free_memory.sql,scripts/utilities/free_memory.sql,script,utilities,yes
scripts/full (1).sh,scripts/utilities/full (1).sh,script,utilities,yes
scripts/full (1).sql,scripts/utilities/full (1).sql,script,utilities,yes
scripts/full.sh,scripts/utilities/full.sh,script,utilities,yes
scripts/full.sql,scripts/utilities/full.sql,script,utilities,yes
scripts/gardw_eul_purge.sh,scripts/utilities/gardw_eul_purge.sh,script,utilities,yes
scripts/gather_table_stats.sql,scripts/performance/sql_tuning/gather_table_stats.sql,script,performance/sql_tuning,yes
scripts/get_bytes_part_range.sql,scripts/utilities/get_bytes_part_range.sql,script,utilities,yes
scripts/get_db_information.sql,scripts/utilities/get_db_information.sql,script,utilities,yes
scripts/get_ddl (1).sql,scripts/utilities/get_ddl (1).sql,script,utilities,yes
scripts/get_ddl.sql,scripts/utilities/get_ddl.sql,script,utilities,yes
scripts/get_ddl_index.sql,scripts/utilities/get_ddl_index.sql,script,utilities,yes
scripts/get_ddl_indexes_grants.sql,scripts/security/get_ddl_indexes_grants.sql,script,security,yes
scripts/get_ddl_mail.sql,scripts/utilities/get_ddl_mail.sql,script,utilities,yes
scripts/get_ddl_owner.sql,scripts/utilities/get_ddl_owner.sql,script,utilities,yes
scripts/get_ddl_profile.sql,scripts/performance/sql_tuning/get_ddl_profile.sql,script,performance/sql_tuning,yes
scripts/get_ddl_rol (1).sql,scripts/utilities/get_ddl_rol (1).sql,script,utilities,yes
scripts/get_ddl_rol.sql,scripts/utilities/get_ddl_rol.sql,script,utilities,yes
scripts/get_ddl_table.sql,scripts/utilities/get_ddl_table.sql,script,utilities,yes
scripts/get_ddl_tablespaces (1).sql,scripts/storage/get_ddl_tablespaces (1).sql,script,storage,yes
scripts/get_ddl_tablespaces.sql,scripts/storage/get_ddl_tablespaces.sql,script,storage,yes
scripts/get_ddl_user.sql,scripts/security/get_ddl_user.sql,script,security,yes
scripts/get_execplan.sql,scripts/performance/sql_tuning/get_execplan.sql,script,performance/sql_tuning,yes
scripts/get_pparameters_db.sql,scripts/utilities/get_pparameters_db.sql,script,utilities,yes
scripts/get_row_block_id.sql,scripts/utilities/get_row_block_id.sql,script,utilities,yes
scripts/get_view_text.sql,scripts/utilities/get_view_text.sql,script,utilities,yes
scripts/getddl.sql,scripts/utilities/getddl.sql,script,utilities,yes
scripts/ggs_checkpoint.sql,scripts/utilities/ggs_checkpoint.sql,script,utilities,yes
scripts/gi_reconfig_setup.sh,scripts/utilities/gi_reconfig_setup.sh,script,utilities,yes
scripts/goldenGate/GG_create_HBT.sql,scripts/utilities/goldengate/GG_create_HBT.sql,script,utilities,yes
scripts/goldenGate/Procedimiento de re apuntado de Replicats K2V versión 6.docx,docs/utilities/goldengate/Procedimiento de re apuntado de Replicats K2V versión 6.docx,documentation,utilities,yes
scripts/goldenGate/Procedimiento update OGGforBD version 19.txt,docs/utilities/goldengate/Procedimiento update OGGforBD version 19.txt,documentation,utilities,yes
scripts/goldenGate/TechnicalMemory-Extract_Replicat_Unified.pdf,docs/platform/rac/goldengate/TechnicalMemory-Extract_Replicat_Unified.pdf,documentation,platform/rac,yes
scripts/goldenGate/XAG_managed.sh,scripts/utilities/goldengate/XAG_managed.sh,script,utilities,yes
scripts/goldenGate/configure_gg_rac.txt,docs/platform/rac/goldengate/configure_gg_rac.txt,documentation,platform/rac,yes
scripts/goldenGate/gg_notes.txt,docs/utilities/goldengate/gg_notes.txt,documentation,utilities,yes
scripts/goldenGate/gg_relocate_rac.txt,docs/platform/rac/goldengate/gg_relocate_rac.txt,documentation,platform/rac,yes
scripts/goldenGate/gg_stop_drop_capture.sql,scripts/utilities/goldengate/gg_stop_drop_capture.sql,script,utilities,yes
scripts/goldenGate/infocredentialstore.sh,scripts/utilities/goldengate/infocredentialstore.sh,script,utilities,yes
scripts/goldenGate/ogg_12102_health_check.sql,scripts/utilities/goldengate/ogg_12102_health_check.sql,script,utilities,yes
scripts/goldenGate/prm_parsing.sh,scripts/utilities/goldengate/prm_parsing.sh,script,utilities,yes
scripts/goldenGate/reconstruccion_extract.txt,docs/platform/rac/goldengate/reconstruccion_extract.txt,documentation,platform/rac,yes
scripts/goldenGate/recrear_replicats.txt,docs/utilities/goldengate/recrear_replicats.txt,documentation,utilities,yes
scripts/gpswd.sql,scripts/utilities/gpswd.sql,script,utilities,yes
scripts/grant_all_readonly.sql,scripts/security/grant_all_readonly.sql,script,security,yes
scripts/grants_all.sql,scripts/security/grants_all.sql,script,security,yes
scripts/grants_obj_esquema_users.sql,scripts/security/grants_obj_esquema_users.sql,script,security,yes
scripts/grep_recover_until_change_alert.sh,scripts/utilities/grep_recover_until_change_alert.sh,script,utilities,yes
scripts/grid_infra_restart_srvctl.txt,docs/utilities/grid_infra_restart_srvctl.txt,documentation,utilities,yes
scripts/grid_notification_rules.sql,scripts/utilities/grid_notification_rules.sql,script,utilities,yes
scripts/grupo_refresh.sql,scripts/utilities/grupo_refresh.sql,script,utilities,yes
scripts/hcheck.sql,scripts/utilities/hcheck.sql,script,utilities,yes
scripts/hints/2015-k-db-jonathan_lewis-five_hints_for_optimising_sql-manuskript.pdf,docs/utilities/hints/2015-k-db-jonathan_lewis-five_hints_for_optimising_sql-manuskript.pdf,documentation,utilities,yes
scripts/hints/unnest.sql,scripts/utilities/hints/unnest.sql,script,utilities,yes
scripts/hit_ratios.sql,scripts/utilities/hit_ratios.sql,script,utilities,yes
scripts/hot_blocks.sql,scripts/third_party/utilities/hot_blocks.sql,script,utilities,yes
scripts/hot_blocks2.sql,scripts/utilities/hot_blocks2.sql,script,utilities,yes
scripts/hout.sql,scripts/utilities/hout.sql,script,utilities,yes
scripts/hugepages_settings.sh,scripts/utilities/hugepages_settings.sh,script,utilities,yes
scripts/i_create_patch_12.1.sql,scripts/utilities/i_create_patch_12.1.sql,script,utilities,yes
scripts/iduser.sql,scripts/security/iduser.sql,script,security,yes
scripts/iduser1.sql,scripts/security/iduser1.sql,script,security,yes
scripts/iduser2.sql,scripts/security/iduser2.sql,script,security,yes
scripts/imp.txt,docs/utilities/imp.txt,documentation,utilities,yes
scripts/imp_r.sql,scripts/utilities/imp_r.sql,script,utilities,yes
scripts/impdp_sqlfile.sh,scripts/utilities/impdp_sqlfile.sh,script,utilities,yes
scripts/import_sqlprof_table.sql,scripts/utilities/import_sqlprof_table.sql,script,utilities,yes
scripts/index_monitoring_usage.sql,scripts/performance/sql_tuning/index_monitoring_usage.sql,script,performance/sql_tuning,yes
scripts/indicesFaltantes_fk.txt,docs/utilities/indicesFaltantes_fk.txt,documentation,utilities,yes
scripts/indices_cache.sql,scripts/utilities/indices_cache.sql,script,utilities,yes
scripts/indices_sin_usar.sql,scripts/utilities/indices_sin_usar.sql,script,utilities,yes
scripts/informe_base.sql,scripts/utilities/informe_base.sql,script,utilities,yes
scripts/init.ora,config/init.ora,config,utilities,yes
scripts/initdb01Temp.ora,config/initdb01Temp.ora,config,utilities,yes
scripts/initial_rsrc_consumer_group.sql,scripts/utilities/initial_rsrc_consumer_group.sql,script,utilities,yes
scripts/inodos_find_files_x_folder.sh,scripts/utilities/inodos_find_files_x_folder.sh,script,utilities,yes
scripts/inserts_x_min.sql,scripts/utilities/inserts_x_min.sql,script,utilities,yes
scripts/instalacion_oracle_garba.sql,scripts/platform/rac/instalacion_oracle_garba.sql,script,platform/rac,yes
scripts/install.log,generated/install.log,generated_output,utilities,yes
scripts/instance.sql,scripts/utilities/instance.sql,script,utilities,yes
scripts/instance_exit.sql,scripts/utilities/instance_exit.sql,script,utilities,yes
scripts/internal_params.sql,scripts/utilities/internal_params.sql,script,utilities,yes
scripts/invalid_number_detector.sql,scripts/utilities/invalid_number_detector.sql,script,utilities,yes
scripts/io_stats_db.sql,scripts/performance/sql_tuning/io_stats_db.sql,script,performance/sql_tuning,yes
scripts/iot_tables.sql,scripts/utilities/iot_tables.sql,script,utilities,yes
scripts/iotop.sh,scripts/utilities/iotop.sh,script,utilities,yes
scripts/itl_waits.sql,scripts/diagnostics/sessions_waits/itl_waits.sql,script,diagnostics/sessions_waits,yes
scripts/jar_jdbc_tester.sh,scripts/utilities/jar_jdbc_tester.sh,script,utilities,yes
scripts/java_check_usage.sql,scripts/utilities/java_check_usage.sql,script,utilities,yes
scripts/java_recompile.sql,scripts/utilities/java_recompile.sql,script,utilities,yes
scripts/java_test.sql,scripts/utilities/java_test.sql,script,utilities,yes
scripts/job.sql,scripts/maintenance/scheduler/job.sql,script,maintenance/scheduler,yes
scripts/jobb.sql,scripts/maintenance/scheduler/jobb.sql,script,maintenance/scheduler,yes
scripts/jobs.sql,scripts/maintenance/scheduler/jobs.sql,script,maintenance/scheduler,yes
scripts/keep_procedure (1).sql,scripts/utilities/keep_procedure (1).sql,script,utilities,yes
scripts/keep_procedure.sql,scripts/utilities/keep_procedure.sql,script,utilities,yes
scripts/kill_session_batch.sql,scripts/diagnostics/sessions_waits/kill_session_batch.sql,script,diagnostics/sessions_waits,yes
scripts/kill_session_batch2.sql,scripts/diagnostics/sessions_waits/kill_session_batch2.sql,script,diagnostics/sessions_waits,yes
scripts/kill_session_sqlid.sql,scripts/diagnostics/sessions_waits/kill_session_sqlid.sql,script,diagnostics/sessions_waits,yes
scripts/kill_session_sqlid_sqltext_all_dbs.sh,scripts/diagnostics/sessions_waits/kill_session_sqlid_sqltext_all_dbs.sh,script,diagnostics/sessions_waits,yes
scripts/left_to_do.sql,scripts/utilities/left_to_do.sql,script,utilities,yes
scripts/lfsdiag.sql,scripts/utilities/lfsdiag.sql,script,utilities,yes
scripts/liberar_espacio_objetos.sql,scripts/utilities/liberar_espacio_objetos.sql,script,utilities,yes
scripts/liberar_memoria_q_ya_no_se_esta_utilizando_en_sesion.sql,scripts/utilities/liberar_memoria_q_ya_no_se_esta_utilizando_en_sesion.sql,script,utilities,yes
scripts/library_cache_hit_ratio.sql,scripts/utilities/library_cache_hit_ratio.sql,script,utilities,yes
scripts/library_cache_pin_wait.sql,scripts/diagnostics/sessions_waits/library_cache_pin_wait.sql,script,diagnostics/sessions_waits,yes
scripts/library_miss_ratio.sql,scripts/utilities/library_miss_ratio.sql,script,utilities,yes
scripts/librarycache.sql,scripts/utilities/librarycache.sql,script,utilities,yes
scripts/licence.sql,scripts/utilities/licence.sql,script,utilities,yes
scripts/link$.sql,scripts/utilities/link$.sql,script,utilities,yes
scripts/linux_diskcheck.sh,scripts/utilities/linux_diskcheck.sh,script,utilities,yes
scripts/linux_split_file.sh,scripts/utilities/linux_split_file.sh,script,utilities,yes
scripts/linux_unix_du_sumbytes.txt,docs/utilities/linux_unix_du_sumbytes.txt,documentation,utilities,yes
scripts/list_files.sql,scripts/utilities/list_files.sql,script,utilities,yes
scripts/lista_posic_column_dif.sql,scripts/utilities/lista_posic_column_dif.sql,script,utilities,yes
scripts/listener_log_grep_errors.sh,scripts/utilities/listener_log_grep_errors.sh,script,utilities,yes
scripts/listener_log_grep_logins.sh,scripts/utilities/listener_log_grep_logins.sh,script,utilities,yes
scripts/listener_log_grep_users_host.sh,scripts/security/listener_log_grep_users_host.sh,script,security,yes
scripts/literals_sqlarea.sql,scripts/utilities/literals_sqlarea.sql,script,utilities,yes
scripts/lock_mode_p1.sql,scripts/utilities/lock_mode_p1.sql,script,utilities,yes
scripts/lock_rows.sql,scripts/utilities/lock_rows.sql,script,utilities,yes
scripts/locked_object.sql,scripts/utilities/locked_object.sql,script,utilities,yes
scripts/lockedobjects.sql,scripts/utilities/lockedobjects.sql,script,utilities,yes
scripts/locko.sql,scripts/utilities/locko.sql,script,utilities,yes
scripts/lockobj.sql,scripts/utilities/lockobj.sql,script,utilities,yes
scripts/locks.sql,scripts/utilities/locks.sql,script,utilities,yes
scripts/locks1.sql,scripts/utilities/locks1.sql,script,utilities,yes
scripts/locks10g.sql,scripts/utilities/locks10g.sql,script,utilities,yes
scripts/locks2.sql,scripts/utilities/locks2.sql,script,utilities,yes
scripts/locks3.sql,scripts/utilities/locks3.sql,script,utilities,yes
scripts/log.sql,scripts/utilities/log.sql,script,utilities,yes
scripts/log_history.sql,scripts/utilities/log_history.sql,script,utilities,yes
scripts/log_history_sum.sql,scripts/utilities/log_history_sum.sql,script,utilities,yes
scripts/log_switch_history.sql,scripts/utilities/log_switch_history.sql,script,utilities,yes
scripts/log_switch_history_2.sql,scripts/utilities/log_switch_history_2.sql,script,utilities,yes
scripts/logfile.sql,scripts/utilities/logfile.sql,script,utilities,yes
scripts/logmnr_stats.sql,scripts/performance/sql_tuning/logmnr_stats.sql,script,performance/sql_tuning,yes
scripts/loksRAC9i.sql,scripts/platform/rac/loksRAC9i.sql,script,platform/rac,yes
scripts/longops.sql,scripts/third_party/utilities/longops.sql,script,utilities,yes
scripts/longops10g.sql,scripts/utilities/longops10g.sql,script,utilities,yes
scripts/lsoh.sh,scripts/utilities/lsoh.sh,script,utilities,yes
scripts/macro_excel_datos.txt,docs/utilities/macro_excel_datos.txt,documentation,utilities,yes
scripts/managed_standby.sql,scripts/backup_recovery/dataguard/managed_standby.sql,script,backup_recovery/dataguard,yes
scripts/managing_sql_profiles.txt,docs/performance/sql_tuning/managing_sql_profiles.txt,documentation,performance/sql_tuning,yes
scripts/max_lob_size.sql,scripts/utilities/max_lob_size.sql,script,utilities,yes
scripts/maxlengthcolumn.sql,scripts/utilities/maxlengthcolumn.sql,script,utilities,yes
scripts/mem_pga.sql,scripts/utilities/mem_pga.sql,script,utilities,yes
scripts/mem_pool.sql,scripts/utilities/mem_pool.sql,script,utilities,yes
scripts/mem_sharedpool.sql,scripts/utilities/mem_sharedpool.sql,script,utilities,yes
scripts/mem_sharedpool1.sql,scripts/utilities/mem_sharedpool1.sql,script,utilities,yes
scripts/mem_usage.sh,scripts/utilities/mem_usage.sh,script,utilities,yes
scripts/memoria_libre_pool_memoria_uso.sql,scripts/utilities/memoria_libre_pool_memoria_uso.sql,script,utilities,yes
scripts/memory_sga.sql,scripts/utilities/memory_sga.sql,script,utilities,yes
scripts/memory_usage.sql,scripts/utilities/memory_usage.sql,script,utilities,yes
scripts/memory_usage_hist.sql,scripts/utilities/memory_usage_hist.sql,script,utilities,yes
scripts/memory_usage_process.sql,scripts/utilities/memory_usage_process.sql,script,utilities,yes
scripts/memory_usage_v2.sql,scripts/utilities/memory_usage_v2.sql,script,utilities,yes
scripts/migrar_dbs_10gR2.sh,scripts/utilities/migrar_dbs_10gR2.sh,script,utilities,yes
scripts/modificar_secuencia.sql,scripts/utilities/modificar_secuencia.sql,script,utilities,yes
scripts/mon_imp_perf.sql,scripts/utilities/mon_imp_perf.sql,script,utilities,yes
scripts/monitoreo_uso_temporal.sql,scripts/performance/sql_tuning/monitoreo_uso_temporal.sql,script,performance/sql_tuning,yes
scripts/monitoring_indexes.sql,scripts/performance/sql_tuning/monitoring_indexes.sql,script,performance/sql_tuning,yes
scripts/monitoring_indexes_gowner_aeliminar.sql,scripts/performance/sql_tuning/monitoring_indexes_gowner_aeliminar.sql,script,performance/sql_tuning,yes
scripts/monitoring_indexes_owner.sql,scripts/performance/sql_tuning/monitoring_indexes_owner.sql,script,performance/sql_tuning,yes
scripts/monitoring_indexes_owner_aeliminar.sql,scripts/performance/sql_tuning/monitoring_indexes_owner_aeliminar.sql,script,performance/sql_tuning,yes
scripts/monitoring_indexes_x.sql,scripts/performance/sql_tuning/monitoring_indexes_x.sql,script,performance/sql_tuning,yes
scripts/move_lobs.sql,scripts/utilities/move_lobs.sql,script,utilities,yes
scripts/move_online_schema.sql,scripts/utilities/move_online_schema.sql,script,utilities,yes
scripts/move_sysaux.sql,scripts/utilities/move_sysaux.sql,script,utilities,yes
scripts/move_to_rac.txt,docs/platform/rac/move_to_rac.txt,documentation,platform/rac,yes
scripts/msession.sql,scripts/diagnostics/sessions_waits/msession.sql,script,diagnostics/sessions_waits,yes
scripts/multi_block_read_count_full_scan.sql,scripts/utilities/multi_block_read_count_full_scan.sql,script,utilities,yes
scripts/multiplexing_controlfiles_asm.txt,docs/storage/multiplexing_controlfiles_asm.txt,documentation,storage,yes
scripts/mutex_sleep.sql,scripts/utilities/mutex_sleep.sql,script,utilities,yes
scripts/mutex_sleep_history.sql,scripts/utilities/mutex_sleep_history.sql,script,utilities,yes
scripts/mystat_pga.sql,scripts/utilities/mystat_pga.sql,script,utilities,yes
scripts/mytbs_10g.sql,scripts/utilities/mytbs_10g.sql,script,utilities,yes
scripts/netbackup_citi.txt,docs/utilities/netbackup_citi.txt,documentation,utilities,yes
scripts/network_acls_ddl.sql,scripts/third_party/utilities/network_acls_ddl.sql,script,utilities,yes
scripts/newlydb.out,generated/newlydb.out,generated_output,utilities,yes
scripts/newpins.out,generated/newpins.out,generated_output,utilities,yes
scripts/nexus.log,generated/nexus.log,generated_output,utilities,yes
scripts/nls.sql,scripts/utilities/nls.sql,script,utilities,yes
scripts/nls_database_parameters_character_Set.sql,scripts/platform/rac/nls_database_parameters_character_Set.sql,script,platform/rac,yes
scripts/nls_date.sql,scripts/utilities/nls_date.sql,script,utilities,yes
scripts/no_objetossystema_en_tab_system.sql,scripts/utilities/no_objetossystema_en_tab_system.sql,script,utilities,yes
scripts/nomonitoring_indexes_owner.sql,scripts/performance/sql_tuning/nomonitoring_indexes_owner.sql,script,performance/sql_tuning,yes
scripts/nonshared.sql,scripts/third_party/utilities/nonshared.sql,script,utilities,yes
scripts/obj.sql,scripts/utilities/obj.sql,script,utilities,yes
scripts/obj1.sql,scripts/utilities/obj1.sql,script,utilities,yes
scripts/obj11.sql,scripts/utilities/obj11.sql,script,utilities,yes
scripts/obj2.sql,scripts/utilities/obj2.sql,script,utilities,yes
scripts/obj3.sql,scripts/utilities/obj3.sql,script,utilities,yes
scripts/obj4.sql,scripts/utilities/obj4.sql,script,utilities,yes
scripts/obj_esquemas.sql,scripts/utilities/obj_esquemas.sql,script,utilities,yes
scripts/obj_invalid.sql,scripts/utilities/obj_invalid.sql,script,utilities,yes
scripts/obj_invalid_det.sql,scripts/utilities/obj_invalid_det.sql,script,utilities,yes
scripts/object_usage.sql,scripts/utilities/object_usage.sql,script,utilities,yes
scripts/objects_locks.sql,scripts/utilities/objects_locks.sql,script,utilities,yes
scripts/objetos_en_shared_pool.sql,scripts/utilities/objetos_en_shared_pool.sql,script,utilities,yes
scripts/objetos_memoria.sql,scripts/utilities/objetos_memoria.sql,script,utilities,yes
scripts/objetos_shared_pool_a_keep.sql,scripts/utilities/objetos_shared_pool_a_keep.sql,script,utilities,yes
scripts/objetosenTablespace.sql,scripts/storage/objetosenTablespace.sql,script,storage,yes
scripts/oci/list_backup.sh,scripts/cloud/oci/list_backup.sh,script,cloud/oci,yes
scripts/oda_oakcli.txt,docs/utilities/oda_oakcli.txt,documentation,utilities,yes
scripts/oem_querys.sql,scripts/utilities/oem_querys.sql,script,utilities,yes
scripts/oem_rest_query_curl.sh,scripts/utilities/oem_rest_query_curl.sh,script,utilities,yes
scripts/ogg_12102.sql,scripts/utilities/ogg_12102.sql,script,utilities,yes
scripts/oh_clone_12.1.sh,scripts/utilities/oh_clone_12.1.sh,script,utilities,yes
scripts/ojvm_status.sql,scripts/utilities/ojvm_status.sql,script,utilities,yes
scripts/olocks.sql,scripts/utilities/olocks.sql,script,utilities,yes
scripts/oms_host_encryption_check.sh,scripts/utilities/oms_host_encryption_check.sh,script,utilities,yes
scripts/onet_planned_maitenance_tns.txt,docs/utilities/onet_planned_maitenance_tns.txt,documentation,utilities,yes
scripts/oo4o_excel_source.txt,docs/utilities/oo4o_excel_source.txt,documentation,utilities,yes
scripts/open_cursor.sql,scripts/utilities/open_cursor.sql,script,utilities,yes
scripts/open_cursor_cnt.sql,scripts/utilities/open_cursor_cnt.sql,script,utilities,yes
scripts/open_cursor_pl.sql,scripts/utilities/open_cursor_pl.sql,script,utilities,yes
scripts/open_cursor_sess.sql,scripts/diagnostics/sessions_waits/open_cursor_sess.sql,script,diagnostics/sessions_waits,yes
scripts/open_cursor_sid.sql,scripts/utilities/open_cursor_sid.sql,script,utilities,yes
scripts/opened_cursors_current.sql,scripts/utilities/opened_cursors_current.sql,script,utilities,yes
scripts/optimizer_index_cost_adj.sql,scripts/utilities/optimizer_index_cost_adj.sql,script,utilities,yes
scripts/optionssql.sql,scripts/utilities/optionssql.sql,script,utilities,yes
scripts/ora_manage_restore_point.sh,scripts/utilities/ora_manage_restore_point.sh,script,utilities,yes
scripts/oracle.gstats.monitor.sh,scripts/platform/rac/oracle.gstats.monitor.sh,script,platform/rac,yes
scripts/oracle_check.sql,scripts/platform/rac/oracle_check.sql,script,platform/rac,yes
scripts/oracle_common_functions_linux.sh,scripts/platform/rac/oracle_common_functions_linux.sh,script,platform/rac,yes
scripts/oracle_options_features_ee.txt,docs/platform/rac/oracle_options_features_ee.txt,documentation,platform/rac,yes
scripts/oracle_to_excel.sql,scripts/platform/rac/oracle_to_excel.sql,script,platform/rac,yes
scripts/oradebug_check_enabled_events.sql,scripts/utilities/oradebug_check_enabled_events.sql,script,utilities,yes
scripts/oratab_exec_script.sh,scripts/utilities/oratab_exec_script.sh,script,utilities,yes
scripts/orcl_wallet.sh,scripts/utilities/orcl_wallet.sh,script,utilities,yes
scripts/orden_de_columnas_en_una_tabla.sql,scripts/utilities/orden_de_columnas_en_una_tabla.sql,script,utilities,yes
scripts/os/df_usage_greater_than.sh,scripts/utilities/df_usage_greater_than.sh,script,utilities,yes
scripts/os/mem_by_users.sh,scripts/security/mem_by_users.sh,script,security,yes
scripts/os_dba_group_check.sh,scripts/utilities/os_dba_group_check.sh,script,utilities,yes
scripts/oswatcher.txt,docs/utilities/oswatcher.txt,documentation,utilities,yes
scripts/overview.1801.out,generated/overview.1801.out,generated_output,utilities,yes
scripts/owb_runtime.wb_rt_audit_etl_udt_suc_4.sql,scripts/security/owb_runtime.wb_rt_audit_etl_udt_suc_4.sql,script,security,yes
scripts/param_optimizer_index_cost_adj.sql,scripts/utilities/param_optimizer_index_cost_adj.sql,script,utilities,yes
scripts/parameter.sql,scripts/utilities/parameter.sql,script,utilities,yes
scripts/parameter_db.sql,scripts/utilities/parameter_db.sql,script,utilities,yes
scripts/parameter_mem.sql,scripts/utilities/parameter_mem.sql,script,utilities,yes
scripts/parameter_x.sql,scripts/utilities/parameter_x.sql,script,utilities,yes
scripts/parametros_base.sql,scripts/utilities/parametros_base.sql,script,utilities,yes
scripts/parmemory.sql,scripts/utilities/parmemory.sql,script,utilities,yes
scripts/parseos.sql,scripts/utilities/parseos.sql,script,utilities,yes
scripts/partition.sql,scripts/utilities/partition.sql,script,utilities,yes
scripts/partition_control.sql,scripts/utilities/partition_control.sql,script,utilities,yes
scripts/partition_high_value.sql,scripts/utilities/partition_high_value.sql,script,utilities,yes
scripts/partition_max_high_value.sql,scripts/utilities/partition_max_high_value.sql,script,utilities,yes
scripts/partition_segments_boundaries_dms.sql,scripts/cloud/aws/partition_segments_boundaries_dms.sql,script,cloud/aws,yes
scripts/partition_table_interval_ex.sql,scripts/utilities/partition_table_interval_ex.sql,script,utilities,yes
scripts/partition_tablec.sql,scripts/utilities/partition_tablec.sql,script,utilities,yes
scripts/pasos_migrac_upgrade_10g.txt,docs/platform/rac/pasos_migrac_upgrade_10g.txt,documentation,platform/rac,yes
scripts/pasos_segments_to_keep.txt,docs/utilities/pasos_segments_to_keep.txt,documentation,utilities,yes
scripts/patch_alldbs.sh,scripts/utilities/patch_alldbs.sh,script,utilities,yes
scripts/pbds.sql,scripts/utilities/pbds.sql,script,utilities,yes
scripts/pdb.close.sql,scripts/utilities/pdb.close.sql,script,utilities,yes
scripts/pdb.rename.sql,scripts/utilities/pdb.rename.sql,script,utilities,yes
scripts/pdb_resource_usage.sql,scripts/utilities/pdb_resource_usage.sql,script,utilities,yes
scripts/pdb_services.sql,scripts/utilities/pdb_services.sql,script,utilities,yes
scripts/pdb_switch.sql,scripts/utilities/pdb_switch.sql,script,utilities,yes
scripts/pdbs.sql,scripts/utilities/pdbs.sql,script,utilities,yes
scripts/pendientes.txt,docs/utilities/pendientes.txt,documentation,utilities,yes
scripts/pendientesd (1).txt,docs/utilities/pendientesd (1).txt,documentation,utilities,yes
scripts/pendientesd.txt,docs/utilities/pendientesd.txt,documentation,utilities,yes
scripts/pepe.txt,docs/utilities/pepe.txt,documentation,utilities,yes
scripts/performance_report_html.html,generated/performance_report_html.html,generated_output,backup_recovery/rman,yes
scripts/performance_report_online_html.sql,scripts/backup_recovery/rman/performance_report_online_html.sql,script,backup_recovery/rman,yes
scripts/performance_report_online_html22.html.gz,archive/bundles/performance_report_online_html22.html.gz,archive_bundle,backup_recovery/rman,yes
scripts/performance_update_bind_variables_example.txt,docs/backup_recovery/rman/performance_update_bind_variables_example.txt,documentation,backup_recovery/rman,yes
scripts/pga_advice.sql,scripts/utilities/pga_advice.sql,script,utilities,yes
scripts/pga_agregate_target.sql,scripts/utilities/pga_agregate_target.sql,script,utilities,yes
scripts/pga_by_session.sql,scripts/diagnostics/sessions_waits/pga_by_session.sql,script,diagnostics/sessions_waits,yes
scripts/pga_by_users.sql,scripts/security/pga_by_users.sql,script,security,yes
scripts/pga_stat.sql,scripts/utilities/pga_stat.sql,script,utilities,yes
scripts/pga_target_advice.sql,scripts/utilities/pga_target_advice.sql,script,utilities,yes
scripts/pga_test.sql,scripts/utilities/pga_test.sql,script,utilities,yes
scripts/pga_usage.sql,scripts/utilities/pga_usage.sql,script,utilities,yes
scripts/pgastat.sql,scripts/utilities/pgastat.sql,script,utilities,yes
scripts/plan_change.sql,scripts/performance/sql_tuning/plan_change.sql,script,performance/sql_tuning,yes
scripts/plan_table_awr_sqlid.sql,scripts/performance/sql_tuning/plan_table_awr_sqlid.sql,script,performance/sql_tuning,yes
scripts/plan_table_awr_sqlid_hash.sql,scripts/performance/sql_tuning/plan_table_awr_sqlid_hash.sql,script,performance/sql_tuning,yes
scripts/plan_table_object.sql,scripts/performance/sql_tuning/plan_table_object.sql,script,performance/sql_tuning,yes
scripts/plan_table_sqlid.sql,scripts/performance/sql_tuning/plan_table_sqlid.sql,script,performance/sql_tuning,yes
scripts/plan_x_sqlid.sql,scripts/performance/sql_tuning/plan_x_sqlid.sql,script,performance/sql_tuning,yes
scripts/plug_startall_pdb.sql,scripts/utilities/plug_startall_pdb.sql,script,utilities,yes
scripts/plug_unplug_pdb.sql,scripts/utilities/plug_unplug_pdb.sql,script,utilities,yes
scripts/porcentaje_toma_estadisticas.sql,scripts/utilities/porcentaje_toma_estadisticas.sql,script,utilities,yes
scripts/porcentaje_uso_cached_session.sql,scripts/diagnostics/sessions_waits/porcentaje_uso_cached_session.sql,script,diagnostics/sessions_waits,yes
scripts/portal_docs.sql,scripts/utilities/portal_docs.sql,script,utilities,yes
scripts/postDBCreation.sql,scripts/utilities/postDBCreation.sql,script,utilities,yes
scripts/postScripts.sql,scripts/utilities/postScripts.sql,script,utilities,yes
scripts/pq_sysstat.sql,scripts/utilities/pq_sysstat.sql,script,utilities,yes
scripts/print_table.sql,scripts/utilities/print_table.sql,script,utilities,yes
scripts/print_table_old.sql,scripts/utilities/print_table_old.sql,script,utilities,yes
scripts/print_table_ori.sql,scripts/utilities/print_table_ori.sql,script,utilities,yes
scripts/prob_ventas.log,generated/prob_ventas.log,generated_output,utilities,yes
scripts/process_memory_pga.sql,scripts/utilities/process_memory_pga.sql,script,utilities,yes
scripts/prod.pfile,config/prod.pfile,config,utilities,yes
scripts/prod_11gR2.pfile,config/prod_11gR2.pfile,config,utilities,yes
scripts/profile.txt,docs/utilities/profile.txt,documentation,utilities,yes
scripts/profiles_dif_nodefault.sql,scripts/performance/sql_tuning/profiles_dif_nodefault.sql,script,performance/sql_tuning,yes
scripts/prompt.sql,scripts/utilities/prompt.sql,script,utilities,yes
scripts/prueba_StandBy.sh,scripts/backup_recovery/dataguard/prueba_StandBy.sh,script,backup_recovery/dataguard,yes
scripts/prueba_bulk_collect_forall.sql,scripts/utilities/prueba_bulk_collect_forall.sql,script,utilities,yes
scripts/prueba_flashback.txt,docs/utilities/prueba_flashback.txt,documentation,utilities,yes
scripts/prueba_insert_as_select.sql,scripts/utilities/prueba_insert_as_select.sql,script,utilities,yes
scripts/ps_mon_checklist_det_history.sql,scripts/utilities/ps_mon_checklist_det_history.sql,script,utilities,yes
scripts/ps_mon_chklist_det_history_guser.sql,scripts/security/ps_mon_chklist_det_history_guser.sql,script,security,yes
scripts/ps_mon_chklist_history.sql,scripts/utilities/ps_mon_chklist_history.sql,script,utilities,yes
scripts/ps_mon_crontab.sql,scripts/utilities/ps_mon_crontab.sql,script,utilities,yes
scripts/ps_mon_sessions.sql,scripts/diagnostics/sessions_waits/ps_mon_sessions.sql,script,diagnostics/sessions_waits,yes
scripts/publish_pending_stats.sql,scripts/performance/sql_tuning/publish_pending_stats.sql,script,performance/sql_tuning,yes
scripts/purge_partitions.sql,scripts/utilities/purge_partitions.sql,script,utilities,yes
scripts/purge_partitions_2.sql,scripts/utilities/purge_partitions_2.sql,script,utilities,yes
scripts/purge_recyclebin.sql,scripts/utilities/purge_recyclebin.sql,script,utilities,yes
scripts/pwcopy_passwordfile.asm.sh,scripts/storage/pwcopy_passwordfile.asm.sh,script,storage,yes
scripts/px_session.sql,scripts/diagnostics/sessions_waits/px_session.sql,script,diagnostics/sessions_waits,yes
scripts/query_all_dbs.sh,scripts/utilities/query_all_dbs.sh,script,utilities,yes
scripts/quien.sql,scripts/utilities/quien.sql,script,utilities,yes
scripts/quota.sql,scripts/utilities/quota.sql,script,utilities,yes
scripts/rac/asmcmd_clustermode.sh,scripts/storage/asmcmd_clustermode.sh,script,storage,yes
scripts/rac/asmlib_diskslists.sh,scripts/storage/asmlib_diskslists.sh,script,storage,yes
scripts/rac/cluvfy.comp.ocr.status.sh,scripts/platform/rac/cluvfy.comp.ocr.status.sh,script,platform/rac,yes
scripts/rac/commands_summary.sh,scripts/platform/rac/commands_summary.sh,script,platform/rac,yes
scripts/rac/crs.cluster.check.all.sh,scripts/platform/rac/crs.cluster.check.all.sh,script,platform/rac,yes
scripts/rac/crs.cluster.check.sh,scripts/platform/rac/crs.cluster.check.sh,script,platform/rac,yes
scripts/rac/crs.cluster.enable.sh,scripts/platform/rac/crs.cluster.enable.sh,script,platform/rac,yes
scripts/rac/crs.cluster_mode_status.sh,scripts/platform/rac/crs.cluster_mode_status.sh,script,platform/rac,yes
scripts/rac/crs.cluster_state.sh,scripts/platform/rac/crs.cluster_state.sh,script,platform/rac,yes
scripts/rac/crs.cluster_status.sh,scripts/platform/rac/crs.cluster_status.sh,script,platform/rac,yes
scripts/rac/crs.cluster_status_crs.sh,scripts/platform/rac/crs.cluster_status_crs.sh,script,platform/rac,yes
scripts/rac/crs.cluster_stop.sh,scripts/platform/rac/crs.cluster_stop.sh,script,platform/rac,yes
scripts/rac/crs.cluster_stop_all.sh,scripts/platform/rac/crs.cluster_stop_all.sh,script,platform/rac,yes
scripts/rac/crs.cluster_stop_crs.sh,scripts/platform/rac/crs.cluster_stop_crs.sh,script,platform/rac,yes
scripts/rac/crs.get.node.role.status.sh,scripts/security/crs.get.node.role.status.sh,script,security,yes
scripts/rac/crs.local_stop.sh,scripts/platform/rac/crs.local_stop.sh,script,platform/rac,yes
scripts/rac/crs.query.softwareversion.sh,scripts/platform/rac/crs.query.softwareversion.sh,script,platform/rac,yes
scripts/rac/crs.resource.profile.sh,scripts/platform/rac/crs.resource.profile.sh,script,platform/rac,yes
scripts/rac/crs.status.resource_database.sh,scripts/platform/rac/crs.status.resource_database.sh,script,platform/rac,yes
scripts/rac/crs.version.sh,scripts/platform/rac/crs.version.sh,script,platform/rac,yes
scripts/rac/crs.votedisk.move.sh,scripts/platform/rac/crs.votedisk.move.sh,script,platform/rac,yes
scripts/rac/crsctl.config.crs.sh,scripts/platform/rac/crsctl.config.crs.sh,script,platform/rac,yes
scripts/rac/crsctl.ons.status.sh,scripts/platform/rac/crsctl.ons.status.sh,script,platform/rac,yes
scripts/rac/crsctl.query.css.votedisk.sh,scripts/platform/rac/crsctl.query.css.votedisk.sh,script,platform/rac,yes
scripts/rac/crsctl.start.res.init.sh,scripts/platform/rac/crsctl.start.res.init.sh,script,platform/rac,yes
scripts/rac/crsctl.stat.res.sh,scripts/platform/rac/crsctl.stat.res.sh,script,platform/rac,yes
scripts/rac/crsctl.votedisk.replce.sh,scripts/platform/rac/crsctl.votedisk.replce.sh,script,platform/rac,yes
scripts/rac/exec_all.sql,scripts/platform/rac/exec_all.sql,script,platform/rac,yes
scripts/rac/listnodes.sh,scripts/platform/rac/listnodes.sh,script,platform/rac,yes
scripts/rac/oclumon.dumpnodeview.last.sh,scripts/platform/rac/oclumon.dumpnodeview.last.sh,script,platform/rac,yes
scripts/rac/ocrcheck.config.sh,scripts/platform/rac/ocrcheck.config.sh,script,platform/rac,yes
scripts/rac/ocrcheck.local.sh,scripts/platform/rac/ocrcheck.local.sh,script,platform/rac,yes
scripts/rac/ocrcheck.sh,scripts/platform/rac/ocrcheck.sh,script,platform/rac,yes
scripts/rac/ocrconfig.add.sh,scripts/platform/rac/ocrconfig.add.sh,script,platform/rac,yes
scripts/rac/ocrconfig.manualbackup.sh,scripts/platform/rac/ocrconfig.manualbackup.sh,script,platform/rac,yes
scripts/rac/ocrconfig.showbackup.sh,scripts/platform/rac/ocrconfig.showbackup.sh,script,platform/rac,yes
scripts/rac/oifcfg.getif.sh,scripts/platform/rac/oifcfg.getif.sh,script,platform/rac,yes
scripts/rac/oifcfg.iflist.sh,scripts/platform/rac/oifcfg.iflist.sh,script,platform/rac,yes
scripts/rac/srv.config.db.sh,scripts/platform/rac/srv.config.db.sh,script,platform/rac,yes
scripts/rac/srv.config.scan.sh,scripts/platform/rac/srv.config.scan.sh,script,platform/rac,yes
scripts/rac/srv.config.scan_listener.sh,scripts/platform/rac/srv.config.scan_listener.sh,script,platform/rac,yes
scripts/rac/srv.config.service.sh,scripts/platform/rac/srv.config.service.sh,script,platform/rac,yes
scripts/rac/srv.config.vips.sh,scripts/platform/rac/srv.config.vips.sh,script,platform/rac,yes
scripts/rac/srv.gns_config.sh,scripts/platform/rac/srv.gns_config.sh,script,platform/rac,yes
scripts/rac/srv.service.taf.sql,scripts/platform/rac/srv.service.taf.sql,script,platform/rac,yes
scripts/rac/srv.start.instance.sh,scripts/platform/rac/srv.start.instance.sh,script,platform/rac,yes
scripts/rac/srv.status_database.sh,scripts/platform/rac/srv.status_database.sh,script,platform/rac,yes
scripts/rac/srvctl.add_database.sh,scripts/platform/rac/srvctl.add_database.sh,script,platform/rac,yes
scripts/rac/srvctl.asm.status.sh,scripts/storage/srvctl.asm.status.sh,script,storage,yes
scripts/rac/srvctl.stop.home.sh,scripts/platform/rac/srvctl.stop.home.sh,script,platform/rac,yes
scripts/random (1).sh,scripts/utilities/random (1).sh,script,utilities,yes
scripts/random (1).sql,scripts/utilities/random (1).sql,script,utilities,yes
scripts/random.sh,scripts/utilities/random.sh,script,utilities,yes
scripts/random.sql,scripts/utilities/random.sql,script,utilities,yes
scripts/randomCOutLines.sql,scripts/utilities/randomCOutLines.sql,script,utilities,yes
scripts/randomSOutLines.sql,scripts/utilities/randomSOutLines.sql,script,utilities,yes
scripts/rc_backup_set_details.sql,scripts/utilities/rc_backup_set_details.sql,script,utilities,yes
scripts/rc_rman_configuration.sql,scripts/backup_recovery/rman/rc_rman_configuration.sql,script,backup_recovery/rman,yes
scripts/rc_rman_databases.sql,scripts/backup_recovery/rman/rc_rman_databases.sql,script,backup_recovery/rman,yes
scripts/rc_rman_output.sql,scripts/backup_recovery/rman/rc_rman_output.sql,script,backup_recovery/rman,yes
scripts/rc_rman_running.sql,scripts/backup_recovery/rman/rc_rman_running.sql,script,backup_recovery/rman,yes
scripts/rc_rman_status.sql,scripts/backup_recovery/rman/rc_rman_status.sql,script,backup_recovery/rman,yes
scripts/rc_rman_status_full.sql,scripts/backup_recovery/rman/rc_rman_status_full.sql,script,backup_recovery/rman,yes
scripts/rds.rds_file_util.listdir.sql,scripts/cloud/aws/rds.rds_file_util.listdir.sql,script,cloud/aws,yes
scripts/rds.rds_file_util.read_text_file.sql,scripts/cloud/aws/rds.rds_file_util.read_text_file.sql,script,cloud/aws,yes
scripts/reacomodamiento_redo.txt,docs/utilities/reacomodamiento_redo.txt,documentation,utilities,yes
scripts/rebindexi.sql,scripts/utilities/rebindexi.sql,script,utilities,yes
scripts/rebuild_indices_online.sql,scripts/utilities/rebuild_indices_online.sql,script,utilities,yes
scripts/reco_log_standby_past_gap.12.1(1).sh,scripts/backup_recovery/dataguard/reco_log_standby_past_gap.12.1(1).sh,script,backup_recovery/dataguard,yes
scripts/reco_log_standby_past_gap.12.1.sh,scripts/backup_recovery/dataguard/reco_log_standby_past_gap.12.1.sh,script,backup_recovery/dataguard,yes
scripts/reco_log_standby_past_gap.12.2(1).sh,scripts/backup_recovery/dataguard/reco_log_standby_past_gap.12.2(1).sh,script,backup_recovery/dataguard,yes
scripts/reco_log_standby_past_gap.12.2.sh,scripts/backup_recovery/dataguard/reco_log_standby_past_gap.12.2.sh,script,backup_recovery/dataguard,yes
scripts/recomp_inv_obj.sql,scripts/utilities/recomp_inv_obj.sql,script,utilities,yes
scripts/recomp_synonyms.sql,scripts/utilities/recomp_synonyms.sql,script,utilities,yes
scripts/recovery_file_dest.sql,scripts/utilities/recovery_file_dest.sql,script,utilities,yes
scripts/recrea_index_snap_punto.sql,scripts/utilities/recrea_index_snap_punto.sql,script,utilities,yes
scripts/recrea_indices.sql,scripts/utilities/recrea_indices.sql,script,utilities,yes
scripts/recrea_snap_punto.sql,scripts/utilities/recrea_snap_punto.sql,script,utilities,yes
scripts/recreate_redo_logfiles.sql,scripts/utilities/recreate_redo_logfiles.sql,script,utilities,yes
scripts/recreate_standby_logfiles.sql,scripts/backup_recovery/dataguard/recreate_standby_logfiles.sql,script,backup_recovery/dataguard,yes
scripts/redo_generation.sql,scripts/utilities/redo_generation.sql,script,utilities,yes
scripts/refresco_07001.sql,scripts/utilities/refresco_07001.sql,script,utilities,yes
scripts/refrescos1.sql,scripts/utilities/refrescos1.sql,script,utilities,yes
scripts/registry_components.xls,docs/utilities/registry_components.xls,documentation,utilities,yes
scripts/reintentos_escritura_redo.sql,scripts/utilities/reintentos_escritura_redo.sql,script,utilities,yes
scripts/relaciones_entre_tablas (2).sql,scripts/utilities/relaciones_entre_tablas (2).sql,script,utilities,yes
scripts/relaciones_entre_tablas.sql,scripts/utilities/relaciones_entre_tablas.sql,script,utilities,yes
scripts/remote_ssh_commands.sh,scripts/utilities/remote_ssh_commands.sh,script,utilities,yes
scripts/remove_applied_archivelog.sh,scripts/backup_recovery/dataguard/remove_applied_archivelog.sh,script,backup_recovery/dataguard,yes
scripts/rep.sql,scripts/utilities/rep.sql,script,utilities,yes
scripts/rep_refresh.sql,scripts/utilities/rep_refresh.sql,script,utilities,yes
scripts/report_sql_monitor_active.sql,scripts/performance/sql_tuning/report_sql_monitor_active.sql,script,performance/sql_tuning,yes
scripts/report_sql_monitor_ash_top.sql,scripts/performance/sql_tuning/report_sql_monitor_ash_top.sql,script,performance/sql_tuning,yes
scripts/report_sql_monitor_sqlid.sql,scripts/performance/sql_tuning/report_sql_monitor_sqlid.sql,script,performance/sql_tuning,yes
scripts/reset_global_prefs.sql,scripts/utilities/reset_global_prefs.sql,script,utilities,yes
scripts/reset_table_prefs.sql,scripts/utilities/reset_table_prefs.sql,script,utilities,yes
scripts/reset_table_prefs_customers.sql,scripts/utilities/reset_table_prefs_customers.sql,script,utilities,yes
scripts/reset_table_stats.sql,scripts/performance/sql_tuning/reset_table_stats.sql,script,performance/sql_tuning,yes
scripts/resource_limit.sql,scripts/utilities/resource_limit.sql,script,utilities,yes
scripts/resource_manager_steps.sql,scripts/utilities/resource_manager_steps.sql,script,utilities,yes
scripts/restore_point.sql,scripts/utilities/restore_point.sql,script,utilities,yes
scripts/rg_sqlprof3.sql,scripts/utilities/rg_sqlprof3.sql,script,utilities,yes
scripts/rman.catalogdatafilecopy.txt,docs/backup_recovery/rman/rman.catalogdatafilecopy.txt,documentation,backup_recovery/rman,yes
scripts/rmanRestoreDatafiles.sql,scripts/backup_recovery/rman/rmanRestoreDatafiles.sql,script,backup_recovery/rman,yes
scripts/rman_backup.sh,scripts/backup_recovery/rman/rman_backup.sh,script,backup_recovery/rman,yes
scripts/rman_backup_archivelog_sequence.sh,scripts/backup_recovery/rman/rman_backup_archivelog_sequence.sh,script,backup_recovery/rman,yes
scripts/rman_backup_full.sh,scripts/backup_recovery/rman/rman_backup_full.sh,script,backup_recovery/rman,yes
scripts/rman_backup_job_details.sql,scripts/backup_recovery/rman/rman_backup_job_details.sql,script,backup_recovery/rman,yes
scripts/rman_backup_set_details.sql,scripts/backup_recovery/rman/rman_backup_set_details.sql,script,backup_recovery/rman,yes
scripts/rman_backup_set_details_report.html,generated/rman_backup_set_details_report.html,generated_output,backup_recovery/rman,yes
scripts/rman_backup_set_details_report.sql,scripts/backup_recovery/rman/rman_backup_set_details_report.sql,script,backup_recovery/rman,yes
scripts/rman_catalog_datafilecopy.sql,scripts/backup_recovery/rman/rman_catalog_datafilecopy.sql,script,backup_recovery/rman,yes
scripts/rman_catalog_report.sql,scripts/backup_recovery/rman/rman_catalog_report.sql,script,backup_recovery/rman,yes
scripts/rman_duplicate_target.sql,scripts/backup_recovery/rman/rman_duplicate_target.sql,script,backup_recovery/rman,yes
scripts/rman_output.sql,scripts/backup_recovery/rman/rman_output.sql,script,backup_recovery/rman,yes
scripts/rman_politica_backup.xls,docs/backup_recovery/rman/rman_politica_backup.xls,documentation,backup_recovery/rman,yes
scripts/rman_politicas.txt,docs/backup_recovery/rman/rman_politicas.txt,documentation,backup_recovery/rman,yes
scripts/rman_recover_from_service.sh,scripts/backup_recovery/rman/rman_recover_from_service.sh,script,backup_recovery/rman,yes
scripts/rman_restore_archivelog.txt,docs/backup_recovery/rman/rman_restore_archivelog.txt,documentation,backup_recovery/rman,yes
scripts/rman_restore_archivelog_to_standby.sh,scripts/backup_recovery/rman/rman_restore_archivelog_to_standby.sh,script,backup_recovery/rman,yes
scripts/rman_restore_from_service_set_newname.sh,scripts/backup_recovery/rman/rman_restore_from_service_set_newname.sh,script,backup_recovery/rman,yes
scripts/rman_running.sql,scripts/backup_recovery/rman/rman_running.sql,script,backup_recovery/rman,yes
scripts/rman_status.sql,scripts/backup_recovery/rman/rman_status.sql,script,backup_recovery/rman,yes
scripts/role_privs_x.sql,scripts/security/role_privs_x.sql,script,security,yes
scripts/role_sys_privs.sql,scripts/security/role_sys_privs.sql,script,security,yes
scripts/role_tab_privs.sql,scripts/security/role_tab_privs.sql,script,security,yes
scripts/role_tab_privs_owner.sql,scripts/security/role_tab_privs_owner.sql,script,security,yes
scripts/roleprivs.sql,scripts/security/roleprivs.sql,script,security,yes
scripts/roles_usuariosxrol.sql,scripts/security/roles_usuariosxrol.sql,script,security,yes
scripts/rollback.sql,scripts/utilities/rollback.sql,script,utilities,yes
scripts/rollback_usage_TOAD.sql,scripts/utilities/rollback_usage_TOAD.sql,script,utilities,yes
scripts/rowsize.sql,scripts/utilities/rowsize.sql,script,utilities,yes
scripts/rsrc_pdb.sql,scripts/utilities/rsrc_pdb.sql,script,utilities,yes
scripts/rsrc_plan.sql,scripts/performance/sql_tuning/rsrc_plan.sql,script,performance/sql_tuning,yes
scripts/rsrcmgrmetric_history.sql,scripts/utilities/rsrcmgrmetric_history.sql,script,utilities,yes
scripts/runInstaller_EE_Database_silent.txt,docs/utilities/runInstaller_EE_Database_silent.txt,documentation,utilities,yes
scripts/runstats.anon.sql,scripts/third_party/performance_sql_tuning/runstats.anon.sql,script,performance/sql_tuning,yes
scripts/runstats_README.txt,docs/maintenance/stats/runstats_README.txt,documentation,maintenance/stats,yes
scripts/runstats_pkg.advanced.sql,scripts/third_party/performance_sql_tuning/runstats_pkg.advanced.sql,script,performance/sql_tuning,yes
scripts/runstats_pkg.gtt.sql,scripts/third_party/performance_sql_tuning/runstats_pkg.gtt.sql,script,performance/sql_tuning,yes
scripts/runstats_pkg.simple.sql,scripts/third_party/performance_sql_tuning/runstats_pkg.simple.sql,script,performance/sql_tuning,yes
scripts/salida_recrea_snap_punto.txt,docs/utilities/salida_recrea_snap_punto.txt,documentation,utilities,yes
scripts/sar_p_awk.sh,scripts/utilities/sar_p_awk.sh,script,utilities,yes
scripts/sarp.sql,scripts/utilities/sarp.sql,script,utilities,yes
scripts/scheduler.sql,scripts/maintenance/scheduler/scheduler.sql,script,maintenance/scheduler,yes
scripts/scheduler_running_jobs.sql,scripts/maintenance/scheduler/scheduler_running_jobs.sql,script,maintenance/scheduler,yes
scripts/scheduler_stats.sql,scripts/performance/sql_tuning/scheduler_stats.sql,script,performance/sql_tuning,yes
scripts/search_sql.sql,scripts/utilities/search_sql.sql,script,utilities,yes
scripts/segment.sql,scripts/utilities/segment.sql,script,utilities,yes
scripts/segment1.sql,scripts/utilities/segment1.sql,script,utilities,yes
scripts/segment2.sql,scripts/utilities/segment2.sql,script,utilities,yes
scripts/segment_advisor.sql,scripts/utilities/segment_advisor.sql,script,utilities,yes
scripts/segments_by_datafile.sql,scripts/utilities/segments_by_datafile.sql,script,utilities,yes
scripts/segments_keep.sql,scripts/utilities/segments_keep.sql,script,utilities,yes
scripts/segments_to_keep.sql,scripts/utilities/segments_to_keep.sql,script,utilities,yes
scripts/segments_to_keep_sql.sql,scripts/utilities/segments_to_keep_sql.sql,script,utilities,yes
scripts/segtbs.sql,scripts/utilities/segtbs.sql,script,utilities,yes
scripts/selectGRANTs.sql,scripts/security/selectGRANTs.sql,script,security,yes
scripts/select_AnalyzeTableChainedRows.sql,scripts/maintenance/stats/select_AnalyzeTableChainedRows.sql,script,maintenance/stats,yes
scripts/select_case.sql,scripts/utilities/select_case.sql,script,utilities,yes
scripts/select_query_exp_columns.sql,scripts/utilities/select_query_exp_columns.sql,script,utilities,yes
scripts/ses_optimizer_env.sql,scripts/utilities/ses_optimizer_env.sql,script,utilities,yes
scripts/sess.sql,scripts/diagnostics/sessions_waits/sess.sql,script,diagnostics/sessions_waits,yes
scripts/sess_io.sql,scripts/diagnostics/sessions_waits/sess_io.sql,script,diagnostics/sessions_waits,yes
scripts/sess_optimizer_env.sql,scripts/diagnostics/sessions_waits/sess_optimizer_env.sql,script,diagnostics/sessions_waits,yes
scripts/sess_time_model.sql,scripts/diagnostics/sessions_waits/sess_time_model.sql,script,diagnostics/sessions_waits,yes
scripts/sess_time_model_cpu.sql,scripts/diagnostics/sessions_waits/sess_time_model_cpu.sql,script,diagnostics/sessions_waits,yes
scripts/sess_time_model_io.sql,scripts/diagnostics/sessions_waits/sess_time_model_io.sql,script,diagnostics/sessions_waits,yes
scripts/session.sql,scripts/diagnostics/sessions_waits/session.sql,script,diagnostics/sessions_waits,yes
scripts/session_connect_info.sql,scripts/diagnostics/sessions_waits/session_connect_info.sql,script,diagnostics/sessions_waits,yes
scripts/session_cpu.sql,scripts/diagnostics/sessions_waits/session_cpu.sql,script,diagnostics/sessions_waits,yes
scripts/session_event.sql,scripts/diagnostics/sessions_waits/session_event.sql,script,diagnostics/sessions_waits,yes
scripts/session_hash.sql,scripts/diagnostics/sessions_waits/session_hash.sql,script,diagnostics/sessions_waits,yes
scripts/session_longops.sql,scripts/diagnostics/sessions_waits/session_longops.sql,script,diagnostics/sessions_waits,yes
scripts/session_longops_rman.sql,scripts/backup_recovery/rman/session_longops_rman.sql,script,backup_recovery/rman,yes
scripts/session_sid.sql,scripts/diagnostics/sessions_waits/session_sid.sql,script,diagnostics/sessions_waits,yes
scripts/session_sid_pid_process.sql,scripts/diagnostics/sessions_waits/session_sid_pid_process.sql,script,diagnostics/sessions_waits,yes
scripts/session_trace_file.sql,scripts/diagnostics/sessions_waits/session_trace_file.sql,script,diagnostics/sessions_waits,yes
scripts/session_wait.sql,scripts/diagnostics/sessions_waits/session_wait.sql,script,diagnostics/sessions_waits,yes
scripts/session_wait_class.sql,scripts/diagnostics/sessions_waits/session_wait_class.sql,script,diagnostics/sessions_waits,yes
scripts/session_wait_history.sql,scripts/diagnostics/sessions_waits/session_wait_history.sql,script,diagnostics/sessions_waits,yes
scripts/session_wait_latch.sql,scripts/diagnostics/sessions_waits/session_wait_latch.sql,script,diagnostics/sessions_waits,yes
scripts/session_wait_sess.sql,scripts/diagnostics/sessions_waits/session_wait_sess.sql,script,diagnostics/sessions_waits,yes
scripts/sessions (2).sql,scripts/diagnostics/sessions_waits/sessions (2).sql,script,diagnostics/sessions_waits,yes
scripts/sessions.sql,scripts/diagnostics/sessions_waits/sessions.sql,script,diagnostics/sessions_waits,yes
scripts/sessions1.sql,scripts/diagnostics/sessions_waits/sessions1.sql,script,diagnostics/sessions_waits,yes
scripts/sessions_db.sql,scripts/diagnostics/sessions_waits/sessions_db.sql,script,diagnostics/sessions_waits,yes
scripts/sessions_db_active.sql,scripts/diagnostics/sessions_waits/sessions_db_active.sql,script,diagnostics/sessions_waits,yes
scripts/sessions_db_active_hist.sql,scripts/diagnostics/sessions_waits/sessions_db_active_hist.sql,script,diagnostics/sessions_waits,yes
scripts/sessions_db_by_users.sql,scripts/diagnostics/sessions_waits/sessions_db_by_users.sql,script,diagnostics/sessions_waits,yes
scripts/sessions_db_x.sql,scripts/diagnostics/sessions_waits/sessions_db_x.sql,script,diagnostics/sessions_waits,yes
scripts/sessions_degree.sql,scripts/diagnostics/sessions_waits/sessions_degree.sql,script,diagnostics/sessions_waits,yes
scripts/sessions_jobs.sql,scripts/diagnostics/sessions_waits/sessions_jobs.sql,script,diagnostics/sessions_waits,yes
scripts/sessions_locks.sql,scripts/diagnostics/sessions_waits/sessions_locks.sql,script,diagnostics/sessions_waits,yes
scripts/sessions_locks_history.sql,scripts/diagnostics/sessions_waits/sessions_locks_history.sql,script,diagnostics/sessions_waits,yes
scripts/sesstat.sql,scripts/diagnostics/sessions_waits/sesstat.sql,script,diagnostics/sessions_waits,yes
scripts/sesstat_CPU.sql,scripts/diagnostics/sessions_waits/sesstat_CPU.sql,script,diagnostics/sessions_waits,yes
scripts/sesstat_dblink.sql,scripts/diagnostics/sessions_waits/sesstat_dblink.sql,script,diagnostics/sessions_waits,yes
scripts/sesstat_parse.sql,scripts/diagnostics/sessions_waits/sesstat_parse.sql,script,diagnostics/sessions_waits,yes
scripts/set_global_publish.sql,scripts/utilities/set_global_publish.sql,script,utilities,yes
scripts/set_optimizer_pending_stats_true.sql,scripts/performance/sql_tuning/set_optimizer_pending_stats_true.sql,script,performance/sql_tuning,yes
scripts/set_pending_stats_off.sql,scripts/performance/sql_tuning/set_pending_stats_off.sql,script,performance/sql_tuning,yes
scripts/set_sqlplus_defaults.sql,scripts/utilities/set_sqlplus_defaults.sql,script,utilities,yes
scripts/set_table_publish_prefs_false.sql,scripts/utilities/set_table_publish_prefs_false.sql,script,utilities,yes
scripts/setsequence.sql,scripts/utilities/setsequence.sql,script,utilities,yes
scripts/sga.sql,scripts/utilities/sga.sql,script,utilities,yes
scripts/sga_free_memory.sql,scripts/utilities/sga_free_memory.sql,script,utilities,yes
scripts/sga_usage_hist.sql,scripts/utilities/sga_usage_hist.sql,script,utilities,yes
scripts/sgainfo.sql,scripts/utilities/sgainfo.sql,script,utilities,yes
scripts/shared_pool_advice.sql,scripts/utilities/shared_pool_advice.sql,script,utilities,yes
scripts/shared_pool_free_mem.sql,scripts/utilities/shared_pool_free_mem.sql,script,utilities,yes
scripts/shared_pool_memory_alloc.sql,scripts/utilities/shared_pool_memory_alloc.sql,script,utilities,yes
scripts/shared_pool_obj_nokept.sql,scripts/utilities/shared_pool_obj_nokept.sql,script,utilities,yes
scripts/shared_pool_ora4031_errors.sql,scripts/utilities/shared_pool_ora4031_errors.sql,script,utilities,yes
scripts/shared_pool_reserved.sql,scripts/utilities/shared_pool_reserved.sql,script,utilities,yes
scripts/shared_pool_size.sql,scripts/utilities/shared_pool_size.sql,script,utilities,yes
scripts/shared_pool_sql_highmem.sql,scripts/utilities/shared_pool_sql_highmem.sql,script,utilities,yes
scripts/shared_pool_usage_dly.sql,scripts/utilities/shared_pool_usage_dly.sql,script,utilities,yes
scripts/shared_pool_utilization.sql,scripts/utilities/shared_pool_utilization.sql,script,utilities,yes
scripts/sharedserver.sql,scripts/utilities/sharedserver.sql,script,utilities,yes
scripts/show_pending_stats.sql,scripts/performance/sql_tuning/show_pending_stats.sql,script,performance/sql_tuning,yes
scripts/show_public_stats.sql,scripts/performance/sql_tuning/show_public_stats.sql,script,performance/sql_tuning,yes
scripts/show_user_mem_usage.sh,scripts/security/show_user_mem_usage.sh,script,security,yes
scripts/similar_sql.sql,scripts/utilities/similar_sql.sql,script,utilities,yes
scripts/small_table_threshold.sql,scripts/utilities/small_table_threshold.sql,script,utilities,yes
scripts/snapshot_standby_database_flashback.sql,scripts/backup_recovery/dataguard/snapshot_standby_database_flashback.sql,script,backup_recovery/dataguard,yes
scripts/sniped.sql,scripts/utilities/sniped.sql,script,utilities,yes
scripts/solaris_zones.txt,docs/utilities/solaris_zones.txt,documentation,utilities,yes
scripts/soundex.sql,scripts/utilities/soundex.sql,script,utilities,yes
scripts/spb.set_my_plan.sql,scripts/performance/sql_tuning/spb.set_my_plan.sql,script,performance/sql_tuning,yes
scripts/spb.set_my_plan_notstored.sql,scripts/performance/sql_tuning/spb.set_my_plan_notstored.sql,script,performance/sql_tuning,yes
scripts/spb_example_plan_stability.sql,scripts/performance/sql_tuning/spb_example_plan_stability.sql,script,performance/sql_tuning,yes
scripts/spfile.sql,scripts/utilities/spfile.sql,script,utilities,yes
scripts/spid.sql,scripts/utilities/spid.sql,script,utilities,yes
scripts/spool_flashback.sql,scripts/utilities/spool_flashback.sql,script,utilities,yes
scripts/sql.sql,scripts/utilities/sql.sql,script,utilities,yes
scripts/sql_area_parses.sql,scripts/utilities/sql_area_parses.sql,script,utilities,yes
scripts/sql_bind_capture_x.sql,scripts/utilities/sql_bind_capture_x.sql,script,utilities,yes
scripts/sql_bind_variables.sql,scripts/utilities/sql_bind_variables.sql,script,utilities,yes
scripts/sql_garbage.LST,generated/sql_garbage.LST,generated_output,utilities,yes
scripts/sql_high_memory.sql,scripts/utilities/sql_high_memory.sql,script,utilities,yes
scripts/sql_hist_id.sql,scripts/utilities/sql_hist_id.sql,script,utilities,yes
scripts/sql_hit_ratio.sql,scripts/utilities/sql_hit_ratio.sql,script,utilities,yes
scripts/sql_id_to_signature.sql,scripts/utilities/sql_id_to_signature.sql,script,utilities,yes
scripts/sql_monitor.sql,scripts/performance/sql_tuning/sql_monitor.sql,script,performance/sql_tuning,yes
scripts/sql_offload.sql,scripts/utilities/sql_offload.sql,script,utilities,yes
scripts/sql_perf_mon.sql,scripts/utilities/sql_perf_mon.sql,script,utilities,yes
scripts/sql_plan.sql,scripts/performance/sql_tuning/sql_plan.sql,script,performance/sql_tuning,yes
scripts/sql_plan_statistics_all.sql,scripts/performance/sql_tuning/sql_plan_statistics_all.sql,script,performance/sql_tuning,yes
scripts/sql_profile_hints.sql,scripts/performance/sql_tuning/sql_profile_hints.sql,script,performance/sql_tuning,yes
scripts/sql_response_time_stddev.sql,scripts/utilities/sql_response_time_stddev.sql,script,utilities,yes
scripts/sql_shared_cursor.sql,scripts/utilities/sql_shared_cursor.sql,script,utilities,yes
scripts/sql_sqltext.sql,scripts/utilities/sql_sqltext.sql,script,utilities,yes
scripts/sql_test_1.sql,scripts/utilities/sql_test_1.sql,script,utilities,yes
scripts/sql_test_2.sql,scripts/utilities/sql_test_2.sql,script,utilities,yes
scripts/sql_test_3.sql,scripts/utilities/sql_test_3.sql,script,utilities,yes
scripts/sql_tuning_auto_enable.sql,scripts/utilities/sql_tuning_auto_enable.sql,script,utilities,yes
scripts/sql_workarea_active.sql,scripts/utilities/sql_workarea_active.sql,script,utilities,yes
scripts/sql_workarea_histogram.sql,scripts/utilities/sql_workarea_histogram.sql,script,utilities,yes
scripts/sql_x.sql,scripts/utilities/sql_x.sql,script,utilities,yes
scripts/sqlarea.sql,scripts/utilities/sqlarea.sql,script,utilities,yes
scripts/sqlarea_user_io_w_time.sql,scripts/security/sqlarea_user_io_w_time.sql,script,security,yes
scripts/sqlarea_x.sql,scripts/utilities/sqlarea_x.sql,script,utilities,yes
scripts/sqldb360-19.4.zip,archive/bundles/sqldb360-19.4.zip,archive_bundle,utilities,yes
scripts/sqlid_executions_elaptime.sql,scripts/utilities/sqlid_executions_elaptime.sql,script,utilities,yes
scripts/sqlnet (1).log,generated/sqlnet (1).log,generated_output,utilities,yes
scripts/sqlnet_blockip.sql,scripts/utilities/sqlnet_blockip.sql,script,utilities,yes
scripts/sqlnet_trace_client.txt,docs/platform/rac/sqlnet_trace_client.txt,documentation,platform/rac,yes
scripts/sqlplan_list.sql,scripts/performance/sql_tuning/sqlplan_list.sql,script,performance/sql_tuning,yes
scripts/sqlsession.sql,scripts/diagnostics/sessions_waits/sqlsession.sql,script,diagnostics/sessions_waits,yes
scripts/sqlstats_unshared.sql,scripts/performance/sql_tuning/sqlstats_unshared.sql,script,performance/sql_tuning,yes
scripts/sqlt_10g_11g_12c_18c_19c_5th_June_2020.zip,archive/bundles/sqlt_10g_11g_12c_18c_19c_5th_June_2020.zip,archive_bundle,utilities,yes
scripts/sqltext.sql,scripts/utilities/sqltext.sql,script,utilities,yes
scripts/sqltext_with_newlines.sql,scripts/utilities/sqltext_with_newlines.sql,script,utilities,yes
scripts/srdc_db_ora4031sp.sql,scripts/utilities/srdc_db_ora4031sp.sql,script,utilities,yes
scripts/srv.add.instance.sql,scripts/utilities/srv.add.instance.sql,script,utilities,yes
scripts/srvctl.services..move.sh,scripts/utilities/srvctl.services..move.sh,script,utilities,yes
scripts/srvctl.services.sh,scripts/utilities/srvctl.services.sh,script,utilities,yes
scripts/standby_clear_logfiles.sql,scripts/backup_recovery/dataguard/standby_clear_logfiles.sql,script,backup_recovery/dataguard,yes
scripts/standby_log.sql,scripts/backup_recovery/dataguard/standby_log.sql,script,backup_recovery/dataguard,yes
scripts/standby_missing_datafiles_restore.sql,scripts/backup_recovery/dataguard/standby_missing_datafiles_restore.sql,script,backup_recovery/dataguard,yes
scripts/stat_parse.sql,scripts/utilities/stat_parse.sql,script,utilities,yes
scripts/stat_parse.txt,docs/utilities/stat_parse.txt,documentation,utilities,yes
scripts/statistics_level.sql,scripts/utilities/statistics_level.sql,script,utilities,yes
scripts/statname.sql,scripts/utilities/statname.sql,script,utilities,yes
scripts/stats_autotask_check.sql,scripts/performance/sql_tuning/stats_autotask_check.sql,script,performance/sql_tuning,yes
scripts/stats_dbas_package.sql,scripts/performance/sql_tuning/stats_dbas_package.sql,script,performance/sql_tuning,yes
scripts/stats_io.sql,scripts/performance/sql_tuning/stats_io.sql,script,performance/sql_tuning,yes
scripts/stats_io_csv.sql,scripts/performance/sql_tuning/stats_io_csv.sql,script,performance/sql_tuning,yes
scripts/stats_io_fs_mes.sql,scripts/performance/sql_tuning/stats_io_fs_mes.sql,script,performance/sql_tuning,yes
scripts/stats_io_fs_sem.sql,scripts/performance/sql_tuning/stats_io_fs_sem.sql,script,performance/sql_tuning,yes
scripts/stats_obj_hist.sql,scripts/performance/sql_tuning/stats_obj_hist.sql,script,performance/sql_tuning,yes
scripts/stats_rpt.sql,scripts/performance/sql_tuning/stats_rpt.sql,script,performance/sql_tuning,yes
scripts/stats_rpt_schema.sql,scripts/performance/sql_tuning/stats_rpt_schema.sql,script,performance/sql_tuning,yes
scripts/stats_schema_exec.sql,scripts/performance/sql_tuning/stats_schema_exec.sql,script,performance/sql_tuning,yes
scripts/stats_schema_stale.sql,scripts/performance/sql_tuning/stats_schema_stale.sql,script,performance/sql_tuning,yes
scripts/stats_schema_stale_exec.sql,scripts/performance/sql_tuning/stats_schema_stale_exec.sql,script,performance/sql_tuning,yes
scripts/stats_table_exec.sql,scripts/performance/sql_tuning/stats_table_exec.sql,script,performance/sql_tuning,yes
scripts/streams_capture.sql,scripts/utilities/streams_capture.sql,script,utilities,yes
scripts/streams_dba_apply.sql,scripts/utilities/streams_dba_apply.sql,script,utilities,yes
scripts/streams_hc_10GR2.sql,scripts/utilities/streams_hc_10GR2.sql,script,utilities,yes
scripts/streams_hc_11_2_0_3.sql,scripts/utilities/streams_hc_11_2_0_3.sql,script,utilities,yes
scripts/streams_register_logfile.sql,scripts/utilities/streams_register_logfile.sql,script,utilities,yes
scripts/streams_schema_script.sql,scripts/utilities/streams_schema_script.sql,script,utilities,yes
scripts/streams_table_script.sql,scripts/utilities/streams_table_script.sql,script,utilities,yes
scripts/stress_test.sql,scripts/utilities/stress_test.sql,script,utilities,yes
scripts/subsrt.sql,scripts/utilities/subsrt.sql,script,utilities,yes
scripts/supplemental_logging_check.sql,scripts/utilities/supplemental_logging_check.sql,script,utilities,yes
scripts/switchRedoLogs_FS_aASM.prc.txt,docs/storage/switchRedoLogs_FS_aASM.prc.txt,documentation,storage,yes
scripts/syn.sql,scripts/utilities/syn.sql,script,utilities,yes
scripts/sys_fields_59.sql,scripts/utilities/sys_fields_59.sql,script,utilities,yes
scripts/sys_time_model.sql,scripts/utilities/sys_time_model.sql,script,utilities,yes
scripts/sysaux_occupants.sql,scripts/utilities/sysaux_occupants.sql,script,utilities,yes
scripts/sysmetric_history.sql,scripts/utilities/sysmetric_history.sql,script,utilities,yes
scripts/sysmetric_history_db_wait_time_ratio.sql,scripts/diagnostics/sessions_waits/sysmetric_history_db_wait_time_ratio.sql,script,diagnostics/sessions_waits,yes
scripts/sysmetric_history_sql_response_time.sql,scripts/utilities/sysmetric_history_sql_response_time.sql,script,utilities,yes
scripts/sysmetric_summary.sql,scripts/utilities/sysmetric_summary.sql,script,utilities,yes
scripts/sysmetric_views_notes.txt,docs/utilities/sysmetric_views_notes.txt,documentation,utilities,yes
scripts/sysprivs.sql,scripts/security/sysprivs.sql,script,security,yes
scripts/sysstat_parallel.sql,scripts/utilities/sysstat_parallel.sql,script,utilities,yes
scripts/system_event_io_latency.sql,scripts/utilities/system_event_io_latency.sql,script,utilities,yes
scripts/system_fix_control.sql,scripts/utilities/system_fix_control.sql,script,utilities,yes
scripts/system_privilege_map.sql,scripts/security/system_privilege_map.sql,script,security,yes
scripts/system_statistics.sql,scripts/utilities/system_statistics.sql,script,utilities,yes
scripts/tabla_stats.sql,scripts/performance/sql_tuning/tabla_stats.sql,script,performance/sql_tuning,yes
scripts/tablas_segmentos_menos10%libre.sql,scripts/utilities/tablas_segmentos_menos10%libre.sql,script,utilities,yes
scripts/tablas_segmentos_menos10_libre(1).sql,scripts/utilities/tablas_segmentos_menos10_libre(1).sql,script,utilities,yes
scripts/tablas_segmentos_menos10_libre.sql,scripts/utilities/tablas_segmentos_menos10_libre.sql,script,utilities,yes
scripts/table.sql,scripts/utilities/table.sql,script,utilities,yes
scripts/table2.sql,scripts/utilities/table2.sql,script,utilities,yes
scripts/table_conf.sql,scripts/utilities/table_conf.sql,script,utilities,yes
scripts/table_fetch_continued_row.sql,scripts/utilities/table_fetch_continued_row.sql,script,utilities,yes
scripts/tables.sql,scripts/utilities/tables.sql,script,utilities,yes
scripts/tables_to_partition.sql,scripts/utilities/tables_to_partition.sql,script,utilities,yes
scripts/tables_with_lob_columns.sql,scripts/utilities/tables_with_lob_columns.sql,script,utilities,yes
scripts/tablespace_growth.sql,scripts/storage/tablespace_growth.sql,script,storage,yes
scripts/tabprivs.sql,scripts/security/tabprivs.sql,script,security,yes
scripts/taln.sql,scripts/third_party/utilities/taln.sql,script,utilities,yes
scripts/tam_indices.sql,scripts/utilities/tam_indices.sql,script,utilities,yes
scripts/tamaño_objetos.sql,scripts/utilities/tamaño_objetos.sql,script,utilities,yes
scripts/task_backup.json,config/task_backup.json,config,utilities,yes
scripts/tbs (1).sql,scripts/storage/tbs (1).sql,script,storage,yes
scripts/tbs (2).sql,scripts/storage/tbs (2).sql,script,storage,yes
scripts/tbs.sql,scripts/storage/tbs.sql,script,storage,yes
scripts/tbs2.sql,scripts/storage/tbs2.sql,script,storage,yes
scripts/tbs3.sql,scripts/storage/tbs3.sql,script,storage,yes
scripts/tbs_df.sql,scripts/storage/tbs_df.sql,script,storage,yes
scripts/tbs_espacioaAsignar.sql,scripts/storage/tbs_espacioaAsignar.sql,script,storage,yes
scripts/tbs_temp (1).sql,scripts/storage/tbs_temp (1).sql,script,storage,yes
scripts/tbs_temp.sql,scripts/storage/tbs_temp.sql,script,storage,yes
scripts/tbs_temp_state.sql,scripts/storage/tbs_temp_state.sql,script,storage,yes
scripts/tbs_x.sql,scripts/storage/tbs_x.sql,script,storage,yes
scripts/tbspaces_add_space_ae_pl.sql,scripts/storage/tbspaces_add_space_ae_pl.sql,script,storage,yes
scripts/tbsx (2).sql,scripts/storage/tbsx (2).sql,script,storage,yes
scripts/tbsx.sql,scripts/storage/tbsx.sql,script,storage,yes
scripts/temp_x_user.sql,scripts/security/temp_x_user.sql,script,security,yes
scripts/tempfile.sql,scripts/utilities/tempfile.sql,script,utilities,yes
scripts/test_db_link_exec.sql,scripts/utilities/test_db_link_exec.sql,script,utilities,yes
scripts/test_db_link_perf.sql,scripts/utilities/test_db_link_perf.sql,script,utilities,yes
scripts/test_db_link_source_create.sql,scripts/utilities/test_db_link_source_create.sql,script,utilities,yes
scripts/test_db_link_source_drop.sql,scripts/utilities/test_db_link_source_drop.sql,script,utilities,yes
scripts/test_db_link_target_create.sql,scripts/utilities/test_db_link_target_create.sql,script,utilities,yes
scripts/test_db_link_target_drop.sql,scripts/utilities/test_db_link_target_drop.sql,script,utilities,yes
scripts/test_insensitive.sql,scripts/utilities/test_insensitive.sql,script,utilities,yes
scripts/test_io_insert_ret_rowid.sql,scripts/utilities/test_io_insert_ret_rowid.sql,script,utilities,yes
scripts/test_io_oper.sql,scripts/utilities/test_io_oper.sql,script,utilities,yes
scripts/test_io_oper_rowid.sql,scripts/utilities/test_io_oper_rowid.sql,script,utilities,yes
scripts/tfa_collect.sql,scripts/utilities/tfa_collect.sql,script,utilities,yes
scripts/tiempos_Data_protector.txt,docs/utilities/tiempos_Data_protector.txt,documentation,utilities,yes
scripts/timestamp_to_scn.sql,scripts/utilities/timestamp_to_scn.sql,script,utilities,yes
scripts/timezone_columns_size.sql,scripts/utilities/timezone_columns_size.sql,script,utilities,yes
scripts/timezone_file_version_dst_check_objects.sql,scripts/utilities/timezone_file_version_dst_check_objects.sql,script,utilities,yes
scripts/tkprof_ejemplo.txt,docs/utilities/tkprof_ejemplo.txt,documentation,utilities,yes
scripts/tnsnames.ora,config/tnsnames.ora,config,utilities,yes
scripts/top10proc.sql,scripts/utilities/top10proc.sql,script,utilities,yes
scripts/top10table.sql,scripts/utilities/top10table.sql,script,utilities,yes
scripts/top_CPU.sql,scripts/utilities/top_CPU.sql,script,utilities,yes
scripts/top_activity.sql,scripts/utilities/top_activity.sql,script,utilities,yes
scripts/top_activity_io.sql,scripts/utilities/top_activity_io.sql,script,utilities,yes
scripts/top_activity_wait.sql,scripts/diagnostics/sessions_waits/top_activity_wait.sql,script,diagnostics/sessions_waits,yes
scripts/top_activity_wait_h.sql,scripts/diagnostics/sessions_waits/top_activity_wait_h.sql,script,diagnostics/sessions_waits,yes
scripts/top_activity_wait_h_hour.sql,scripts/diagnostics/sessions_waits/top_activity_wait_h_hour.sql,script,diagnostics/sessions_waits,yes
scripts/top_activity_wait_hour.sql,scripts/diagnostics/sessions_waits/top_activity_wait_hour.sql,script,diagnostics/sessions_waits,yes
scripts/top_activity_wait_js.sql,scripts/diagnostics/sessions_waits/top_activity_wait_js.sql,script,diagnostics/sessions_waits,yes
scripts/top_activity_wait_secs.sql,scripts/diagnostics/sessions_waits/top_activity_wait_secs.sql,script,diagnostics/sessions_waits,yes
scripts/top_sessions (1).sql,scripts/diagnostics/sessions_waits/top_sessions (1).sql,script,diagnostics/sessions_waits,yes
scripts/top_sessions.sql,scripts/diagnostics/sessions_waits/top_sessions.sql,script,diagnostics/sessions_waits,yes
scripts/top_sessions_n.sql,scripts/diagnostics/sessions_waits/top_sessions_n.sql,script,diagnostics/sessions_waits,yes
scripts/top_sql_byelaptime.sql,scripts/utilities/top_sql_byelaptime.sql,script,utilities,yes
scripts/top_ten.sql,scripts/utilities/top_ten.sql,script,utilities,yes
scripts/trace.doc,docs/platform/rac/trace.doc,documentation,platform/rac,yes
scripts/trace_de_session.sql,scripts/diagnostics/sessions_waits/trace_de_session.sql,script,diagnostics/sessions_waits,yes
scripts/trace_event_performance_10046.txt,docs/backup_recovery/rman/trace_event_performance_10046.txt,documentation,backup_recovery/rman,yes
scripts/trace_onlogon_trigger.sql,scripts/platform/rac/trace_onlogon_trigger.sql,script,platform/rac,yes
scripts/trace_specific_error.sql,scripts/platform/rac/trace_specific_error.sql,script,platform/rac,yes
scripts/trace_usuarios.sql,scripts/platform/rac/trace_usuarios.sql,script,platform/rac,yes
scripts/transaction.sql,scripts/utilities/transaction.sql,script,utilities,yes
scripts/trend_awr_stat.LST,generated/trend_awr_stat.LST,generated_output,utilities,yes
scripts/trend_awr_stat.sql,scripts/utilities/trend_awr_stat.sql,script,utilities,yes
scripts/trends.out,generated/trends.out,generated_output,utilities,yes
scripts/trends_0901.out,generated/trends_0901.out,generated_output,utilities,yes
scripts/trg_database_logon.sql,scripts/utilities/trg_database_logon.sql,script,utilities,yes
scripts/trg_database_logon_2.sql,scripts/utilities/trg_database_logon_2.sql,script,utilities,yes
scripts/trg_database_logon_par.sql,scripts/utilities/trg_database_logon_par.sql,script,utilities,yes
scripts/trg_database_logon_schema.sql,scripts/utilities/trg_database_logon_schema.sql,script,utilities,yes
scripts/trigger_database_x_ip_trace.sql,scripts/platform/rac/trigger_database_x_ip_trace.sql,script,platform/rac,yes
scripts/trigger_logon_error.sql,scripts/utilities/trigger_logon_error.sql,script,utilities,yes
scripts/trigger_onschema.sql,scripts/utilities/trigger_onschema.sql,script,utilities,yes
scripts/triggers_database.sql,docs/utilities/triggers_database.sql,documentation,utilities,yes
scripts/triggers_fixed_owner.sql,scripts/utilities/triggers_fixed_owner.sql,script,utilities,yes
scripts/truncate_audit_execution_tables_10_1.sql,scripts/security/truncate_audit_execution_tables_10_1.sql,script,security,yes
scripts/truncate_audit_execution_tables_10_2.sql,scripts/security/truncate_audit_execution_tables_10_2.sql,script,security,yes
scripts/ttab.sql,scripts/utilities/ttab.sql,script,utilities,yes
scripts/tun.sql,scripts/third_party/utilities/tun.sql,script,utilities,yes
scripts/tune_set_awr.sql,scripts/performance/sql_tuning/tune_set_awr.sql,script,performance/sql_tuning,yes
scripts/tune_set_awr_cron.sql,scripts/performance/sql_tuning/tune_set_awr_cron.sql,script,performance/sql_tuning,yes
scripts/tune_set_capture.sql,scripts/performance/sql_tuning/tune_set_capture.sql,script,performance/sql_tuning,yes
scripts/tune_set_create.sql,scripts/performance/sql_tuning/tune_set_create.sql,script,performance/sql_tuning,yes
scripts/tune_set_delete.sql,scripts/performance/sql_tuning/tune_set_delete.sql,script,performance/sql_tuning,yes
scripts/tune_set_load.sql,scripts/performance/sql_tuning/tune_set_load.sql,script,performance/sql_tuning,yes
scripts/tune_set_load_cron.sql,scripts/performance/sql_tuning/tune_set_load_cron.sql,script,performance/sql_tuning,yes
scripts/tune_set_select.sql,scripts/performance/sql_tuning/tune_set_select.sql,script,performance/sql_tuning,yes
scripts/tune_task_create.sql,scripts/performance/sql_tuning/tune_task_create.sql,script,performance/sql_tuning,yes
scripts/tune_task_create_awr.sql,scripts/performance/sql_tuning/tune_task_create_awr.sql,script,performance/sql_tuning,yes
scripts/tune_task_create_sqlset.sql,scripts/performance/sql_tuning/tune_task_create_sqlset.sql,script,performance/sql_tuning,yes
scripts/tune_task_exec.sql,scripts/performance/sql_tuning/tune_task_exec.sql,script,performance/sql_tuning,yes
scripts/tune_task_report.sql,scripts/performance/sql_tuning/tune_task_report.sql,script,performance/sql_tuning,yes
scripts/tune_task_reset.sql,scripts/performance/sql_tuning/tune_task_reset.sql,script,performance/sql_tuning,yes
scripts/tuning7-92.sql,scripts/utilities/tuning7-92.sql,script,utilities,yes
scripts/tuning_stats.sql,scripts/performance/sql_tuning/tuning_stats.sql,script,performance/sql_tuning,yes
scripts/undo (2).sql,scripts/utilities/undo (2).sql,script,utilities,yes
scripts/undo.sql,scripts/third_party/utilities/undo.sql,script,utilities,yes
scripts/undo9i.sql,scripts/utilities/undo9i.sql,script,utilities,yes
scripts/undo_sessions.sql,scripts/diagnostics/sessions_waits/undo_sessions.sql,script,diagnostics/sessions_waits,yes
scripts/undo_xuser.sql,scripts/security/undo_xuser.sql,script,security,yes
scripts/unified_audit_policies_examples.sql,scripts/security/unified_audit_policies_examples.sql,script,security,yes
scripts/unified_audit_trail.sql,scripts/security/unified_audit_trail.sql,script,security,yes
scripts/unindex.sql,scripts/utilities/unindex.sql,script,utilities,yes
scripts/unix (2).sql,scripts/utilities/unix (2).sql,script,utilities,yes
scripts/unix.sql,scripts/utilities/unix.sql,script,utilities,yes
scripts/unstable_plans.sql,scripts/performance/sql_tuning/unstable_plans.sql,script,performance/sql_tuning,yes
scripts/unzip_multipart.txt,docs/utilities/unzip_multipart.txt,documentation,utilities,yes
scripts/update_massive_asselect.sql,scripts/utilities/update_massive_asselect.sql,script,utilities,yes
scripts/update_sequence.sql,scripts/utilities/update_sequence.sql,script,utilities,yes
scripts/updates_masivos.sql,scripts/utilities/updates_masivos.sql,script,utilities,yes
scripts/uptime.sql,scripts/utilities/uptime.sql,script,utilities,yes
scripts/user$.sql,scripts/security/user$.sql,script,security,yes
scripts/user.sql,scripts/security/user.sql,script,security,yes
scripts/user_clone.sql,scripts/security/user_clone.sql,script,security,yes
scripts/user_conf.sql,scripts/security/user_conf.sql,script,security,yes
scripts/user_deps_obj.sql,scripts/security/user_deps_obj.sql,script,security,yes
scripts/user_deps_obj_x.sql,scripts/security/user_deps_obj_x.sql,script,security,yes
scripts/user_obj_grants.sql,scripts/security/user_obj_grants.sql,script,security,yes
scripts/user_recrea.sql,scripts/security/user_recrea.sql,script,security,yes
scripts/user_segments.sql,scripts/security/user_segments.sql,script,security,yes
scripts/user_sql_trace.sql,scripts/security/user_sql_trace.sql,script,security,yes
scripts/uso_memoria.sql,scripts/utilities/uso_memoria.sql,script,utilities,yes
scripts/uso_temp_session.sql,scripts/diagnostics/sessions_waits/uso_temp_session.sql,script,diagnostics/sessions_waits,yes
scripts/usotemp.sql,scripts/utilities/usotemp.sql,script,utilities,yes
scripts/utl_file_write_example.sql,scripts/utilities/utl_file_write_example.sql,script,utilities,yes
scripts/utl_recomp.sql,scripts/utilities/utl_recomp.sql,script,utilities,yes
scripts/utlsampl_10g.sql,scripts/utilities/utlsampl_10g.sql,script,utilities,yes
scripts/v$rman_backup_job_details (1).sql,scripts/backup_recovery/rman/v$rman_backup_job_details (1).sql,script,backup_recovery/rman,yes
scripts/v$sess_time_model (1).sql,scripts/diagnostics/sessions_waits/v$sess_time_model (1).sql,script,diagnostics/sessions_waits,yes
scripts/v$sess_time_model_cpu (1).sql,scripts/diagnostics/sessions_waits/v$sess_time_model_cpu (1).sql,script,diagnostics/sessions_waits,yes
scripts/v$sess_time_model_io (1).sql,scripts/diagnostics/sessions_waits/v$sess_time_model_io (1).sql,script,diagnostics/sessions_waits,yes
scripts/v$session_wait (1).sql,scripts/diagnostics/sessions_waits/v$session_wait (1).sql,script,diagnostics/sessions_waits,yes
scripts/v$sys_time_model (1).sql,scripts/utilities/v$sys_time_model (1).sql,script,utilities,yes
scripts/v_es_grupo_equiv_gardw.log,generated/v_es_grupo_equiv_gardw.log,generated_output,utilities,yes
scripts/v_unusable_indexes.sql,scripts/utilities/v_unusable_indexes.sql,script,utilities,yes
scripts/verLockeo.sql,scripts/utilities/verLockeo.sql,script,utilities,yes
scripts/verify_passwd.sql,scripts/utilities/verify_passwd.sql,script,utilities,yes
scripts/version.sql,scripts/utilities/version.sql,script,utilities,yes
scripts/version_rpt3_12.sql,scripts/utilities/version_rpt3_12.sql,script,utilities,yes
scripts/vi_commands.txt,docs/utilities/vi_commands.txt,documentation,utilities,yes
scripts/view_bind_variables.sql,scripts/utilities/view_bind_variables.sql,script,utilities,yes
scripts/wait_events.sql,scripts/diagnostics/sessions_waits/wait_events.sql,script,diagnostics/sessions_waits,yes
scripts/wait_events_1.sql,scripts/diagnostics/sessions_waits/wait_events_1.sql,script,diagnostics/sessions_waits,yes
scripts/wait_sessions.sql,scripts/diagnostics/sessions_waits/wait_sessions.sql,script,diagnostics/sessions_waits,yes
scripts/wait_time_detail_10g.sql,scripts/diagnostics/sessions_waits/wait_time_detail_10g.sql,script,diagnostics/sessions_waits,yes
scripts/waits.sql,scripts/third_party/diagnostics_sessions_waits/waits.sql,script,diagnostics/sessions_waits,yes
scripts/waits1.sql,scripts/third_party/diagnostics_sessions_waits/waits1.sql,script,diagnostics/sessions_waits,yes
scripts/wget - example.sh,scripts/utilities/wget - example.sh,script,utilities,yes
scripts/wget.sh,scripts/utilities/wget.sh,script,utilities,yes
scripts/work_areas_stats.sql,scripts/performance/sql_tuning/work_areas_stats.sql,script,performance/sql_tuning,yes
scripts/workbooks.sql,scripts/utilities/workbooks.sql,script,utilities,yes
scripts/xml_extract_example.sql,scripts/platform/rac/xml_extract_example.sql,script,platform/rac,yes
shell_scripts/acs_exp_oci/cfg/oracle.acs.oci.expdp.cfg,config/shell/acs_exp_oci/cfg/oracle.acs.oci.expdp.cfg,config,cloud/oci,yes
shell_scripts/acs_exp_oci/par/dev/exp.par,config/shell/acs_exp_oci/par/dev/exp.par,config,cloud/oci,yes
shell_scripts/acs_exp_oci/par/exp_full.par,config/shell/acs_exp_oci/par/exp_full.par,config,cloud/oci,yes
shell_scripts/acs_exp_oci/par/exp_full_metadata.par,config/shell/acs_exp_oci/par/exp_full_metadata.par,config,cloud/oci,yes
shell_scripts/acs_exp_oci/par/exp_schema_metadata.par,config/shell/acs_exp_oci/par/exp_schema_metadata.par,config,cloud/oci,yes
shell_scripts/acs_exp_oci/par/exp_tables.par,config/shell/acs_exp_oci/par/exp_tables.par,config,cloud/oci,yes
shell_scripts/acs_exp_oci/par/prod/exp.par,config/shell/acs_exp_oci/par/prod/exp.par,config,cloud/oci,yes
shell_scripts/acs_exp_oci/par/qa/exp.par,config/shell/acs_exp_oci/par/qa/exp.par,config,cloud/oci,yes
shell_scripts/acs_exp_oci/readme.txt,docs/cloud/oci/shell/acs_exp_oci/readme.txt,documentation,cloud/oci,yes
shell_scripts/acs_exp_oci/sh/oracle.acs.oci.expdp.ksh,scripts/cloud/oci/shell/acs_exp_oci/sh/oracle.acs.oci.expdp.ksh,script,cloud/oci,yes
shell_scripts/deploy_management/oracle.db.deploy.cfg,config/shell/deploy_management/oracle.db.deploy.cfg,config,platform/rac,yes
shell_scripts/deploy_management/oracle.db.deploy.sh,scripts/platform/rac/shell/deploy_management/oracle.db.deploy.sh,script,platform/rac,yes
shell_scripts/gen_embeddings.py,scripts/utilities/shell/gen_embeddings.py,script,utilities,yes
shell_scripts/grep_alert.sh,scripts/utilities/shell/grep_alert.sh,script,utilities,yes
shell_scripts/python_connect.sh,scripts/utilities/shell/python_connect.sh,script,utilities,yes
shell_scripts/sqlplus_connection_strings.sh,scripts/utilities/shell/sqlplus_connection_strings.sh,script,utilities,yes
shell_scripts/sqlplus_loop_linux.sh,scripts/utilities/shell/sqlplus_loop_linux.sh,script,utilities,yes
shell_scripts/ssl_commands.txt,docs/utilities/shell/ssl_commands.txt,documentation,utilities,yes
shell_scripts/test_oracledb.py,scripts/platform/rac/shell/test_oracledb.py,script,platform/rac,yes
